<?xml version="1.0" encoding="UTF-8"?>
<class-scheme publication-date="2023-08-01" scheme-type="cpc" publication-type="official">
<classification-item breakdown-code="false" not-allocatable="true" level="5" additional-only="false" sort-key="B62C" definition-exists="true" date-revised="2018-08-01" status="published"><classification-symbol>B62C</classification-symbol><class-title date-revised="2013-01-01"><title-part><text>VEHICLES DRAWN BY ANIMALS</text></title-part></class-title><notes-and-warnings date-revised="2013-01-01"><note type="note"><note-paragraph>This subclass <u>covers</u> only vehicles or parts thereof in so far as the relevant features are essential for animal-drawn vehicles.</note-paragraph><note-paragraph>This subclass <u>does not cover</u> animal-drawn vehicles which have not the features mentioned in Note (1) above. They are regarded as trailers which are covered by class  <class-ref scheme="cpc">B60</class-ref> or subclass <class-ref scheme="cpc">B62D</class-ref>, or as sledges which are covered by subclass <class-ref scheme="cpc">B62B</class-ref>.</note-paragraph></note><note type="warning"><note-paragraph>In this subclass non-limiting references (in the sense of paragraph 39 of the Guide to the IPC) may still be displayed in the scheme.</note-paragraph></note></notes-and-warnings>
<classification-item breakdown-code="false" not-allocatable="true" level="6" additional-only="false" sort-key="B62C1/00" date-revised="2013-01-01" status="published"><classification-symbol>B62C1/00</classification-symbol>
<classification-item breakdown-code="false" not-allocatable="false" level="7" additional-only="false" sort-key="B62C1/00" definition-exists="true" ipc-concordant="B62C1/00" c-set-base-allowed="false" c-set-subsequent-allowed="true" date-revised="2013-01-01" status="published"><classification-symbol>B62C1/00</classification-symbol><class-title date-revised="2013-01-01"><title-part><text>Types of vehicles</text></title-part></class-title>
<classification-item breakdown-code="false" not-allocatable="false" level="8" additional-only="false" sort-key="B62C1/02" definition-exists="false" ipc-concordant="B62C1/02" c-set-base-allowed="false" c-set-subsequent-allowed="true" date-revised="2013-01-01" status="published"><classification-symbol>B62C1/02</classification-symbol><class-title date-revised="2013-01-01"><title-part><text>Passenger vehicles</text></title-part></class-title></classification-item>
<classification-item breakdown-code="false" not-allocatable="false" level="8" additional-only="false" sort-key="B62C1/04" definition-exists="false" ipc-concordant="B62C1/04" c-set-base-allowed="false" c-set-subsequent-allowed="true" date-revised="2013-01-01" status="published"><classification-symbol>B62C1/04</classification-symbol><class-title date-revised="2013-01-01"><title-part><text>Load-carrying vehicles</text></title-part></class-title>
<classification-item breakdown-code="false" not-allocatable="false" level="9" additional-only="false" sort-key="B62C1/06" definition-exists="false" ipc-concordant="B62C1/06" c-set-base-allowed="false" c-set-subsequent-allowed="true" date-revised="2013-01-01" status="published"><classification-symbol>B62C1/06</classification-symbol><class-title date-revised="2013-01-01"><title-part><text>convertible, e.g. with extensible parts, with changeable wheel track</text></title-part></class-title></classification-item></classification-item>
<classification-item breakdown-code="false" not-allocatable="false" level="8" additional-only="false" sort-key="B62C1/08" definition-exists="false" ipc-concordant="B62C1/08" c-set-base-allowed="false" c-set-subsequent-allowed="true" date-revised="2013-01-01" status="published"><classification-symbol>B62C1/08</classification-symbol><class-title date-revised="2013-01-01"><title-part><text>Racing vehicles, e.g. sulkies</text></title-part></class-title></classification-item></classification-item>
<classification-item breakdown-code="false" not-allocatable="false" level="7" additional-only="false" sort-key="B62C3/00" definition-exists="true" ipc-concordant="B62C3/00" c-set-base-allowed="false" c-set-subsequent-allowed="true" date-revised="2013-01-01" status="published"><classification-symbol>B62C3/00</classification-symbol><class-title date-revised="2013-01-01"><title-part><text>Undercarriages or running gear of vehicles</text></title-part><title-part><text>Axle supports </text><reference><text>undercarriages for supporting agricultural tools or apparatus <class-ref scheme="cpc">A01B35/30</class-ref>, <class-ref scheme="cpc">A01B39/24</class-ref>; <class-ref scheme="cpc">A01B51/00</class-ref></text></reference></title-part></class-title>
<classification-item breakdown-code="false" not-allocatable="false" level="8" additional-only="false" sort-key="B62C3/02" definition-exists="false" ipc-concordant="B62C3/02" c-set-base-allowed="false" c-set-subsequent-allowed="true" date-revised="2013-01-01" status="published"><classification-symbol>B62C3/02</classification-symbol><class-title date-revised="2013-01-01"><title-part><text>Front wheel carriers</text></title-part><title-part><text>Bogies</text></title-part><title-part><text>Steering mechanisms for bogies</text></title-part></class-title></classification-item></classification-item>
<classification-item breakdown-code="false" not-allocatable="false" level="7" additional-only="false" sort-key="B62C5/00" definition-exists="true" ipc-concordant="B62C5/00" c-set-base-allowed="false" c-set-subsequent-allowed="true" date-revised="2013-01-01" status="published"><classification-symbol>B62C5/00</classification-symbol><class-title date-revised="2013-01-01"><title-part><text>Draught assemblies </text><reference><text>traction harness <class-ref scheme="cpc">B68B3/00</class-ref></text></reference></title-part></class-title>
<classification-item breakdown-code="false" not-allocatable="false" level="8" additional-only="false" sort-key="B62C5/005" definition-exists="false" ipc-concordant="B62C5/00" c-set-base-allowed="false" c-set-subsequent-allowed="true" date-revised="2013-01-01" status="published"><classification-symbol>B62C5/005</classification-symbol><class-title date-revised="2013-01-01"><title-part><CPC-specific-text><text>Starting aids</text></CPC-specific-text></title-part></class-title></classification-item>
<classification-item breakdown-code="false" not-allocatable="false" level="8" additional-only="false" sort-key="B62C5/02" definition-exists="false" ipc-concordant="B62C5/02" c-set-base-allowed="false" c-set-subsequent-allowed="true" date-revised="2013-01-01" status="published"><classification-symbol>B62C5/02</classification-symbol><class-title date-revised="2013-01-01"><title-part><text>Shafts, poles, or thills</text></title-part><title-part><text>Mountings thereof, e.g. resilient, adjustable</text></title-part></class-title></classification-item>
<classification-item breakdown-code="false" not-allocatable="false" level="8" additional-only="false" sort-key="B62C5/04" definition-exists="false" ipc-concordant="B62C5/04" c-set-base-allowed="false" c-set-subsequent-allowed="true" date-revised="2013-01-01" status="published"><classification-symbol>B62C5/04</classification-symbol><class-title date-revised="2013-01-01"><title-part><text>Swingletrees</text></title-part><title-part><text>Mountings thereof</text></title-part><title-part><text>Draught equalisers for a span of draught animals</text></title-part><title-part><text>Mountings for traces</text></title-part></class-title></classification-item></classification-item>
<classification-item breakdown-code="false" not-allocatable="false" level="7" additional-only="false" sort-key="B62C7/00" definition-exists="true" ipc-concordant="B62C7/00" c-set-base-allowed="false" c-set-subsequent-allowed="true" date-revised="2013-01-01" status="published"><classification-symbol>B62C7/00</classification-symbol><class-title date-revised="2013-01-01"><title-part><text>Braking mechanisms and brake control devices specially adapted for animal-drawn vehicles </text><reference><text>brakes in general <class-ref scheme="cpc">F16D</class-ref></text></reference></title-part></class-title>
<classification-item breakdown-code="false" not-allocatable="false" level="8" additional-only="false" sort-key="B62C7/02" definition-exists="false" ipc-concordant="B62C7/02" c-set-base-allowed="false" c-set-subsequent-allowed="true" date-revised="2013-01-01" status="published"><classification-symbol>B62C7/02</classification-symbol><class-title date-revised="2013-01-01"><title-part><text>Mechanisms for locking ground-engaging wheels, e.g. engaging spokes</text></title-part></class-title></classification-item>
<classification-item breakdown-code="false" not-allocatable="false" level="8" additional-only="false" sort-key="B62C7/04" definition-exists="false" ipc-concordant="B62C7/04" c-set-base-allowed="false" c-set-subsequent-allowed="true" date-revised="2013-01-01" status="published"><classification-symbol>B62C7/04</classification-symbol><class-title date-revised="2013-01-01"><title-part><text>Automatic brake control devices</text></title-part></class-title></classification-item></classification-item>
<classification-item breakdown-code="false" not-allocatable="false" level="7" additional-only="false" sort-key="B62C9/00" definition-exists="true" ipc-concordant="B62C9/00" c-set-base-allowed="false" c-set-subsequent-allowed="true" date-revised="2013-01-01" status="published"><classification-symbol>B62C9/00</classification-symbol><class-title date-revised="2013-01-01"><title-part><text>Carriers or holders for whips</text></title-part><title-part><text>Holders for reins forming part of or attached to vehicles </text><reference><text>reins or whips <u>per se</u> <class-ref scheme="cpc">B68B</class-ref></text></reference></title-part></class-title></classification-item>
<classification-item breakdown-code="false" not-allocatable="false" level="7" additional-only="false" sort-key="B62C11/00" definition-exists="false" ipc-concordant="B62C11/00" c-set-base-allowed="false" c-set-subsequent-allowed="true" date-revised="2013-01-01" status="published"><classification-symbol>B62C11/00</classification-symbol><class-title date-revised="2013-01-01"><title-part><text>Safeguarding appliances not otherwise provided for, e.g. for readily releasing unmanageable draught animals</text></title-part></class-title>
<classification-item breakdown-code="false" not-allocatable="false" level="8" additional-only="false" sort-key="B62C11/02" definition-exists="false" ipc-concordant="B62C11/02" c-set-base-allowed="false" c-set-subsequent-allowed="true" date-revised="2013-01-01" status="published"><classification-symbol>B62C11/02</classification-symbol><class-title date-revised="2013-01-01"><title-part><text>Providing for disengaging thills</text></title-part></class-title>
<classification-item breakdown-code="false" not-allocatable="false" level="9" additional-only="false" sort-key="B62C11/04" definition-exists="false" ipc-concordant="B62C11/04" c-set-base-allowed="false" c-set-subsequent-allowed="true" date-revised="2013-01-01" status="published"><classification-symbol>B62C11/04</classification-symbol><class-title date-revised="2013-01-01"><title-part><text>combined with automatic braking</text></title-part></class-title></classification-item></classification-item></classification-item>
<classification-item breakdown-code="false" not-allocatable="false" level="7" additional-only="false" sort-key="B62C99/00" definition-exists="false" ipc-concordant="B62C99/00" c-set-base-allowed="false" c-set-subsequent-allowed="true" date-revised="2022-08-01" status="published"><classification-symbol>B62C99/00</classification-symbol><class-title date-revised="2022-08-01"><title-part><text>Subject matter not provided for in other groups of this subclass</text></title-part></class-title></classification-item></classification-item></classification-item></class-scheme>