<?xml version="1.0" encoding="UTF-8"?>
<class-scheme publication-date="2023-08-01" scheme-type="cpc" publication-type="official">
<classification-item breakdown-code="false" not-allocatable="true" level="5" additional-only="false" sort-key="B44C" definition-exists="true" date-revised="2018-08-01" status="published"><classification-symbol>B44C</classification-symbol><class-title date-revised="2017-08-01"><title-part><text>PRODUCING DECORATIVE EFFECTS </text><reference><text>processes for applying liquids or other fluent materials to surfaces, in general <class-ref scheme="cpc">B05D</class-ref>; shaping of plastics or substances in a plastic state <class-ref scheme="cpc">B29C</class-ref>; printing processes to produce transfer pictures <class-ref scheme="cpc">B41M3/12</class-ref>; thermographic duplication or marking methods <class-ref scheme="cpc">B41M5/00</class-ref></text></reference></title-part><title-part><text>MOSAICS</text></title-part><title-part><text>TARSIA WORK </text><reference><text>imitation of mosaic or tarsia work patterns <class-ref scheme="cpc">B44F11/04</class-ref></text></reference></title-part><title-part><text>PAPERHANGING </text><CPC-specific-text><reference><text>labels <class-ref scheme="cpc">G09F</class-ref>; multi-step processes for making paper labels or tags <class-ref scheme="cpc">B31D1/02</class-ref></text></reference></CPC-specific-text></title-part></class-title><notes-and-warnings date-revised="2013-01-01"><note type="note"><note-paragraph>In this subclass, the following expression is used with the meaning indicated: <subnote type="bullet"><note-paragraph>&quot;decorative effects&quot;, when used in connection with the  expressions &quot;transfer picture&quot; or &quot;decalcomanias&quot;,covers  also &quot;information&quot;</note-paragraph></subnote></note-paragraph></note><note type="warning"><note-paragraph>In this subclass non-limiting references (in the sense of paragraph 39 of the Guide to the IPC) may still be displayed in the scheme.</note-paragraph></note></notes-and-warnings>
<classification-item breakdown-code="false" not-allocatable="true" level="6" additional-only="false" sort-key="B44C1/00" date-revised="2013-01-01" status="published"><classification-symbol>B44C1/00</classification-symbol>
<classification-item breakdown-code="false" not-allocatable="false" level="7" additional-only="false" sort-key="B44C1/00" definition-exists="true" ipc-concordant="B44C1/00" c-set-base-allowed="false" c-set-subsequent-allowed="true" date-revised="2017-08-01" status="published"><classification-symbol>B44C1/00</classification-symbol><class-title date-revised="2017-08-01"><title-part><text>Processes, not specifically provided for elsewhere, for producing decorative surface effects </text><reference><text>decorating textiles <class-ref scheme="cpc">D06Q</class-ref></text></reference></title-part></class-title>
<classification-item breakdown-code="false" not-allocatable="false" level="8" additional-only="false" sort-key="B44C1/005" definition-exists="false" ipc-concordant="B44C1/00" c-set-base-allowed="false" c-set-subsequent-allowed="true" date-revised="2013-01-01" status="published"><classification-symbol>B44C1/005</classification-symbol><class-title date-revised="2013-01-01"><title-part><CPC-specific-text><text>by altering locally the surface material </text><reference><text>surface treatment to obtain special artistic surface effects or finishes <class-ref scheme="cpc">B44D5/00</class-ref></text></reference></CPC-specific-text></title-part></class-title></classification-item>
<classification-item breakdown-code="false" not-allocatable="false" level="8" additional-only="false" sort-key="B44C1/02" definition-exists="false" ipc-concordant="B44C1/02" c-set-base-allowed="false" c-set-subsequent-allowed="true" date-revised="2013-01-01" status="published"><classification-symbol>B44C1/02</classification-symbol><class-title date-revised="2013-01-01"><title-part><text>Pyrography</text></title-part></class-title></classification-item>
<classification-item breakdown-code="false" not-allocatable="false" level="8" additional-only="false" sort-key="B44C1/04" definition-exists="false" ipc-concordant="B44C1/04" c-set-base-allowed="false" c-set-subsequent-allowed="true" date-revised="2013-01-01" status="published"><classification-symbol>B44C1/04</classification-symbol><class-title date-revised="2013-01-01"><title-part><text>Producing precipitations </text><reference><text>producing precipitations by electrolysis <class-ref scheme="cpc">C25D</class-ref></text></reference></title-part></class-title></classification-item>
<classification-item breakdown-code="false" not-allocatable="false" level="8" additional-only="false" sort-key="B44C1/10" definition-exists="false" ipc-concordant="B44C1/10" c-set-base-allowed="false" c-set-subsequent-allowed="true" date-revised="2013-01-01" status="published"><classification-symbol>B44C1/10</classification-symbol><class-title date-revised="2013-01-01"><title-part><text>Applying flat materials, e.g. leaflets, pieces of fabrics </text><reference><text>paperhanging <class-ref scheme="cpc">B44C7/00</class-ref></text></reference></title-part></class-title>
<classification-item breakdown-code="false" not-allocatable="false" level="9" additional-only="false" sort-key="B44C1/105" definition-exists="false" ipc-concordant="B44C1/10" c-set-base-allowed="false" c-set-subsequent-allowed="true" date-revised="2018-01-01" status="published"><classification-symbol>B44C1/105</classification-symbol><class-title date-revised="2018-01-01"><title-part><CPC-specific-text><text>comprising an adhesive layer </text><reference><text>decalcomania <class-ref scheme="cpc">B44C1/16</class-ref>; adhesive tapes <class-ref scheme="cpc">C09J7/20</class-ref></text></reference></CPC-specific-text></title-part></class-title></classification-item>
<classification-item breakdown-code="false" not-allocatable="false" level="9" additional-only="false" sort-key="B44C1/14" definition-exists="false" ipc-concordant="B44C1/14" c-set-base-allowed="false" c-set-subsequent-allowed="true" date-revised="2017-08-01" status="published"><classification-symbol>B44C1/14</classification-symbol><class-title date-revised="2017-08-01"><title-part><text>Metallic leaves or foils, e.g. gold leaf</text></title-part></class-title>
<classification-item breakdown-code="false" not-allocatable="false" level="10" additional-only="false" sort-key="B44C1/145" definition-exists="false" ipc-concordant="B44C1/14" c-set-base-allowed="false" c-set-subsequent-allowed="true" date-revised="2013-01-01" status="published"><classification-symbol>B44C1/145</classification-symbol><class-title date-revised="2013-01-01"><title-part><CPC-specific-text><text>Devices for applying metal leaves of foils</text></CPC-specific-text></title-part></class-title></classification-item></classification-item></classification-item>
<classification-item breakdown-code="false" not-allocatable="false" level="8" additional-only="false" sort-key="B44C1/16" definition-exists="false" ipc-concordant="B44C1/16" c-set-base-allowed="false" c-set-subsequent-allowed="true" date-revised="2013-01-01" status="published"><classification-symbol>B44C1/16</classification-symbol><class-title date-revised="2013-01-01"><title-part><text>for applying transfer pictures or the like</text></title-part></class-title>
<classification-item breakdown-code="false" not-allocatable="false" level="9" additional-only="false" sort-key="B44C1/162" definition-exists="false" ipc-concordant="B44C1/16" c-set-base-allowed="false" c-set-subsequent-allowed="true" date-revised="2013-01-01" status="published"><classification-symbol>B44C1/162</classification-symbol><class-title date-revised="2013-01-01"><title-part><CPC-specific-text><text>Decalcomanias with a transfer layer comprising indicia with definite outlines such as letters and with means facilitating the desired fitting to the permanent base</text></CPC-specific-text></title-part></class-title></classification-item>
<classification-item breakdown-code="false" not-allocatable="false" level="9" additional-only="false" sort-key="B44C1/165" definition-exists="false" ipc-concordant="B44C1/165" c-set-base-allowed="false" c-set-subsequent-allowed="true" date-revised="2017-08-01" status="published"><classification-symbol>B44C1/165</classification-symbol><class-title date-revised="2017-08-01"><title-part><text>for decalcomanias</text></title-part><title-part><text>sheet material therefor </text><reference><text>apparatus or machines for applying decalcomanias <class-ref scheme="cpc">B65C</class-ref></text></reference></title-part></class-title>
<classification-item breakdown-code="false" not-allocatable="false" level="10" additional-only="false" sort-key="B44C1/17" definition-exists="false" ipc-concordant="B44C1/17" c-set-base-allowed="false" c-set-subsequent-allowed="true" date-revised="2013-01-01" status="published"><classification-symbol>B44C1/17</classification-symbol><class-title date-revised="2013-01-01"><title-part><text>Dry transfer</text></title-part></class-title>
<classification-item breakdown-code="false" not-allocatable="false" level="11" additional-only="false" sort-key="B44C1/1704" definition-exists="false" ipc-concordant="B44C1/17" c-set-base-allowed="false" c-set-subsequent-allowed="true" date-revised="2013-01-01" status="published"><classification-symbol>B44C1/1704</classification-symbol><class-title date-revised="2013-01-01"><title-part><CPC-specific-text><text>Decalcomanias provided with a particular decorative layer, e.g. specially adapted to allow the formation of a metallic or dyestuff layer on a substrate unsuitable for direct deposition </text><reference><text><class-ref scheme="cpc">B44C1/1716</class-ref>, <class-ref scheme="cpc">B44C1/1737</class-ref> take precedence</text></reference></CPC-specific-text></title-part></class-title></classification-item>
<classification-item breakdown-code="false" not-allocatable="false" level="11" additional-only="false" sort-key="B44C1/1708" definition-exists="false" ipc-concordant="B44C1/17" c-set-base-allowed="false" c-set-subsequent-allowed="true" date-revised="2013-01-01" status="published"><classification-symbol>B44C1/1708</classification-symbol><class-title date-revised="2013-01-01"><title-part><CPC-specific-text><text>Decalcomanias provided with a layer being specially adapted to facilitate their release from a temporary carrier </text><reference><text><class-ref scheme="cpc">B44C1/172</class-ref>, <class-ref scheme="cpc">B44C1/1741</class-ref> take precedence</text></reference></CPC-specific-text></title-part></class-title></classification-item>
<classification-item breakdown-code="false" not-allocatable="false" level="11" additional-only="false" sort-key="B44C1/1712" definition-exists="false" ipc-concordant="B44C1/17" c-set-base-allowed="false" c-set-subsequent-allowed="true" date-revised="2013-01-01" status="published"><classification-symbol>B44C1/1712</classification-symbol><class-title date-revised="2013-01-01"><title-part><CPC-specific-text><text>Decalcomanias applied under heat and pressure, e.g. provided with a heat activable adhesive</text></CPC-specific-text></title-part></class-title>
<classification-item breakdown-code="false" not-allocatable="false" level="12" additional-only="false" sort-key="B44C1/1716" definition-exists="false" ipc-concordant="B44C1/17" c-set-base-allowed="false" c-set-subsequent-allowed="true" date-revised="2013-01-01" status="published"><classification-symbol>B44C1/1716</classification-symbol><class-title date-revised="2013-01-01"><title-part><CPC-specific-text><text>Decalcomanias provided with a particular decorative layer, e.g. specially adapted to allow the formation of a metallic or dyestuff layer on a substrate unsuitable for direct deposition</text></CPC-specific-text></title-part></class-title></classification-item>
<classification-item breakdown-code="false" not-allocatable="false" level="12" additional-only="false" sort-key="B44C1/172" definition-exists="false" ipc-concordant="B44C1/17" c-set-base-allowed="false" c-set-subsequent-allowed="true" date-revised="2013-01-01" status="published"><classification-symbol>B44C1/172</classification-symbol><class-title date-revised="2013-01-01"><title-part><CPC-specific-text><text>Decalcomanias provided with a layer being specially adapted to facilitate their release from a temporary carrier</text></CPC-specific-text></title-part></class-title></classification-item>
<classification-item breakdown-code="false" not-allocatable="false" level="12" additional-only="false" sort-key="B44C1/1725" definition-exists="false" ipc-concordant="B44C1/17" c-set-base-allowed="false" c-set-subsequent-allowed="true" date-revised="2013-01-01" status="published"><classification-symbol>B44C1/1725</classification-symbol><class-title date-revised="2013-01-01"><title-part><CPC-specific-text><text>using an intermediate support</text></CPC-specific-text></title-part></class-title></classification-item>
<classification-item breakdown-code="false" not-allocatable="false" level="12" additional-only="false" sort-key="B44C1/1729" definition-exists="false" ipc-concordant="B44C1/17" c-set-base-allowed="false" c-set-subsequent-allowed="true" date-revised="2013-01-01" status="published"><classification-symbol>B44C1/1729</classification-symbol><class-title date-revised="2013-01-01"><title-part><CPC-specific-text><text>Hot stamping techniques</text></CPC-specific-text></title-part></class-title></classification-item></classification-item>
<classification-item breakdown-code="false" not-allocatable="false" level="11" additional-only="false" sort-key="B44C1/1733" definition-exists="false" ipc-concordant="B44C1/17" c-set-base-allowed="false" c-set-subsequent-allowed="true" date-revised="2013-01-01" status="published"><classification-symbol>B44C1/1733</classification-symbol><class-title date-revised="2013-01-01"><title-part><CPC-specific-text><text>Decalcomanias applied under pressure only, e.g. provided with a pressure sensitive adhesive</text></CPC-specific-text></title-part></class-title>
<classification-item breakdown-code="false" not-allocatable="false" level="12" additional-only="false" sort-key="B44C1/1737" definition-exists="false" ipc-concordant="B44C1/17" c-set-base-allowed="false" c-set-subsequent-allowed="true" date-revised="2013-01-01" status="published"><classification-symbol>B44C1/1737</classification-symbol><class-title date-revised="2013-01-01"><title-part><CPC-specific-text><text>Decalcomanias provided with a particular decorative layer, e.g. specially adapted to allow the formation of a metallic or dyestuff on a substrate unsuitable for direct deposition</text></CPC-specific-text></title-part></class-title></classification-item>
<classification-item breakdown-code="false" not-allocatable="false" level="12" additional-only="false" sort-key="B44C1/1741" definition-exists="false" ipc-concordant="B44C1/17" c-set-base-allowed="false" c-set-subsequent-allowed="true" date-revised="2013-01-01" status="published"><classification-symbol>B44C1/1741</classification-symbol><class-title date-revised="2013-01-01"><title-part><CPC-specific-text><text>Decalcomanias provided with a layer being specially adapted to facilitate their release from a temporary carrier</text></CPC-specific-text></title-part></class-title></classification-item>
<classification-item breakdown-code="false" not-allocatable="false" level="12" additional-only="false" sort-key="B44C1/1745" definition-exists="false" ipc-concordant="B44C1/17" c-set-base-allowed="false" c-set-subsequent-allowed="true" date-revised="2013-01-01" status="published"><classification-symbol>B44C1/1745</classification-symbol><class-title date-revised="2013-01-01"><title-part><CPC-specific-text><text>using an intermediate support</text></CPC-specific-text></title-part></class-title></classification-item></classification-item></classification-item>
<classification-item breakdown-code="false" not-allocatable="false" level="10" additional-only="false" sort-key="B44C1/175" definition-exists="false" ipc-concordant="B44C1/175" c-set-base-allowed="false" c-set-subsequent-allowed="true" date-revised="2013-01-01" status="published"><classification-symbol>B44C1/175</classification-symbol><class-title date-revised="2013-01-01"><title-part><text>Transfer using solvent</text></title-part></class-title>
<classification-item breakdown-code="false" not-allocatable="false" level="11" additional-only="false" sort-key="B44C1/1752" definition-exists="false" ipc-concordant="B44C1/175" c-set-base-allowed="false" c-set-subsequent-allowed="true" date-revised="2013-01-01" status="published"><classification-symbol>B44C1/1752</classification-symbol><class-title date-revised="2013-01-01"><title-part><CPC-specific-text><text>Decalcomanias provided with a particular decorative layer, e.g. being specially adapted to allow the formation of a metallic or dyestuff layer on a substrate unsuitable for direct deposition </text><reference><text><class-ref scheme="cpc">B44C1/1756</class-ref>, <class-ref scheme="cpc">B44C1/1758</class-ref> take precedence</text></reference></CPC-specific-text></title-part></class-title></classification-item>
<classification-item breakdown-code="false" not-allocatable="false" level="11" additional-only="false" sort-key="B44C1/1754" definition-exists="false" ipc-concordant="B44C1/175" c-set-base-allowed="false" c-set-subsequent-allowed="true" date-revised="2013-01-01" status="published"><classification-symbol>B44C1/1754</classification-symbol><class-title date-revised="2013-01-01"><title-part><CPC-specific-text><text>Decalcomanias provided with a layer being specially adapted to facilitate their release from a temporary carrier </text><reference><text><class-ref scheme="cpc">B44C1/1756</class-ref>, <class-ref scheme="cpc">B44C1/1758</class-ref> take precedence</text></reference></CPC-specific-text></title-part></class-title></classification-item>
<classification-item breakdown-code="false" not-allocatable="false" level="11" additional-only="false" sort-key="B44C1/1756" definition-exists="false" ipc-concordant="B44C1/175" c-set-base-allowed="false" c-set-subsequent-allowed="true" date-revised="2013-01-01" status="published"><classification-symbol>B44C1/1756</classification-symbol><class-title date-revised="2013-01-01"><title-part><CPC-specific-text><text>Decalcomanias applied under heat and pressure, e.g. provided with a heat activable adhesive</text></CPC-specific-text></title-part></class-title></classification-item>
<classification-item breakdown-code="false" not-allocatable="false" level="11" additional-only="false" sort-key="B44C1/1758" definition-exists="false" ipc-concordant="B44C1/175" c-set-base-allowed="false" c-set-subsequent-allowed="true" date-revised="2013-01-01" status="published"><classification-symbol>B44C1/1758</classification-symbol><class-title date-revised="2013-01-01"><title-part><CPC-specific-text><text>Decalcomanias applied under pressure only, e.g. provided with a pressure sensitive layer</text></CPC-specific-text></title-part></class-title></classification-item></classification-item></classification-item></classification-item>
<classification-item breakdown-code="false" not-allocatable="false" level="8" additional-only="false" sort-key="B44C1/18" definition-exists="false" ipc-concordant="B44C1/18" c-set-base-allowed="false" c-set-subsequent-allowed="true" date-revised="2013-01-01" status="published"><classification-symbol>B44C1/18</classification-symbol><class-title date-revised="2013-01-01"><title-part><text>Applying ornamental structures, e.g. shaped bodies consisting of plastic material</text></title-part></class-title></classification-item>
<classification-item breakdown-code="false" not-allocatable="false" level="8" additional-only="false" sort-key="B44C1/20" definition-exists="false" ipc-concordant="B44C1/20" c-set-base-allowed="false" c-set-subsequent-allowed="true" date-revised="2013-01-01" status="published"><classification-symbol>B44C1/20</classification-symbol><class-title date-revised="2013-01-01"><title-part><text>Applying plastic materials and superficially modelling the surface of these materials</text></title-part></class-title>
<classification-item breakdown-code="false" not-allocatable="false" level="9" additional-only="false" sort-key="B44C1/205" definition-exists="false" ipc-concordant="B44C1/20" c-set-base-allowed="false" c-set-subsequent-allowed="true" date-revised="2013-01-01" status="published"><classification-symbol>B44C1/205</classification-symbol><class-title date-revised="2013-01-01"><title-part><CPC-specific-text><text>chemical modelling</text></CPC-specific-text></title-part></class-title></classification-item></classification-item>
<classification-item breakdown-code="false" not-allocatable="false" level="8" additional-only="false" sort-key="B44C1/22" definition-exists="false" ipc-concordant="B44C1/22" c-set-base-allowed="false" c-set-subsequent-allowed="true" date-revised="2013-01-01" status="published"><classification-symbol>B44C1/22</classification-symbol><class-title date-revised="2013-01-01"><title-part><text>Removing surface-material, e.g. by engraving, by etching </text><CPC-specific-text><reference><text>for multi-layer articles <class-ref scheme="cpc">B44C3/005</class-ref></text></reference></CPC-specific-text></title-part></class-title>
<classification-item breakdown-code="false" not-allocatable="false" level="9" additional-only="false" sort-key="B44C1/221" definition-exists="false" ipc-concordant="B44C1/22" c-set-base-allowed="false" c-set-subsequent-allowed="true" date-revised="2013-01-01" status="published"><classification-symbol>B44C1/221</classification-symbol><class-title date-revised="2013-01-01"><title-part><CPC-specific-text><text>using streams of abrasive particles</text></CPC-specific-text></title-part></class-title></classification-item>
<classification-item breakdown-code="false" not-allocatable="false" level="9" additional-only="false" sort-key="B44C1/222" definition-exists="false" ipc-concordant="B44C1/22" c-set-base-allowed="false" c-set-subsequent-allowed="true" date-revised="2013-01-01" status="published"><classification-symbol>B44C1/222</classification-symbol><class-title date-revised="2013-01-01"><title-part><CPC-specific-text><text>using machine-driven mechanical means</text></CPC-specific-text></title-part></class-title></classification-item>
<classification-item breakdown-code="false" not-allocatable="false" level="9" additional-only="false" sort-key="B44C1/224" definition-exists="false" ipc-concordant="B44C1/22" c-set-base-allowed="false" c-set-subsequent-allowed="true" date-revised="2013-01-01" status="published"><classification-symbol>B44C1/224</classification-symbol><class-title date-revised="2013-01-01"><title-part><CPC-specific-text><text>manually</text></CPC-specific-text></title-part></class-title></classification-item>
<classification-item breakdown-code="false" not-allocatable="false" level="9" additional-only="false" sort-key="B44C1/225" definition-exists="false" ipc-concordant="B44C1/22" c-set-base-allowed="false" c-set-subsequent-allowed="true" date-revised="2013-01-01" status="published"><classification-symbol>B44C1/225</classification-symbol><class-title date-revised="2013-01-01"><title-part><CPC-specific-text><text>by engraving</text></CPC-specific-text></title-part></class-title></classification-item>
<classification-item breakdown-code="false" not-allocatable="false" level="9" additional-only="false" sort-key="B44C1/227" definition-exists="false" ipc-concordant="B44C1/22" c-set-base-allowed="false" c-set-subsequent-allowed="true" date-revised="2013-01-01" status="published"><classification-symbol>B44C1/227</classification-symbol><class-title date-revised="2013-01-01"><title-part><CPC-specific-text><text>by etching</text></CPC-specific-text></title-part></class-title></classification-item>
<classification-item breakdown-code="false" not-allocatable="false" level="9" additional-only="false" sort-key="B44C1/228" definition-exists="false" ipc-concordant="B44C1/22" c-set-base-allowed="false" c-set-subsequent-allowed="true" date-revised="2013-01-01" status="published"><classification-symbol>B44C1/228</classification-symbol><class-title date-revised="2013-01-01"><title-part><CPC-specific-text><text>by laser radiation</text></CPC-specific-text></title-part></class-title></classification-item></classification-item>
<classification-item breakdown-code="false" not-allocatable="false" level="8" additional-only="false" sort-key="B44C1/24" definition-exists="false" ipc-concordant="B44C1/24" c-set-base-allowed="false" c-set-subsequent-allowed="true" date-revised="2013-01-01" status="published"><classification-symbol>B44C1/24</classification-symbol><class-title date-revised="2013-01-01"><title-part><text>Pressing or stamping ornamental designs on surfaces</text></title-part></class-title></classification-item>
<classification-item breakdown-code="false" not-allocatable="false" level="8" additional-only="false" sort-key="B44C1/26" definition-exists="false" ipc-concordant="B44C1/26" c-set-base-allowed="false" c-set-subsequent-allowed="true" date-revised="2013-01-01" status="published"><classification-symbol>B44C1/26</classification-symbol><class-title date-revised="2013-01-01"><title-part><text>Inlaying with ornamental structures, e.g. niello work, tarsia work</text></title-part></class-title></classification-item>
<classification-item breakdown-code="false" not-allocatable="false" level="8" additional-only="false" sort-key="B44C1/28" definition-exists="false" ipc-concordant="B44C1/28" c-set-base-allowed="false" c-set-subsequent-allowed="true" date-revised="2013-01-01" status="published"><classification-symbol>B44C1/28</classification-symbol><class-title date-revised="2013-01-01"><title-part><text>Uniting ornamental elements on a support, e.g. mosaics </text><CPC-specific-text><reference><text><class-ref scheme="cpc">B44C3/123</class-ref> takes precedence</text></reference></CPC-specific-text></title-part></class-title></classification-item></classification-item>
<classification-item breakdown-code="false" not-allocatable="false" level="7" additional-only="false" sort-key="B44C3/00" definition-exists="true" ipc-concordant="B44C3/00" c-set-base-allowed="false" c-set-subsequent-allowed="true" date-revised="2013-01-01" status="published"><classification-symbol>B44C3/00</classification-symbol><class-title date-revised="2013-01-01"><title-part><text>Processes, not specifically provided for elsewhere, for producing ornamental structures</text></title-part></class-title>
<classification-item breakdown-code="false" not-allocatable="false" level="8" additional-only="false" sort-key="B44C3/005" definition-exists="false" ipc-concordant="B44C3/00" c-set-base-allowed="false" c-set-subsequent-allowed="true" date-revised="2013-01-01" status="published"><classification-symbol>B44C3/005</classification-symbol><class-title date-revised="2013-01-01"><title-part><CPC-specific-text><text>Removing selectively parts of at least the upper layer of a multi-layer article</text></CPC-specific-text></title-part></class-title></classification-item>
<classification-item breakdown-code="false" not-allocatable="false" level="8" additional-only="false" sort-key="B44C3/02" definition-exists="false" ipc-concordant="B44C3/02" c-set-base-allowed="false" c-set-subsequent-allowed="true" date-revised="2013-01-01" status="published"><classification-symbol>B44C3/02</classification-symbol><class-title date-revised="2013-01-01"><title-part><text>Superimposing layers </text><CPC-specific-text><reference><text><class-ref scheme="cpc">B44C3/005</class-ref> takes precedence</text></reference></CPC-specific-text></title-part></class-title>
<classification-item breakdown-code="false" not-allocatable="false" level="9" additional-only="false" sort-key="B44C3/025" definition-exists="false" ipc-concordant="B44C3/02" c-set-base-allowed="false" c-set-subsequent-allowed="true" date-revised="2013-01-01" status="published"><classification-symbol>B44C3/025</classification-symbol><class-title date-revised="2013-01-01"><title-part><CPC-specific-text><text>Superimposing layers to produce ornamental relief structures</text></CPC-specific-text></title-part></class-title></classification-item></classification-item>
<classification-item breakdown-code="false" not-allocatable="false" level="8" additional-only="false" sort-key="B44C3/04" definition-exists="false" ipc-concordant="B44C3/04" c-set-base-allowed="false" c-set-subsequent-allowed="true" date-revised="2013-01-01" status="published"><classification-symbol>B44C3/04</classification-symbol><class-title date-revised="2013-01-01"><title-part><text>Modelling plastic materials, e.g. clay</text></title-part></class-title>
<classification-item breakdown-code="false" not-allocatable="false" level="9" additional-only="false" sort-key="B44C3/042" definition-exists="false" ipc-concordant="B44C3/04" c-set-base-allowed="false" c-set-subsequent-allowed="true" date-revised="2013-01-01" status="published"><classification-symbol>B44C3/042</classification-symbol><class-title date-revised="2013-01-01"><title-part><CPC-specific-text><text>producing a copy from an original structure</text></CPC-specific-text></title-part></class-title></classification-item>
<classification-item breakdown-code="false" not-allocatable="false" level="9" additional-only="false" sort-key="B44C3/044" definition-exists="false" ipc-concordant="B44C3/04" c-set-base-allowed="false" c-set-subsequent-allowed="true" date-revised="2013-01-01" status="published"><classification-symbol>B44C3/044</classification-symbol><class-title date-revised="2013-01-01"><title-part><CPC-specific-text><text>Chemical modelling</text></CPC-specific-text></title-part></class-title></classification-item>
<classification-item breakdown-code="false" not-allocatable="false" level="9" additional-only="false" sort-key="B44C3/046" definition-exists="false" ipc-concordant="B44C3/04" c-set-base-allowed="false" c-set-subsequent-allowed="true" date-revised="2016-08-01" status="published"><classification-symbol>B44C3/046</classification-symbol><class-title date-revised="2016-08-01"><title-part><CPC-specific-text><text>using a modelling surface, e.g. plate</text></CPC-specific-text></title-part></class-title>
<classification-item breakdown-code="false" not-allocatable="false" level="10" additional-only="false" sort-key="B44C3/048" definition-exists="false" ipc-concordant="B44C3/04" c-set-base-allowed="false" c-set-subsequent-allowed="true" date-revised="2013-01-01" status="published"><classification-symbol>B44C3/048</classification-symbol><class-title date-revised="2013-01-01"><title-part><CPC-specific-text><text>applying an additional decorative element, e.g. picture</text></CPC-specific-text></title-part></class-title></classification-item></classification-item></classification-item>
<classification-item breakdown-code="false" not-allocatable="false" level="8" additional-only="false" sort-key="B44C3/06" definition-exists="false" ipc-concordant="B44C3/06" c-set-base-allowed="false" c-set-subsequent-allowed="true" date-revised="2013-01-01" status="published"><classification-symbol>B44C3/06</classification-symbol><class-title date-revised="2013-01-01"><title-part><text>Sculpturing</text></title-part></class-title></classification-item>
<classification-item breakdown-code="false" not-allocatable="false" level="8" additional-only="false" sort-key="B44C3/08" definition-exists="false" ipc-concordant="B44C3/08" c-set-base-allowed="false" c-set-subsequent-allowed="true" date-revised="2013-01-01" status="published"><classification-symbol>B44C3/08</classification-symbol><class-title date-revised="2013-01-01"><title-part><text>Stamping or bending</text></title-part></class-title>
<classification-item breakdown-code="false" not-allocatable="false" level="9" additional-only="false" sort-key="B44C3/082" definition-exists="false" ipc-concordant="B44C3/08" c-set-base-allowed="false" c-set-subsequent-allowed="true" date-revised="2013-01-01" status="published"><classification-symbol>B44C3/082</classification-symbol><class-title date-revised="2013-01-01"><title-part><CPC-specific-text><text>comprising a cutting out operation</text></CPC-specific-text></title-part></class-title></classification-item>
<classification-item breakdown-code="false" not-allocatable="false" level="9" additional-only="false" sort-key="B44C3/085" definition-exists="false" ipc-concordant="B44C3/08" c-set-base-allowed="false" c-set-subsequent-allowed="true" date-revised="2013-01-01" status="published"><classification-symbol>B44C3/085</classification-symbol><class-title date-revised="2013-01-01"><title-part><CPC-specific-text><text>stamping </text><reference><text><class-ref scheme="cpc">B44C3/082</class-ref> takes precedence</text></reference></CPC-specific-text></title-part></class-title></classification-item>
<classification-item breakdown-code="false" not-allocatable="false" level="9" additional-only="false" sort-key="B44C3/087" definition-exists="false" ipc-concordant="B44C3/08" c-set-base-allowed="false" c-set-subsequent-allowed="true" date-revised="2013-01-01" status="published"><classification-symbol>B44C3/087</classification-symbol><class-title date-revised="2013-01-01"><title-part><CPC-specific-text><text>bending </text><reference><text><class-ref scheme="cpc">B44C3/082</class-ref> takes precedence</text></reference></CPC-specific-text></title-part></class-title></classification-item></classification-item>
<classification-item breakdown-code="false" not-allocatable="false" level="8" additional-only="false" sort-key="B44C3/10" definition-exists="false" ipc-concordant="B44C3/10" c-set-base-allowed="false" c-set-subsequent-allowed="true" date-revised="2013-01-01" status="published"><classification-symbol>B44C3/10</classification-symbol><class-title date-revised="2013-01-01"><title-part><text>Producing and filling perforations, e.g. tarsia plates</text></title-part></class-title></classification-item>
<classification-item breakdown-code="false" not-allocatable="false" level="8" additional-only="false" sort-key="B44C3/12" definition-exists="false" ipc-concordant="B44C3/12" c-set-base-allowed="false" c-set-subsequent-allowed="true" date-revised="2017-08-01" status="published"><classification-symbol>B44C3/12</classification-symbol><class-title date-revised="2017-08-01"><title-part><text>Uniting ornamental elements to structures, e.g. mosaic plates</text></title-part></class-title>
<classification-item breakdown-code="false" not-allocatable="false" level="9" additional-only="false" sort-key="B44C3/123" definition-exists="false" ipc-concordant="B44C3/12" c-set-base-allowed="false" c-set-subsequent-allowed="true" date-revised="2013-01-01" status="published"><classification-symbol>B44C3/123</classification-symbol><class-title date-revised="2013-01-01"><title-part><CPC-specific-text><text>Mosaic constructs</text></CPC-specific-text></title-part></class-title></classification-item>
<classification-item breakdown-code="false" not-allocatable="false" level="9" additional-only="false" sort-key="B44C3/126" definition-exists="false" ipc-concordant="B44C3/12" c-set-base-allowed="false" c-set-subsequent-allowed="true" date-revised="2013-01-01" status="published"><classification-symbol>B44C3/126</classification-symbol><class-title date-revised="2013-01-01"><title-part><CPC-specific-text><text>Devices for making mosaic constructs automatically</text></CPC-specific-text></title-part></class-title></classification-item></classification-item></classification-item>
<classification-item breakdown-code="false" not-allocatable="false" level="7" additional-only="false" sort-key="B44C5/00" definition-exists="true" ipc-concordant="B44C5/00" c-set-base-allowed="false" c-set-subsequent-allowed="true" date-revised="2013-01-01" status="published"><classification-symbol>B44C5/00</classification-symbol><class-title date-revised="2013-01-01"><title-part><text>Processes for producing special ornamental bodies</text></title-part></class-title>
<classification-item breakdown-code="false" not-allocatable="false" level="8" additional-only="false" sort-key="B44C5/005" definition-exists="false" ipc-concordant="B44C5/00" c-set-base-allowed="false" c-set-subsequent-allowed="true" date-revised="2013-01-01" status="published"><classification-symbol>B44C5/005</classification-symbol><class-title date-revised="2013-01-01"><title-part><CPC-specific-text><text>comprising inserts</text></CPC-specific-text></title-part></class-title></classification-item>
<classification-item breakdown-code="false" not-allocatable="false" level="8" additional-only="false" sort-key="B44C5/02" definition-exists="false" ipc-concordant="B44C5/02" c-set-base-allowed="false" c-set-subsequent-allowed="true" date-revised="2017-08-01" status="published"><classification-symbol>B44C5/02</classification-symbol><class-title date-revised="2017-08-01"><title-part><text>Mountings for pictures</text></title-part><title-part><text>Mountings of horns on plates</text></title-part></class-title></classification-item>
<classification-item breakdown-code="false" not-allocatable="false" level="8" additional-only="false" sort-key="B44C5/04" definition-exists="false" ipc-concordant="B44C5/04" c-set-base-allowed="false" c-set-subsequent-allowed="true" date-revised="2013-01-01" status="published"><classification-symbol>B44C5/04</classification-symbol><class-title date-revised="2013-01-01"><title-part><text>Ornamental plaques, e.g. decorative panels, decorative veneers</text></title-part></class-title>
<classification-item breakdown-code="false" not-allocatable="false" level="9" additional-only="false" sort-key="B44C5/0407" definition-exists="false" ipc-concordant="B44C5/04" c-set-base-allowed="false" c-set-subsequent-allowed="true" date-revised="2013-01-01" status="published"><classification-symbol>B44C5/0407</classification-symbol><class-title date-revised="2013-01-01"><title-part><CPC-specific-text><text>containing glass elements</text></CPC-specific-text></title-part></class-title></classification-item>
<classification-item breakdown-code="false" not-allocatable="false" level="9" additional-only="false" sort-key="B44C5/0415" definition-exists="false" ipc-concordant="B44C5/04" c-set-base-allowed="false" c-set-subsequent-allowed="true" date-revised="2013-01-01" status="published"><classification-symbol>B44C5/0415</classification-symbol><class-title date-revised="2013-01-01"><title-part><CPC-specific-text><text>containing metallic elements</text></CPC-specific-text></title-part></class-title></classification-item>
<classification-item breakdown-code="false" not-allocatable="false" level="9" additional-only="false" sort-key="B44C5/0423" definition-exists="false" ipc-concordant="B44C5/04" c-set-base-allowed="false" c-set-subsequent-allowed="true" date-revised="2013-01-01" status="published"><classification-symbol>B44C5/0423</classification-symbol><class-title date-revised="2013-01-01"><title-part><CPC-specific-text><text>containing fibreglass elements</text></CPC-specific-text></title-part></class-title></classification-item>
<classification-item breakdown-code="false" not-allocatable="false" level="9" additional-only="false" sort-key="B44C5/043" definition-exists="false" ipc-concordant="B44C5/04" c-set-base-allowed="false" c-set-subsequent-allowed="true" date-revised="2013-01-01" status="published"><classification-symbol>B44C5/043</classification-symbol><class-title date-revised="2013-01-01"><title-part><CPC-specific-text><text>containing wooden elements</text></CPC-specific-text></title-part></class-title></classification-item>
<classification-item breakdown-code="false" not-allocatable="false" level="9" additional-only="false" sort-key="B44C5/0438" definition-exists="false" ipc-concordant="B44C5/04" c-set-base-allowed="false" c-set-subsequent-allowed="true" date-revised="2013-01-01" status="published"><classification-symbol>B44C5/0438</classification-symbol><class-title date-revised="2013-01-01"><title-part><CPC-specific-text><text>containing stone elements</text></CPC-specific-text></title-part></class-title></classification-item>
<classification-item breakdown-code="false" not-allocatable="false" level="9" additional-only="false" sort-key="B44C5/0446" definition-exists="false" ipc-concordant="B44C5/04" c-set-base-allowed="false" c-set-subsequent-allowed="true" date-revised="2013-01-01" status="published"><classification-symbol>B44C5/0446</classification-symbol><class-title date-revised="2013-01-01"><title-part><CPC-specific-text><text>bearing graphical information</text></CPC-specific-text></title-part></class-title></classification-item>
<classification-item breakdown-code="false" not-allocatable="false" level="9" additional-only="false" sort-key="B44C5/0453" definition-exists="false" ipc-concordant="B44C5/04" c-set-base-allowed="false" c-set-subsequent-allowed="true" date-revised="2013-01-01" status="published"><classification-symbol>B44C5/0453</classification-symbol><class-title date-revised="2013-01-01"><title-part><CPC-specific-text><text>produced by processes involving moulding</text></CPC-specific-text></title-part></class-title></classification-item>
<classification-item breakdown-code="false" not-allocatable="false" level="9" additional-only="false" sort-key="B44C5/0461" definition-exists="false" ipc-concordant="B44C5/04" c-set-base-allowed="false" c-set-subsequent-allowed="true" date-revised="2013-01-01" status="published"><classification-symbol>B44C5/0461</classification-symbol><class-title date-revised="2013-01-01"><title-part><CPC-specific-text><text>used as wall coverings</text></CPC-specific-text></title-part></class-title></classification-item>
<classification-item breakdown-code="false" not-allocatable="false" level="9" additional-only="false" sort-key="B44C5/0469" definition-exists="false" ipc-concordant="B44C5/04" c-set-base-allowed="false" c-set-subsequent-allowed="true" date-revised="2013-01-01" status="published"><classification-symbol>B44C5/0469</classification-symbol><class-title date-revised="2013-01-01"><title-part><CPC-specific-text><text>comprising a decorative sheet and a core formed by one or more resin impregnated sheets of paper</text></CPC-specific-text></title-part></class-title>
<classification-item breakdown-code="false" not-allocatable="false" level="10" additional-only="false" sort-key="B44C5/0476" definition-exists="false" ipc-concordant="B44C5/04" c-set-base-allowed="false" c-set-subsequent-allowed="true" date-revised="2013-01-01" status="published"><classification-symbol>B44C5/0476</classification-symbol><class-title date-revised="2013-01-01"><title-part><CPC-specific-text><text>with abrasion resistant properties</text></CPC-specific-text></title-part></class-title></classification-item>
<classification-item breakdown-code="false" not-allocatable="false" level="10" additional-only="false" sort-key="B44C5/0484" definition-exists="false" ipc-concordant="B44C5/04" c-set-base-allowed="false" c-set-subsequent-allowed="true" date-revised="2013-01-01" status="published"><classification-symbol>B44C5/0484</classification-symbol><class-title date-revised="2013-01-01"><title-part><CPC-specific-text><text>containing metallic elements</text></CPC-specific-text></title-part></class-title></classification-item>
<classification-item breakdown-code="false" not-allocatable="false" level="10" additional-only="false" sort-key="B44C5/0492" definition-exists="false" ipc-concordant="B44C5/04" c-set-base-allowed="false" c-set-subsequent-allowed="true" date-revised="2013-01-01" status="published"><classification-symbol>B44C5/0492</classification-symbol><class-title date-revised="2013-01-01"><title-part><CPC-specific-text><text>containing wooden elements</text></CPC-specific-text></title-part></class-title></classification-item></classification-item></classification-item>
<classification-item breakdown-code="false" not-allocatable="false" level="8" additional-only="false" sort-key="B44C5/06" definition-exists="false" ipc-concordant="B44C5/06" c-set-base-allowed="false" c-set-subsequent-allowed="true" date-revised="2017-08-01" status="published"><classification-symbol>B44C5/06</classification-symbol><class-title date-revised="2017-08-01"><title-part><text>Natural ornaments</text></title-part><title-part><text>Imitations thereof </text><reference><text>artificial flowers, fruit, leaves <class-ref scheme="cpc">A41G1/00</class-ref>; artificial feathers <class-ref scheme="cpc">A41G11/00</class-ref></text></reference></title-part></class-title></classification-item>
<classification-item breakdown-code="false" not-allocatable="false" level="8" additional-only="false" sort-key="B44C5/08" definition-exists="false" ipc-concordant="B44C5/08" c-set-base-allowed="false" c-set-subsequent-allowed="true" date-revised="2013-01-01" status="published"><classification-symbol>B44C5/08</classification-symbol><class-title date-revised="2013-01-01"><title-part><text>Leaded lights </text><reference><text>imitations thereof <class-ref scheme="cpc">B44F1/06</class-ref>; joining glass surfaces to glass surfaces or to surfaces of other inorganic material to form a layered product <class-ref scheme="cpc">C03C27/00</class-ref></text></reference></title-part></class-title></classification-item></classification-item>
<classification-item breakdown-code="false" not-allocatable="false" level="7" additional-only="false" sort-key="B44C7/00" definition-exists="true" ipc-concordant="B44C7/00" c-set-base-allowed="false" c-set-subsequent-allowed="true" date-revised="2013-01-01" status="published"><classification-symbol>B44C7/00</classification-symbol><class-title date-revised="2013-01-01"><title-part><text>Paperhanging</text></title-part></class-title>
<classification-item breakdown-code="false" not-allocatable="false" level="8" additional-only="false" sort-key="B44C7/02" definition-exists="false" ipc-concordant="B44C7/02" c-set-base-allowed="false" c-set-subsequent-allowed="true" date-revised="2013-01-01" status="published"><classification-symbol>B44C7/02</classification-symbol><class-title date-revised="2013-01-01"><title-part><text>Machines, apparatus, tools or accessories therefor </text><reference><text>implements or apparatus for removing paint covering adhering to surfaces <class-ref scheme="cpc">B44D3/16</class-ref></text></reference></title-part></class-title>
<classification-item breakdown-code="false" not-allocatable="false" level="9" additional-only="false" sort-key="B44C7/022" definition-exists="false" ipc-concordant="B44C7/02" c-set-base-allowed="false" c-set-subsequent-allowed="true" date-revised="2013-01-01" status="published"><classification-symbol>B44C7/022</classification-symbol><class-title date-revised="2013-01-01"><title-part><CPC-specific-text><text>Tapestry work</text></CPC-specific-text></title-part></class-title></classification-item>
<classification-item breakdown-code="false" not-allocatable="false" level="9" additional-only="false" sort-key="B44C7/025" definition-exists="false" ipc-concordant="B44C7/02" c-set-base-allowed="false" c-set-subsequent-allowed="true" date-revised="2013-01-01" status="published"><classification-symbol>B44C7/025</classification-symbol><class-title date-revised="2013-01-01"><title-part><CPC-specific-text><text>for cutting wallpaper</text></CPC-specific-text></title-part></class-title></classification-item>
<classification-item breakdown-code="false" not-allocatable="false" level="9" additional-only="false" sort-key="B44C7/027" definition-exists="false" ipc-concordant="B44C7/02" c-set-base-allowed="false" c-set-subsequent-allowed="true" date-revised="2013-01-01" status="published"><classification-symbol>B44C7/027</classification-symbol><class-title date-revised="2013-01-01"><title-part><CPC-specific-text><text>Machines, apparatus, tools or accessories for removing wall paper </text><reference><text>cleaning, walls or wall coverings <class-ref scheme="cpc">A47L11/00</class-ref></text></reference></CPC-specific-text></title-part></class-title></classification-item>
<classification-item breakdown-code="false" not-allocatable="false" level="9" additional-only="false" sort-key="B44C7/04" definition-exists="false" ipc-concordant="B44C7/04" c-set-base-allowed="false" c-set-subsequent-allowed="true" date-revised="2013-01-01" status="published"><classification-symbol>B44C7/04</classification-symbol><class-title date-revised="2013-01-01"><title-part><text>for applying adhesive</text></title-part></class-title></classification-item>
<classification-item breakdown-code="false" not-allocatable="false" level="9" additional-only="false" sort-key="B44C7/06" definition-exists="false" ipc-concordant="B44C7/06" c-set-base-allowed="false" c-set-subsequent-allowed="true" date-revised="2013-01-01" status="published"><classification-symbol>B44C7/06</classification-symbol><class-title date-revised="2013-01-01"><title-part><text>for applying the paper to the surface to be covered</text></title-part></class-title></classification-item>
<classification-item breakdown-code="false" not-allocatable="false" level="9" additional-only="false" sort-key="B44C7/08" definition-exists="false" ipc-concordant="B44C7/08" c-set-base-allowed="false" c-set-subsequent-allowed="true" date-revised="2013-01-01" status="published"><classification-symbol>B44C7/08</classification-symbol><class-title date-revised="2013-01-01"><title-part><text>for finishing operations</text></title-part></class-title></classification-item></classification-item></classification-item></classification-item></classification-item></class-scheme>