<?xml version="1.0" encoding="UTF-8"?>
<class-scheme publication-date="2023-08-01" scheme-type="cpc" publication-type="official">
<classification-item breakdown-code="false" not-allocatable="true" level="5" additional-only="false" sort-key="B62J" definition-exists="true" date-revised="2020-02-01" status="published"><classification-symbol>B62J</classification-symbol><class-title date-revised="2020-02-01"><title-part><text>CYCLE SADDLES OR SEATS</text></title-part><title-part><text>AUXILIARY DEVICES OR ACCESSORIES SPECIALLY ADAPTED TO CYCLES AND NOT OTHERWISE PROVIDED FOR, e.g. ARTICLE CARRIERS OR CYCLE PROTECTORS</text></title-part></class-title><notes-and-warnings date-revised="2013-01-01"><note type="note"><note-paragraph>In this subclass, the term &quot;cycles&quot; also embraces scooters.</note-paragraph><note-paragraph><CPC-specific-note>&quot;Cycles&quot; includes single or plural wheeled straddle type vehicles having a handlebar, self-balancing vehicles and kid scooters.</CPC-specific-note></note-paragraph></note><note type="warning"><note-paragraph>In this subclass non-limiting references (in the sense of paragraph 39 of the Guide to the IPC) may still be displayed in the scheme.</note-paragraph></note></notes-and-warnings>
<classification-item breakdown-code="false" not-allocatable="true" level="6" additional-only="false" sort-key="B62J1/00" date-revised="2013-01-01" status="published"><classification-symbol>B62J1/00</classification-symbol>
<classification-item breakdown-code="false" not-allocatable="false" level="7" additional-only="false" sort-key="B62J1/00" definition-exists="true" ipc-concordant="B62J1/00" c-set-base-allowed="false" c-set-subsequent-allowed="true" date-revised="2020-02-01" status="published"><classification-symbol>B62J1/00</classification-symbol><class-title date-revised="2020-02-01"><title-part><text>Saddles or other seats for cycles</text></title-part><title-part><text>Arrangement thereof</text></title-part><title-part><text>Component parts</text></title-part></class-title>
<classification-item breakdown-code="false" not-allocatable="false" level="8" additional-only="false" sort-key="B62J1/002" definition-exists="false" ipc-concordant="B62J1/00" c-set-base-allowed="false" c-set-subsequent-allowed="true" date-revised="2013-01-01" status="published"><classification-symbol>B62J1/002</classification-symbol><class-title date-revised="2013-01-01"><title-part><CPC-specific-text><text>Saddles having a seating area with a central cavity or depression</text></CPC-specific-text></title-part></class-title></classification-item>
<classification-item breakdown-code="false" not-allocatable="false" level="8" additional-only="false" sort-key="B62J1/005" definition-exists="false" ipc-concordant="B62J1/00" c-set-base-allowed="false" c-set-subsequent-allowed="true" date-revised="2013-01-01" status="published"><classification-symbol>B62J1/005</classification-symbol><class-title date-revised="2013-01-01"><title-part><CPC-specific-text><text>Saddles having a seating area with multiple separate weight bearing surfaces</text></CPC-specific-text></title-part></class-title></classification-item>
<classification-item breakdown-code="false" not-allocatable="false" level="8" additional-only="false" sort-key="B62J1/007" definition-exists="false" ipc-concordant="B62J1/00" c-set-base-allowed="false" c-set-subsequent-allowed="true" date-revised="2013-01-01" status="published"><classification-symbol>B62J1/007</classification-symbol><class-title date-revised="2013-01-01"><title-part><CPC-specific-text><text>Saddles with specific anatomical adaptations</text></CPC-specific-text></title-part></class-title></classification-item>
<classification-item breakdown-code="false" not-allocatable="false" level="8" additional-only="false" sort-key="B62J1/02" definition-exists="true" ipc-concordant="B62J1/02" c-set-base-allowed="false" c-set-subsequent-allowed="true" date-revised="2020-02-01" status="published"><classification-symbol>B62J1/02</classification-symbol><class-title date-revised="2020-02-01"><title-part><text>Saddles resiliently mounted on the frame</text></title-part><title-part><text>Equipment therefor, e.g. springs</text></title-part></class-title>
<classification-item breakdown-code="false" not-allocatable="false" level="9" additional-only="false" sort-key="B62J1/04" definition-exists="false" ipc-concordant="B62J1/04" c-set-base-allowed="false" c-set-subsequent-allowed="true" date-revised="2013-01-01" status="published"><classification-symbol>B62J1/04</classification-symbol><class-title date-revised="2013-01-01"><title-part><text>Saddles capable of swinging about a horizontal pivot</text></title-part></class-title></classification-item>
<classification-item breakdown-code="false" not-allocatable="false" level="9" additional-only="false" sort-key="B62J1/06" definition-exists="true" ipc-concordant="B62J1/06" c-set-base-allowed="false" c-set-subsequent-allowed="true" date-revised="2013-01-01" status="published"><classification-symbol>B62J1/06</classification-symbol><class-title date-revised="2013-01-01"><title-part><text>Saddles capable of parallel motion up and down</text></title-part></class-title>
<classification-item breakdown-code="false" not-allocatable="false" level="10" additional-only="false" sort-key="B62J1/065" definition-exists="false" ipc-concordant="B62J1/06" c-set-base-allowed="false" c-set-subsequent-allowed="true" date-revised="2013-01-01" status="published"><classification-symbol>B62J1/065</classification-symbol><class-title date-revised="2013-01-01"><title-part><CPC-specific-text><text>Saddles supported on a parallelogram linkage</text></CPC-specific-text></title-part></class-title></classification-item></classification-item></classification-item>
<classification-item breakdown-code="false" not-allocatable="false" level="8" additional-only="false" sort-key="B62J1/08" definition-exists="true" ipc-concordant="B62J1/08" c-set-base-allowed="false" c-set-subsequent-allowed="true" date-revised="2013-01-01" status="published"><classification-symbol>B62J1/08</classification-symbol><class-title date-revised="2013-01-01"><title-part><text>Frames for saddles</text></title-part><title-part><text>Connections between saddle frames and seat pillars</text></title-part><title-part><text>Seat pillars </text><reference><text>attaching seat pillars to cycle frames <class-ref scheme="cpc">B62K19/36</class-ref></text></reference></title-part></class-title>
<classification-item breakdown-code="true" not-allocatable="false" level="9" additional-only="true" sort-key="B62J1/085" definition-exists="false" ipc-concordant="B62J1/08" c-set-base-allowed="false" c-set-subsequent-allowed="true" date-revised="2013-01-01" status="published"><classification-symbol>B62J2001/085</classification-symbol><class-title date-revised="2013-01-01"><title-part><CPC-specific-text><text>Seat pillars having mechanisms to vary seat height, independently of the cycle frame</text></CPC-specific-text></title-part></class-title></classification-item></classification-item>
<classification-item breakdown-code="false" not-allocatable="false" level="8" additional-only="false" sort-key="B62J1/10" definition-exists="false" ipc-concordant="B62J1/10" c-set-base-allowed="false" c-set-subsequent-allowed="true" date-revised="2013-01-01" status="published"><classification-symbol>B62J1/10</classification-symbol><class-title date-revised="2013-01-01"><title-part><text>Internal adjustment of saddles</text></title-part></class-title></classification-item>
<classification-item breakdown-code="false" not-allocatable="false" level="8" additional-only="false" sort-key="B62J1/12" definition-exists="true" ipc-concordant="B62J1/12" c-set-base-allowed="false" c-set-subsequent-allowed="true" date-revised="2013-01-01" status="published"><classification-symbol>B62J1/12</classification-symbol><class-title date-revised="2013-01-01"><title-part><text>Box-shaped seats</text></title-part><title-part><text>Bench-type seats, e.g. dual or twin seats</text></title-part></class-title></classification-item>
<classification-item breakdown-code="false" not-allocatable="false" level="8" additional-only="false" sort-key="B62J1/14" definition-exists="false" ipc-concordant="B62J1/14" c-set-base-allowed="false" c-set-subsequent-allowed="true" date-revised="2013-01-01" status="published"><classification-symbol>B62J1/14</classification-symbol><class-title date-revised="2013-01-01"><title-part><text>Separate pillions</text></title-part></class-title>
<classification-item breakdown-code="false" not-allocatable="false" level="9" additional-only="false" sort-key="B62J1/16" definition-exists="false" ipc-concordant="B62J1/16" c-set-base-allowed="false" c-set-subsequent-allowed="true" date-revised="2013-01-01" status="published"><classification-symbol>B62J1/16</classification-symbol><class-title date-revised="2013-01-01"><title-part><text>for children</text></title-part></class-title>
<classification-item breakdown-code="false" not-allocatable="false" level="10" additional-only="false" sort-key="B62J1/162" definition-exists="false" ipc-concordant="B62J1/16" c-set-base-allowed="false" c-set-subsequent-allowed="true" date-revised="2013-01-01" status="published"><classification-symbol>B62J1/162</classification-symbol><class-title date-revised="2013-01-01"><title-part><CPC-specific-text><text>Child seats specially adapted for motorcycles</text></CPC-specific-text></title-part></class-title></classification-item>
<classification-item breakdown-code="false" not-allocatable="false" level="10" additional-only="false" sort-key="B62J1/165" definition-exists="false" ipc-concordant="B62J1/16" c-set-base-allowed="false" c-set-subsequent-allowed="true" date-revised="2013-01-01" status="published"><classification-symbol>B62J1/165</classification-symbol><class-title date-revised="2013-01-01"><title-part><CPC-specific-text><text>Child seats attachable to handlebars</text></CPC-specific-text></title-part></class-title></classification-item>
<classification-item breakdown-code="false" not-allocatable="false" level="10" additional-only="false" sort-key="B62J1/167" definition-exists="false" ipc-concordant="B62J1/16" c-set-base-allowed="false" c-set-subsequent-allowed="true" date-revised="2013-01-01" status="published"><classification-symbol>B62J1/167</classification-symbol><class-title date-revised="2013-01-01"><title-part><CPC-specific-text><text>Child seats attachable in front of the driver saddle</text></CPC-specific-text></title-part></class-title></classification-item></classification-item></classification-item>
<classification-item breakdown-code="false" not-allocatable="false" level="8" additional-only="false" sort-key="B62J1/18" definition-exists="true" ipc-concordant="B62J1/18" c-set-base-allowed="false" c-set-subsequent-allowed="true" date-revised="2020-02-01" status="published"><classification-symbol>B62J1/18</classification-symbol><class-title date-revised="2020-02-01"><title-part><text>Covers for saddles or other seats</text></title-part><title-part><text>Paddings</text></title-part></class-title>
<classification-item breakdown-code="false" not-allocatable="false" level="9" additional-only="false" sort-key="B62J1/20" definition-exists="false" ipc-concordant="B62J1/20" c-set-base-allowed="false" c-set-subsequent-allowed="true" date-revised="2013-01-01" status="published"><classification-symbol>B62J1/20</classification-symbol><class-title date-revised="2013-01-01"><title-part><text>Detachable covers</text></title-part><title-part><text>Detachable pads</text></title-part></class-title></classification-item>
<classification-item breakdown-code="false" not-allocatable="false" level="9" additional-only="false" sort-key="B62J1/22" definition-exists="false" ipc-concordant="B62J1/22" c-set-base-allowed="false" c-set-subsequent-allowed="true" date-revised="2013-01-01" status="published"><classification-symbol>B62J1/22</classification-symbol><class-title date-revised="2013-01-01"><title-part><text>Covers with built-in paddings</text></title-part></class-title></classification-item>
<classification-item breakdown-code="false" not-allocatable="false" level="9" additional-only="false" sort-key="B62J1/24" definition-exists="false" ipc-concordant="B62J1/24" c-set-base-allowed="false" c-set-subsequent-allowed="true" date-revised="2013-01-01" status="published"><classification-symbol>B62J1/24</classification-symbol><class-title date-revised="2013-01-01"><title-part><text>Paddings involving torsional or bending springs</text></title-part></class-title></classification-item>
<classification-item breakdown-code="false" not-allocatable="false" level="9" additional-only="false" sort-key="B62J1/26" definition-exists="false" ipc-concordant="B62J1/26" c-set-base-allowed="false" c-set-subsequent-allowed="true" date-revised="2013-01-01" status="published"><classification-symbol>B62J1/26</classification-symbol><class-title date-revised="2013-01-01"><title-part><text>Paddings involving other resilient material, e.g. sponge rubber with inflatable compartments</text></title-part></class-title></classification-item></classification-item>
<classification-item breakdown-code="false" not-allocatable="false" level="8" additional-only="false" sort-key="B62J1/28" definition-exists="false" ipc-concordant="B62J1/28" c-set-base-allowed="false" c-set-subsequent-allowed="true" date-revised="2013-01-01" status="published"><classification-symbol>B62J1/28</classification-symbol><class-title date-revised="2013-01-01"><title-part><text>Other additional equipment, e.g. back-rests for children</text></title-part></class-title></classification-item></classification-item></classification-item>
<classification-item breakdown-code="false" not-allocatable="true" level="6" additional-only="false" sort-key="B62J3/00" date-revised="2013-01-01" status="published"><classification-symbol>B62J3/00</classification-symbol><class-title date-revised="2013-01-01"><title-part><text>Signal or lighting devices specially adapted for cycles </text><reference><text>for vehicles in general <class-ref scheme="cpc">B60Q</class-ref></text></reference></title-part></class-title>
<classification-item breakdown-code="false" not-allocatable="false" level="7" additional-only="false" sort-key="B62J3/00" definition-exists="true" ipc-concordant="B62J3/00" c-set-base-allowed="false" c-set-subsequent-allowed="true" date-revised="2022-08-01" status="published"><classification-symbol>B62J3/00</classification-symbol><class-title date-revised="2020-02-01"><title-part><text>Acoustic signal devices </text><reference><text>arrangements indicating unauthorised use of cycles <class-ref scheme="cpc">B62H5/20</class-ref></text></reference></title-part><title-part><text>Arrangement of such devices on cycles</text></title-part></class-title><notes-and-warnings date-revised="2013-01-01"><note type="note"><note-paragraph>Group <class-ref scheme="cpc">B62J3/00</class-ref> is to be understood as restricted to adaptations of signal or lighting devices peculiar to their use on cycles</note-paragraph></note></notes-and-warnings>
<classification-item breakdown-code="false" not-allocatable="false" level="8" additional-only="false" sort-key="B62J3/02" definition-exists="false" ipc-concordant="B62J3/02" c-set-base-allowed="false" c-set-subsequent-allowed="true" date-revised="2022-08-01" status="published"><classification-symbol>B62J3/02</classification-symbol><class-title date-revised="2020-02-01"><title-part><text>Mechanical devices</text></title-part></class-title>
<classification-item breakdown-code="false" not-allocatable="false" level="9" additional-only="false" sort-key="B62J3/04" definition-exists="false" ipc-concordant="B62J3/04" c-set-base-allowed="false" c-set-subsequent-allowed="true" date-revised="2020-02-01" status="published"><classification-symbol>B62J3/04</classification-symbol><class-title date-revised="2020-02-01"><title-part><text>activated by the rider, e.g. bells or horns</text></title-part></class-title></classification-item>
<classification-item breakdown-code="false" not-allocatable="false" level="9" additional-only="false" sort-key="B62J3/06" definition-exists="false" ipc-concordant="B62J3/06" c-set-base-allowed="false" c-set-subsequent-allowed="true" date-revised="2020-02-01" status="published"><classification-symbol>B62J3/06</classification-symbol><class-title date-revised="2020-02-01"><title-part><text>activated by rotating parts of cycles, e.g. rattles hitting spokes</text></title-part></class-title></classification-item>
<classification-item breakdown-code="false" not-allocatable="false" level="9" additional-only="false" sort-key="B62J3/08" definition-exists="false" ipc-concordant="B62J3/08" c-set-base-allowed="false" c-set-subsequent-allowed="true" date-revised="2020-02-01" status="published"><classification-symbol>B62J3/08</classification-symbol><class-title date-revised="2020-02-01"><title-part><text>activated by driving wind, e.g. flutes</text></title-part></class-title></classification-item></classification-item>
<classification-item breakdown-code="false" not-allocatable="false" level="8" additional-only="false" sort-key="B62J3/10" definition-exists="false" ipc-concordant="B62J3/10" c-set-base-allowed="false" c-set-subsequent-allowed="true" date-revised="2022-08-01" status="published"><classification-symbol>B62J3/10</classification-symbol><class-title date-revised="2020-02-01"><title-part><text>Electrical devices</text></title-part></class-title>
<classification-item breakdown-code="false" not-allocatable="false" level="9" additional-only="false" sort-key="B62J3/12" definition-exists="false" ipc-concordant="B62J3/12" c-set-base-allowed="false" c-set-subsequent-allowed="true" date-revised="2020-02-01" status="published"><classification-symbol>B62J3/12</classification-symbol><class-title date-revised="2020-02-01"><title-part><text>Buzzers</text></title-part><title-part><text>Horns with electrically driven airflow</text></title-part></class-title></classification-item>
<classification-item breakdown-code="false" not-allocatable="false" level="9" additional-only="false" sort-key="B62J3/14" definition-exists="false" ipc-concordant="B62J3/14" c-set-base-allowed="false" c-set-subsequent-allowed="true" date-revised="2020-02-01" status="published"><classification-symbol>B62J3/14</classification-symbol><class-title date-revised="2020-02-01"><title-part><text>indicating functioning of other devices, e.g. acoustic warnings indicating that lights are switched on</text></title-part></class-title></classification-item></classification-item></classification-item>
<classification-item breakdown-code="false" not-allocatable="false" level="7" additional-only="false" sort-key="B62J6/00" definition-exists="true" ipc-concordant="B62J6/00" c-set-base-allowed="false" c-set-subsequent-allowed="true" date-revised="2022-08-01" status="published"><classification-symbol>B62J6/00</classification-symbol><class-title date-revised="2020-02-01"><title-part><text>Arrangement of optical signalling or lighting devices on cycles</text></title-part><title-part><text>Mounting or supporting thereof</text></title-part><title-part><text>Circuits therefor</text></title-part></class-title>
<classification-item breakdown-code="false" not-allocatable="false" level="8" additional-only="false" sort-key="B62J6/01" definition-exists="true" ipc-concordant="B62J6/01" c-set-base-allowed="false" c-set-subsequent-allowed="true" date-revised="2020-02-01" status="published"><classification-symbol>B62J6/01</classification-symbol><class-title date-revised="2020-02-01"><title-part><text>Electric circuits</text></title-part></class-title>
<classification-item breakdown-code="false" not-allocatable="false" level="9" additional-only="false" sort-key="B62J6/015" definition-exists="false" ipc-concordant="B62J6/015" c-set-base-allowed="false" c-set-subsequent-allowed="true" date-revised="2020-02-01" status="published"><classification-symbol>B62J6/015</classification-symbol><class-title date-revised="2020-02-01"><title-part><text>using electrical power not supplied by the cycle motor generator, e.g. using batteries or piezo elements</text></title-part></class-title></classification-item></classification-item>
<classification-item breakdown-code="false" not-allocatable="false" level="8" additional-only="false" sort-key="B62J6/02" definition-exists="true" ipc-concordant="B62J6/02" c-set-base-allowed="false" c-set-subsequent-allowed="true" date-revised="2022-08-01" status="published"><classification-symbol>B62J6/02</classification-symbol><class-title date-revised="2020-02-01"><title-part><text>Headlights</text></title-part></class-title>
<classification-item breakdown-code="false" not-allocatable="false" level="9" additional-only="false" sort-key="B62J6/022" definition-exists="false" ipc-concordant="B62J6/022" c-set-base-allowed="false" c-set-subsequent-allowed="true" date-revised="2022-08-01" status="published"><classification-symbol>B62J6/022</classification-symbol><class-title date-revised="2020-02-01"><title-part><text>specially adapted for motorcycles or the like</text></title-part></class-title>
<classification-item breakdown-code="false" not-allocatable="false" level="10" additional-only="false" sort-key="B62J6/023" definition-exists="false" ipc-concordant="B62J6/023" c-set-base-allowed="false" c-set-subsequent-allowed="true" date-revised="2020-02-01" status="published"><classification-symbol>B62J6/023</classification-symbol><class-title date-revised="2020-02-01"><title-part><text>responsive to the lean angle of the cycle, e.g. changing intensity or switching sub-lights when cornering</text></title-part></class-title></classification-item>
<classification-item breakdown-code="false" not-allocatable="false" level="10" additional-only="false" sort-key="B62J6/024" definition-exists="false" ipc-concordant="B62J6/024" c-set-base-allowed="false" c-set-subsequent-allowed="true" date-revised="2020-02-01" status="published"><classification-symbol>B62J6/024</classification-symbol><class-title date-revised="2020-02-01"><title-part><text>Switching between high and low beam </text><reference><text>arrangement of switches <class-ref scheme="cpc">B62J6/16</class-ref></text></reference></title-part></class-title></classification-item>
<classification-item breakdown-code="false" not-allocatable="false" level="10" additional-only="false" sort-key="B62J6/025" definition-exists="true" ipc-concordant="B62J6/025" c-set-base-allowed="false" c-set-subsequent-allowed="true" date-revised="2020-02-01" status="published"><classification-symbol>B62J6/025</classification-symbol><class-title date-revised="2020-02-01"><title-part><text>characterised by vertical adjustment of the light beam direction, e.g. to compensate for heavy loads</text></title-part></class-title></classification-item>
<classification-item breakdown-code="false" not-allocatable="false" level="10" additional-only="false" sort-key="B62J6/026" definition-exists="false" ipc-concordant="B62J6/026" c-set-base-allowed="false" c-set-subsequent-allowed="true" date-revised="2020-02-01" status="published"><classification-symbol>B62J6/026</classification-symbol><class-title date-revised="2020-02-01"><title-part><text>characterised by the structure, e.g. casings</text></title-part></class-title></classification-item>
<classification-item breakdown-code="false" not-allocatable="false" level="10" additional-only="false" sort-key="B62J6/027" definition-exists="false" ipc-concordant="B62J6/027" c-set-base-allowed="false" c-set-subsequent-allowed="true" date-revised="2020-02-01" status="published"><classification-symbol>B62J6/027</classification-symbol><class-title date-revised="2020-02-01"><title-part><text>Supporting means therefor, e.g. mounting brackets</text></title-part></class-title></classification-item></classification-item>
<classification-item breakdown-code="false" not-allocatable="false" level="9" additional-only="false" sort-key="B62J6/028" definition-exists="false" ipc-concordant="B62J6/028" c-set-base-allowed="false" c-set-subsequent-allowed="true" date-revised="2022-08-01" status="published"><classification-symbol>B62J6/028</classification-symbol><class-title date-revised="2020-02-01"><title-part><text>specially adapted for rider-propelled cycles with or without additional source of power</text></title-part></class-title>
<classification-item breakdown-code="false" not-allocatable="false" level="10" additional-only="false" sort-key="B62J6/029" definition-exists="false" ipc-concordant="B62J6/029" c-set-base-allowed="false" c-set-subsequent-allowed="true" date-revised="2020-02-01" status="published"><classification-symbol>B62J6/029</classification-symbol><class-title date-revised="2020-02-01"><title-part><text>characterised by the structure, e.g. casings</text></title-part></class-title></classification-item>
<classification-item breakdown-code="false" not-allocatable="false" level="10" additional-only="false" sort-key="B62J6/03" definition-exists="false" ipc-concordant="B62J6/03" c-set-base-allowed="false" c-set-subsequent-allowed="true" date-revised="2020-02-01" status="published"><classification-symbol>B62J6/03</classification-symbol><class-title date-revised="2020-02-01"><title-part><text>Supporting means therefor, e.g. mounting brackets</text></title-part></class-title></classification-item></classification-item></classification-item>
<classification-item breakdown-code="false" not-allocatable="false" level="8" additional-only="false" sort-key="B62J6/04" definition-exists="true" ipc-concordant="B62J6/04" c-set-base-allowed="false" c-set-subsequent-allowed="true" date-revised="2022-08-01" status="published"><classification-symbol>B62J6/04</classification-symbol><class-title date-revised="2020-02-01"><title-part><text>Rear lights</text></title-part></class-title>
<classification-item breakdown-code="false" not-allocatable="false" level="9" additional-only="false" sort-key="B62J6/045" definition-exists="false" ipc-concordant="B62J6/045" c-set-base-allowed="false" c-set-subsequent-allowed="true" date-revised="2022-08-01" status="published"><classification-symbol>B62J6/045</classification-symbol><class-title date-revised="2020-02-01"><title-part><text>indicating braking</text></title-part></class-title></classification-item></classification-item>
<classification-item breakdown-code="false" not-allocatable="false" level="8" additional-only="false" sort-key="B62J6/05" definition-exists="false" ipc-concordant="B62J6/05" c-set-base-allowed="false" c-set-subsequent-allowed="true" date-revised="2022-08-01" status="published"><classification-symbol>B62J6/05</classification-symbol><class-title date-revised="2020-02-01"><title-part><text>Direction indicators</text></title-part></class-title>
<classification-item breakdown-code="false" not-allocatable="false" level="9" additional-only="false" sort-key="B62J6/052" definition-exists="false" ipc-concordant="B62J6/052" c-set-base-allowed="false" c-set-subsequent-allowed="true" date-revised="2022-08-01" status="published"><classification-symbol>B62J6/052</classification-symbol><class-title date-revised="2020-02-01"><title-part><text>Mechanical means, e.g. rotating arms</text></title-part></class-title>
<classification-item breakdown-code="false" not-allocatable="false" level="10" additional-only="false" sort-key="B62J6/053" definition-exists="false" ipc-concordant="B62J6/053" c-set-base-allowed="false" c-set-subsequent-allowed="true" date-revised="2020-02-01" status="published"><classification-symbol>B62J6/053</classification-symbol><class-title date-revised="2020-02-01"><title-part><text>driven by ropes or chains</text></title-part></class-title></classification-item>
<classification-item breakdown-code="false" not-allocatable="false" level="10" additional-only="false" sort-key="B62J6/054" definition-exists="false" ipc-concordant="B62J6/054" c-set-base-allowed="false" c-set-subsequent-allowed="true" date-revised="2020-02-01" status="published"><classification-symbol>B62J6/054</classification-symbol><class-title date-revised="2020-02-01"><title-part><text>operated manually</text></title-part></class-title></classification-item></classification-item>
<classification-item breakdown-code="false" not-allocatable="false" level="9" additional-only="false" sort-key="B62J6/055" definition-exists="false" ipc-concordant="B62J6/055" c-set-base-allowed="false" c-set-subsequent-allowed="true" date-revised="2022-08-01" status="published"><classification-symbol>B62J6/055</classification-symbol><class-title date-revised="2020-02-01"><title-part><text>Electrical means, e.g. lamps</text></title-part></class-title>
<classification-item breakdown-code="false" not-allocatable="false" level="10" additional-only="false" sort-key="B62J6/056" definition-exists="false" ipc-concordant="B62J6/056" c-set-base-allowed="false" c-set-subsequent-allowed="true" date-revised="2020-02-01" status="published"><classification-symbol>B62J6/056</classification-symbol><class-title date-revised="2020-02-01"><title-part><text>characterised by control means</text></title-part></class-title>
<classification-item breakdown-code="false" not-allocatable="false" level="11" additional-only="false" sort-key="B62J6/057" definition-exists="false" ipc-concordant="B62J6/057" c-set-base-allowed="false" c-set-subsequent-allowed="true" date-revised="2020-02-01" status="published"><classification-symbol>B62J6/057</classification-symbol><class-title date-revised="2020-02-01"><title-part><text>Automatic activation, e.g. by sensors</text></title-part></class-title></classification-item></classification-item></classification-item></classification-item>
<classification-item breakdown-code="false" not-allocatable="false" level="8" additional-only="false" sort-key="B62J6/06" definition-exists="true" ipc-concordant="B62J6/06" c-set-base-allowed="false" c-set-subsequent-allowed="true" date-revised="2020-02-01" status="published"><classification-symbol>B62J6/06</classification-symbol><class-title date-revised="2020-02-01"><title-part><text>Arrangement of lighting dynamos or drives therefor</text></title-part></class-title>
<classification-item breakdown-code="false" not-allocatable="false" level="9" additional-only="false" sort-key="B62J6/08" definition-exists="false" ipc-concordant="B62J6/08" c-set-base-allowed="false" c-set-subsequent-allowed="true" date-revised="2013-01-01" status="published"><classification-symbol>B62J6/08</classification-symbol><class-title date-revised="2013-01-01"><title-part><text>Tyre drives</text></title-part></class-title></classification-item>
<classification-item breakdown-code="false" not-allocatable="false" level="9" additional-only="false" sort-key="B62J6/10" definition-exists="false" ipc-concordant="B62J6/10" c-set-base-allowed="false" c-set-subsequent-allowed="true" date-revised="2013-01-01" status="published"><classification-symbol>B62J6/10</classification-symbol><class-title date-revised="2013-01-01"><title-part><text>Gear drives </text><reference><text><class-ref scheme="cpc">B62J6/12</class-ref> takes precedence</text></reference></title-part></class-title></classification-item>
<classification-item breakdown-code="false" not-allocatable="false" level="9" additional-only="false" sort-key="B62J6/12" definition-exists="false" ipc-concordant="B62J6/12" c-set-base-allowed="false" c-set-subsequent-allowed="true" date-revised="2013-01-01" status="published"><classification-symbol>B62J6/12</classification-symbol><class-title date-revised="2013-01-01"><title-part><text>Dynamos arranged in the wheel hub</text></title-part></class-title></classification-item>
<classification-item breakdown-code="false" not-allocatable="false" level="9" additional-only="false" sort-key="B62J6/14" definition-exists="false" ipc-concordant="B62J6/14" c-set-base-allowed="false" c-set-subsequent-allowed="true" date-revised="2013-01-01" status="published"><classification-symbol>B62J6/14</classification-symbol><class-title date-revised="2013-01-01"><title-part><text>Belt drives</text></title-part></class-title></classification-item></classification-item>
<classification-item breakdown-code="false" not-allocatable="false" level="8" additional-only="false" sort-key="B62J6/16" definition-exists="true" ipc-concordant="B62J6/16" c-set-base-allowed="false" c-set-subsequent-allowed="true" date-revised="2022-08-01" status="published"><classification-symbol>B62J6/16</classification-symbol><class-title date-revised="2013-01-01"><title-part><text>Arrangement of switches</text></title-part></class-title>
<classification-item breakdown-code="false" not-allocatable="false" level="9" additional-only="false" sort-key="B62J6/165" definition-exists="false" ipc-concordant="B62J6/165" c-set-base-allowed="false" c-set-subsequent-allowed="true" date-revised="2022-08-01" status="published"><classification-symbol>B62J6/165</classification-symbol><class-title date-revised="2020-02-01"><title-part><text>Wireless switches</text></title-part></class-title></classification-item></classification-item>
<classification-item breakdown-code="false" not-allocatable="false" level="8" additional-only="false" sort-key="B62J6/20" definition-exists="true" ipc-concordant="B62J6/20" c-set-base-allowed="false" c-set-subsequent-allowed="true" date-revised="2020-02-01" status="published"><classification-symbol>B62J6/20</classification-symbol><class-title date-revised="2020-02-01"><title-part><text>Arrangement of reflectors </text><CPC-specific-text><text>, e.g. on the wheel spokes</text></CPC-specific-text><text> </text><reference><text>pedals incorporating reflectors <class-ref scheme="cpc">B62M3/12</class-ref> </text></reference><CPC-specific-text><text>; Lighting devices mounted on wheel spokes</text></CPC-specific-text></title-part></class-title></classification-item>
<classification-item breakdown-code="false" not-allocatable="false" level="8" additional-only="false" sort-key="B62J6/22" definition-exists="false" ipc-concordant="B62J6/22" c-set-base-allowed="false" c-set-subsequent-allowed="true" date-revised="2022-08-01" status="published"><classification-symbol>B62J6/22</classification-symbol><class-title date-revised="2020-02-01"><title-part><text>Warning or information lights</text></title-part></class-title>
<classification-item breakdown-code="false" not-allocatable="false" level="9" additional-only="false" sort-key="B62J6/24" definition-exists="false" ipc-concordant="B62J6/24" c-set-base-allowed="false" c-set-subsequent-allowed="true" date-revised="2020-02-01" status="published"><classification-symbol>B62J6/24</classification-symbol><class-title date-revised="2020-02-01"><title-part><text>warning or informing the rider, e.g. low fuel warning lights</text></title-part></class-title></classification-item>
<classification-item breakdown-code="false" not-allocatable="false" level="9" additional-only="false" sort-key="B62J6/26" definition-exists="false" ipc-concordant="B62J6/26" c-set-base-allowed="false" c-set-subsequent-allowed="true" date-revised="2020-02-01" status="published"><classification-symbol>B62J6/26</classification-symbol><class-title date-revised="2020-02-01"><title-part><text>warning or informing other road users, e.g. police flash lights</text></title-part></class-title></classification-item></classification-item></classification-item></classification-item>
<classification-item breakdown-code="false" not-allocatable="true" level="6" additional-only="false" sort-key="B62J7/00" date-revised="2013-01-01" status="published"><classification-symbol>B62J7/00</classification-symbol><class-title date-revised="2013-01-01"><title-part><text>Article carriers </text><reference><text>for vehicles in general <class-ref scheme="cpc">B60R</class-ref></text></reference></title-part></class-title>
<classification-item breakdown-code="false" not-allocatable="false" level="7" additional-only="false" sort-key="B62J7/00" definition-exists="true" ipc-concordant="B62J7/00" c-set-base-allowed="false" c-set-subsequent-allowed="true" date-revised="2013-01-01" status="published"><classification-symbol>B62J7/00</classification-symbol><class-title date-revised="2013-01-01"><title-part><text>Luggage carriers</text></title-part></class-title>
<classification-item breakdown-code="false" not-allocatable="false" level="8" additional-only="false" sort-key="B62J7/02" definition-exists="false" ipc-concordant="B62J7/02" c-set-base-allowed="false" c-set-subsequent-allowed="true" date-revised="2013-01-01" status="published"><classification-symbol>B62J7/02</classification-symbol><class-title date-revised="2013-01-01"><title-part><text>characterised by the arrangement thereof on cycles</text></title-part></class-title>
<classification-item breakdown-code="false" not-allocatable="false" level="9" additional-only="false" sort-key="B62J7/04" definition-exists="false" ipc-concordant="B62J7/04" c-set-base-allowed="false" c-set-subsequent-allowed="true" date-revised="2020-02-01" status="published"><classification-symbol>B62J7/04</classification-symbol><class-title date-revised="2020-02-01"><title-part><text>arranged above or behind the rear wheel</text></title-part></class-title></classification-item>
<classification-item breakdown-code="false" not-allocatable="false" level="9" additional-only="false" sort-key="B62J7/06" definition-exists="false" ipc-concordant="B62J7/06" c-set-base-allowed="false" c-set-subsequent-allowed="true" date-revised="2020-02-01" status="published"><classification-symbol>B62J7/06</classification-symbol><class-title date-revised="2020-02-01"><title-part><text>arranged above the front wheel, e.g. on the handlebars</text></title-part></class-title></classification-item></classification-item>
<classification-item breakdown-code="false" not-allocatable="false" level="8" additional-only="false" sort-key="B62J7/08" definition-exists="true" ipc-concordant="B62J7/08" c-set-base-allowed="false" c-set-subsequent-allowed="true" date-revised="2013-01-01" status="published"><classification-symbol>B62J7/08</classification-symbol><class-title date-revised="2013-01-01"><title-part><text>Equipment for securing luggage on carriers</text></title-part></class-title></classification-item></classification-item>
<classification-item breakdown-code="false" not-allocatable="false" level="7" additional-only="false" sort-key="B62J9/00" definition-exists="false" ipc-concordant="B62J9/00" c-set-base-allowed="false" c-set-subsequent-allowed="true" date-revised="2022-08-01" status="published"><classification-symbol>B62J9/00</classification-symbol><class-title date-revised="2020-02-01"><title-part><text>Containers specially adapted for cycles, e.g. panniers or saddle bags</text></title-part></class-title>
<classification-item breakdown-code="false" not-allocatable="false" level="8" additional-only="false" sort-key="B62J9/10" definition-exists="false" ipc-concordant="B62J9/10" c-set-base-allowed="false" c-set-subsequent-allowed="true" date-revised="2022-08-01" status="published"><classification-symbol>B62J9/10</classification-symbol><class-title date-revised="2020-02-01"><title-part><text>integrated with the cycle</text></title-part></class-title>
<classification-item breakdown-code="false" not-allocatable="false" level="9" additional-only="false" sort-key="B62J9/12" definition-exists="false" ipc-concordant="B62J9/12" c-set-base-allowed="false" c-set-subsequent-allowed="true" date-revised="2020-02-01" status="published"><classification-symbol>B62J9/12</classification-symbol><class-title date-revised="2020-02-01"><title-part><text>in the fairing</text></title-part></class-title></classification-item>
<classification-item breakdown-code="false" not-allocatable="false" level="9" additional-only="false" sort-key="B62J9/14" definition-exists="false" ipc-concordant="B62J9/14" c-set-base-allowed="false" c-set-subsequent-allowed="true" date-revised="2022-08-01" status="published"><classification-symbol>B62J9/14</classification-symbol><class-title date-revised="2020-02-01"><title-part><text>under the saddle</text></title-part></class-title></classification-item>
<classification-item breakdown-code="false" not-allocatable="false" level="9" additional-only="false" sort-key="B62J9/16" definition-exists="false" ipc-concordant="B62J9/16" c-set-base-allowed="false" c-set-subsequent-allowed="true" date-revised="2022-08-01" status="published"><classification-symbol>B62J9/16</classification-symbol><class-title date-revised="2020-02-01"><title-part><text>under the floor board</text></title-part></class-title></classification-item>
<classification-item breakdown-code="false" not-allocatable="false" level="9" additional-only="false" sort-key="B62J9/18" definition-exists="false" ipc-concordant="B62J9/18" c-set-base-allowed="false" c-set-subsequent-allowed="true" date-revised="2022-08-01" status="published"><classification-symbol>B62J9/18</classification-symbol><class-title date-revised="2020-02-01"><title-part><text>in a dummy fuel tank</text></title-part></class-title></classification-item></classification-item>
<classification-item breakdown-code="false" not-allocatable="false" level="8" additional-only="false" sort-key="B62J9/20" definition-exists="false" ipc-concordant="B62J9/20" c-set-base-allowed="false" c-set-subsequent-allowed="true" date-revised="2022-08-01" status="published"><classification-symbol>B62J9/20</classification-symbol><class-title date-revised="2020-02-01"><title-part><text>attached to the cycle as accessories</text></title-part></class-title>
<classification-item breakdown-code="false" not-allocatable="false" level="9" additional-only="false" sort-key="B62J9/21" definition-exists="false" ipc-concordant="B62J9/21" c-set-base-allowed="false" c-set-subsequent-allowed="true" date-revised="2022-08-01" status="published"><classification-symbol>B62J9/21</classification-symbol><class-title date-revised="2020-02-01"><title-part><text>above or alongside the front wheel, e.g. on the handlebars</text></title-part></class-title></classification-item>
<classification-item breakdown-code="false" not-allocatable="false" level="9" additional-only="false" sort-key="B62J9/22" definition-exists="false" ipc-concordant="B62J9/22" c-set-base-allowed="false" c-set-subsequent-allowed="true" date-revised="2022-08-01" status="published"><classification-symbol>B62J9/22</classification-symbol><class-title date-revised="2020-02-01"><title-part><text>between the main frame tubes, e.g. suspended from the top tube</text></title-part></class-title></classification-item>
<classification-item breakdown-code="false" not-allocatable="false" level="9" additional-only="false" sort-key="B62J9/23" definition-exists="false" ipc-concordant="B62J9/23" c-set-base-allowed="false" c-set-subsequent-allowed="true" date-revised="2022-08-01" status="published"><classification-symbol>B62J9/23</classification-symbol><class-title date-revised="2020-02-01"><title-part><text>above or alongside the rear wheel </text><reference><text><class-ref scheme="cpc">B62J9/26</class-ref> takes precedence</text></reference></title-part></class-title></classification-item>
<classification-item breakdown-code="false" not-allocatable="false" level="9" additional-only="false" sort-key="B62J9/24" definition-exists="false" ipc-concordant="B62J9/24" c-set-base-allowed="false" c-set-subsequent-allowed="true" date-revised="2022-08-01" status="published"><classification-symbol>B62J9/24</classification-symbol><class-title date-revised="2020-02-01"><title-part><text>on specially adapted racks, e.g. for top or side cases</text></title-part></class-title></classification-item>
<classification-item breakdown-code="false" not-allocatable="false" level="9" additional-only="false" sort-key="B62J9/25" definition-exists="false" ipc-concordant="B62J9/25" c-set-base-allowed="false" c-set-subsequent-allowed="true" date-revised="2022-08-01" status="published"><classification-symbol>B62J9/25</classification-symbol><class-title date-revised="2020-02-01"><title-part><text>to the fuel tank, e.g. magnetic tank bags</text></title-part></class-title></classification-item>
<classification-item breakdown-code="false" not-allocatable="false" level="9" additional-only="false" sort-key="B62J9/26" definition-exists="false" ipc-concordant="B62J9/26" c-set-base-allowed="false" c-set-subsequent-allowed="true" date-revised="2022-08-01" status="published"><classification-symbol>B62J9/26</classification-symbol><class-title date-revised="2020-02-01"><title-part><text>to the saddle, e.g. saddle bags</text></title-part></class-title></classification-item>
<classification-item breakdown-code="false" not-allocatable="false" level="9" additional-only="false" sort-key="B62J9/27" definition-exists="false" ipc-concordant="B62J9/27" c-set-base-allowed="false" c-set-subsequent-allowed="true" date-revised="2022-08-01" status="published"><classification-symbol>B62J9/27</classification-symbol><class-title date-revised="2020-02-01"><title-part><text>characterised by mounting arrangements, e.g. quick release arrangements</text></title-part></class-title></classification-item>
<classification-item breakdown-code="false" not-allocatable="false" level="9" additional-only="false" sort-key="B62J9/28" definition-exists="false" ipc-concordant="B62J9/28" c-set-base-allowed="false" c-set-subsequent-allowed="true" date-revised="2022-08-01" status="published"><classification-symbol>B62J9/28</classification-symbol><class-title date-revised="2020-02-01"><title-part><text>specially adapted for delivery service, e.g. insulated boxes</text></title-part></class-title></classification-item></classification-item>
<classification-item breakdown-code="false" not-allocatable="false" level="8" additional-only="false" sort-key="B62J9/30" definition-exists="false" ipc-concordant="B62J9/30" c-set-base-allowed="false" c-set-subsequent-allowed="true" date-revised="2022-08-01" status="published"><classification-symbol>B62J9/30</classification-symbol><class-title date-revised="2020-02-01"><title-part><text>characterised by locking arrangements, e.g. top case locks integrated in a vehicle central locking system</text></title-part></class-title></classification-item>
<classification-item breakdown-code="false" not-allocatable="false" level="8" additional-only="false" sort-key="B62J9/40" definition-exists="false" ipc-concordant="B62J9/40" c-set-base-allowed="false" c-set-subsequent-allowed="true" date-revised="2022-08-01" status="published"><classification-symbol>B62J9/40</classification-symbol><class-title date-revised="2020-02-01"><title-part><text>specially adapted for tools or spare parts</text></title-part></class-title></classification-item></classification-item>
<classification-item breakdown-code="false" not-allocatable="false" level="7" additional-only="false" sort-key="B62J11/00" definition-exists="true" ipc-concordant="B62J11/00" c-set-base-allowed="false" c-set-subsequent-allowed="true" date-revised="2022-08-01" status="published"><classification-symbol>B62J11/00</classification-symbol><class-title date-revised="2020-02-01"><title-part><text>Supporting arrangements specially adapted for fastening specific devices to cycles, e.g. supports for attaching maps</text></title-part></class-title>
<classification-item breakdown-code="false" not-allocatable="false" level="8" additional-only="false" sort-key="B62J11/02" definition-exists="true" ipc-concordant="B62J11/02" c-set-base-allowed="false" c-set-subsequent-allowed="true" date-revised="2013-01-01" status="published"><classification-symbol>B62J11/02</classification-symbol><class-title date-revised="2013-01-01"><title-part><text>for pumps</text></title-part></class-title></classification-item>
<classification-item breakdown-code="false" not-allocatable="false" level="8" additional-only="false" sort-key="B62J11/04" definition-exists="false" ipc-concordant="B62J11/04" c-set-base-allowed="false" c-set-subsequent-allowed="true" date-revised="2022-08-01" status="published"><classification-symbol>B62J11/04</classification-symbol><class-title date-revised="2020-02-01"><title-part><text>for bottles</text></title-part></class-title></classification-item>
<classification-item breakdown-code="false" not-allocatable="false" level="8" additional-only="false" sort-key="B62J11/05" definition-exists="false" ipc-concordant="B62J11/05" c-set-base-allowed="false" c-set-subsequent-allowed="true" date-revised="2022-08-01" status="published"><classification-symbol>B62J11/05</classification-symbol><class-title date-revised="2020-02-01"><title-part><text>for sport articles, e.g. balls or golf clubs</text></title-part></class-title></classification-item>
<classification-item breakdown-code="false" not-allocatable="false" level="8" additional-only="false" sort-key="B62J11/10" definition-exists="true" ipc-concordant="B62J11/10" c-set-base-allowed="false" c-set-subsequent-allowed="true" date-revised="2022-08-01" status="published"><classification-symbol>B62J11/10</classification-symbol><class-title date-revised="2020-02-01"><title-part><text>for mechanical cables, hoses, pipes or electric wires, e.g. cable guides </text><reference><text>mounting or guiding of cables on rear derailleur <class-ref scheme="cpc">B62M9/127</class-ref>; mounting or guiding of cables on front derailleur <class-ref scheme="cpc">B62M9/137</class-ref></text></reference></title-part></class-title>
<classification-item breakdown-code="false" not-allocatable="false" level="9" additional-only="false" sort-key="B62J11/13" definition-exists="false" ipc-concordant="B62J11/13" c-set-base-allowed="false" c-set-subsequent-allowed="true" date-revised="2022-08-01" status="published"><classification-symbol>B62J11/13</classification-symbol><class-title date-revised="2020-02-01"><title-part><text>specially adapted for mechanical cables</text></title-part></class-title></classification-item>
<classification-item breakdown-code="false" not-allocatable="false" level="9" additional-only="false" sort-key="B62J11/16" definition-exists="false" ipc-concordant="B62J11/16" c-set-base-allowed="false" c-set-subsequent-allowed="true" date-revised="2022-08-01" status="published"><classification-symbol>B62J11/16</classification-symbol><class-title date-revised="2020-02-01"><title-part><text>specially adapted for hoses or pipes, e.g. hydraulic, pneumatic, coolant or air filter hoses </text><reference><text>air filter hoses <class-ref scheme="cpc">B62J40/10</class-ref></text></reference></title-part></class-title></classification-item>
<classification-item breakdown-code="false" not-allocatable="false" level="9" additional-only="false" sort-key="B62J11/19" definition-exists="false" ipc-concordant="B62J11/19" c-set-base-allowed="false" c-set-subsequent-allowed="true" date-revised="2022-08-01" status="published"><classification-symbol>B62J11/19</classification-symbol><class-title date-revised="2020-02-01"><title-part><text>specially adapted for electric wires</text></title-part></class-title></classification-item></classification-item>
<classification-item breakdown-code="false" not-allocatable="false" level="8" additional-only="false" sort-key="B62J11/20" definition-exists="false" ipc-concordant="B62J11/20" c-set-base-allowed="false" c-set-subsequent-allowed="true" date-revised="2022-08-01" status="published"><classification-symbol>B62J11/20</classification-symbol><class-title date-revised="2020-02-01"><title-part><text>Harnesses</text></title-part><title-part><text>Arms, e.g. for dog leads</text></title-part></class-title></classification-item>
<classification-item breakdown-code="false" not-allocatable="false" level="8" additional-only="false" sort-key="B62J11/22" definition-exists="false" ipc-concordant="B62J11/22" c-set-base-allowed="false" c-set-subsequent-allowed="true" date-revised="2022-08-01" status="published"><classification-symbol>B62J11/22</classification-symbol><class-title date-revised="2020-02-01"><title-part><text>specially adapted for tools </text><reference><text>containers for tools <class-ref scheme="cpc">B62J9/40</class-ref></text></reference></title-part></class-title></classification-item>
<classification-item breakdown-code="false" not-allocatable="false" level="8" additional-only="false" sort-key="B62J11/24" definition-exists="true" ipc-concordant="B62J11/24" c-set-base-allowed="false" c-set-subsequent-allowed="true" date-revised="2022-08-01" status="published"><classification-symbol>B62J11/24</classification-symbol><class-title date-revised="2020-02-01"><title-part><text>specially adapted for helmets </text><reference><text>containers under the saddle for helmets <class-ref scheme="cpc">B62J9/14</class-ref></text></reference></title-part></class-title></classification-item>
<classification-item breakdown-code="false" not-allocatable="false" level="8" additional-only="false" sort-key="B62J11/26" definition-exists="false" ipc-concordant="B62J11/26" c-set-base-allowed="false" c-set-subsequent-allowed="true" date-revised="2022-08-01" status="published"><classification-symbol>B62J11/26</classification-symbol><class-title date-revised="2020-02-01"><title-part><text>specially adapted for umbrellas</text></title-part></class-title></classification-item></classification-item></classification-item>
<classification-item breakdown-code="false" not-allocatable="true" level="6" additional-only="false" sort-key="B62J13/00" date-revised="2013-01-01" status="published"><classification-symbol>B62J13/00</classification-symbol><class-title date-revised="2013-01-01"><title-part><text>Protectors</text></title-part><title-part><text>Fairings or streamlining parts not otherwise provided for </text><reference><text>guards forming parts of cycle frames <class-ref scheme="cpc">B62K</class-ref>; guards in general <class-ref scheme="cpc">F16P</class-ref></text></reference></title-part></class-title>
<classification-item breakdown-code="false" not-allocatable="false" level="7" additional-only="false" sort-key="B62J13/00" definition-exists="true" ipc-concordant="B62J13/00" c-set-base-allowed="false" c-set-subsequent-allowed="true" date-revised="2013-01-01" status="published"><classification-symbol>B62J13/00</classification-symbol><class-title date-revised="2013-01-01"><title-part><text>Guards for chain, chain drive or equivalent drive, e.g. belt drive</text></title-part></class-title>
<classification-item breakdown-code="false" not-allocatable="false" level="8" additional-only="false" sort-key="B62J13/02" definition-exists="false" ipc-concordant="B62J13/02" c-set-base-allowed="false" c-set-subsequent-allowed="true" date-revised="2013-01-01" status="published"><classification-symbol>B62J13/02</classification-symbol><class-title date-revised="2013-01-01"><title-part><text>shielding only the upper run of the chain or the like</text></title-part></class-title></classification-item>
<classification-item breakdown-code="false" not-allocatable="false" level="8" additional-only="false" sort-key="B62J13/04" definition-exists="false" ipc-concordant="B62J13/04" c-set-base-allowed="false" c-set-subsequent-allowed="true" date-revised="2013-01-01" status="published"><classification-symbol>B62J13/04</classification-symbol><class-title date-revised="2013-01-01"><title-part><text>completely enclosing the chain drive or the like</text></title-part></class-title>
<classification-item breakdown-code="false" not-allocatable="false" level="9" additional-only="false" sort-key="B62J13/06" definition-exists="false" ipc-concordant="B62J13/06" c-set-base-allowed="false" c-set-subsequent-allowed="true" date-revised="2017-08-01" status="published"><classification-symbol>B62J13/06</classification-symbol><class-title date-revised="2017-08-01"><title-part><text>admitting ready access to the chain or the like</text></title-part></class-title></classification-item></classification-item></classification-item>
<classification-item breakdown-code="false" not-allocatable="false" level="7" additional-only="false" sort-key="B62J15/00" definition-exists="true" ipc-concordant="B62J15/00" c-set-base-allowed="false" c-set-subsequent-allowed="true" date-revised="2013-01-01" status="published"><classification-symbol>B62J15/00</classification-symbol><class-title date-revised="2013-01-01"><title-part><text>Mud-guards for wheels</text></title-part></class-title>
<classification-item breakdown-code="false" not-allocatable="false" level="8" additional-only="false" sort-key="B62J15/02" definition-exists="false" ipc-concordant="B62J15/02" c-set-base-allowed="false" c-set-subsequent-allowed="true" date-revised="2013-01-01" status="published"><classification-symbol>B62J15/02</classification-symbol><class-title date-revised="2013-01-01"><title-part><text>Fastening means</text></title-part><title-part><text>Stays</text></title-part></class-title></classification-item>
<classification-item breakdown-code="false" not-allocatable="false" level="8" additional-only="false" sort-key="B62J15/04" definition-exists="false" ipc-concordant="B62J15/04" c-set-base-allowed="false" c-set-subsequent-allowed="true" date-revised="2013-01-01" status="published"><classification-symbol>B62J15/04</classification-symbol><class-title date-revised="2013-01-01"><title-part><text>Mud flaps</text></title-part></class-title></classification-item></classification-item>
<classification-item breakdown-code="false" not-allocatable="false" level="7" additional-only="false" sort-key="B62J17/00" definition-exists="true" ipc-concordant="B62J17/00" c-set-base-allowed="false" c-set-subsequent-allowed="true" date-revised="2022-08-01" status="published"><classification-symbol>B62J17/00</classification-symbol><class-title date-revised="2020-02-01"><title-part><text>Weather guards for riders</text></title-part><title-part><text>Fairings or stream-lining parts not otherwise provided for</text></title-part></class-title>
<classification-item breakdown-code="false" not-allocatable="false" level="8" additional-only="false" sort-key="B62J17/02" definition-exists="false" ipc-concordant="B62J17/02" c-set-base-allowed="false" c-set-subsequent-allowed="true" date-revised="2013-01-01" status="published"><classification-symbol>B62J17/02</classification-symbol><class-title date-revised="2013-01-01"><title-part><text>shielding only the rider&apos;s front</text></title-part></class-title>
<classification-item breakdown-code="false" not-allocatable="false" level="9" additional-only="false" sort-key="B62J17/04" definition-exists="false" ipc-concordant="B62J17/04" c-set-base-allowed="false" c-set-subsequent-allowed="true" date-revised="2013-01-01" status="published"><classification-symbol>B62J17/04</classification-symbol><class-title date-revised="2013-01-01"><title-part><text>Windscreens</text></title-part></class-title></classification-item>
<classification-item breakdown-code="false" not-allocatable="false" level="9" additional-only="false" sort-key="B62J17/06" definition-exists="false" ipc-concordant="B62J17/06" c-set-base-allowed="false" c-set-subsequent-allowed="true" date-revised="2013-01-01" status="published"><classification-symbol>B62J17/06</classification-symbol><class-title date-revised="2013-01-01"><title-part><text>Leg guards</text></title-part></class-title>
<classification-item breakdown-code="false" not-allocatable="false" level="10" additional-only="false" sort-key="B62J17/065" definition-exists="false" ipc-concordant="B62J17/06" c-set-base-allowed="false" c-set-subsequent-allowed="true" date-revised="2013-01-01" status="published"><classification-symbol>B62J17/065</classification-symbol><class-title date-revised="2013-01-01"><title-part><CPC-specific-text><text>Apron-like covers for rider protection</text></CPC-specific-text></title-part></class-title></classification-item></classification-item></classification-item>
<classification-item breakdown-code="false" not-allocatable="false" level="8" additional-only="false" sort-key="B62J17/08" definition-exists="false" ipc-concordant="B62J17/08" c-set-base-allowed="false" c-set-subsequent-allowed="true" date-revised="2013-01-01" status="published"><classification-symbol>B62J17/08</classification-symbol><class-title date-revised="2013-01-01"><title-part><text>Hoods protecting the rider</text></title-part></class-title>
<classification-item breakdown-code="false" not-allocatable="false" level="9" additional-only="false" sort-key="B62J17/083" definition-exists="true" ipc-concordant="B62J17/083" c-set-base-allowed="false" c-set-subsequent-allowed="true" date-revised="2020-02-01" status="published"><classification-symbol>B62J17/083</classification-symbol><class-title date-revised="2020-02-01"><title-part><text>Frame mounted hoods specially adapted for rider propelled cycles</text></title-part></class-title></classification-item>
<classification-item breakdown-code="false" not-allocatable="false" level="9" additional-only="false" sort-key="B62J17/086" definition-exists="true" ipc-concordant="B62J17/086" c-set-base-allowed="false" c-set-subsequent-allowed="true" date-revised="2020-02-01" status="published"><classification-symbol>B62J17/086</classification-symbol><class-title date-revised="2020-02-01"><title-part><text>Frame mounted hoods specially adapted for motorcycles or the like</text></title-part></class-title></classification-item></classification-item>
<classification-item breakdown-code="false" not-allocatable="false" level="8" additional-only="false" sort-key="B62J17/10" definition-exists="true" ipc-concordant="B62J17/10" c-set-base-allowed="false" c-set-subsequent-allowed="true" date-revised="2022-08-01" status="published"><classification-symbol>B62J17/10</classification-symbol><class-title date-revised="2020-02-01"><title-part><text>Ventilation or air guiding devices forming part of fairings</text></title-part></class-title></classification-item></classification-item>
<classification-item breakdown-code="false" not-allocatable="false" level="7" additional-only="false" sort-key="B62J19/00" definition-exists="true" ipc-concordant="B62J19/00" c-set-base-allowed="false" c-set-subsequent-allowed="true" date-revised="2020-02-01" status="published"><classification-symbol>B62J19/00</classification-symbol><class-title date-revised="2020-02-01"><title-part><text>Parking covers for cycles</text></title-part></class-title></classification-item>
<classification-item breakdown-code="false" not-allocatable="false" level="7" additional-only="false" sort-key="B62J21/00" definition-exists="true" ipc-concordant="B62J21/00" c-set-base-allowed="false" c-set-subsequent-allowed="true" date-revised="2020-02-01" status="published"><classification-symbol>B62J21/00</classification-symbol><class-title date-revised="2020-02-01"><title-part><text>Dress protectors, e.g. clips attached to the cycle</text></title-part></class-title>
<classification-item breakdown-code="false" not-allocatable="false" level="8" additional-only="false" sort-key="B62J21/005" definition-exists="false" ipc-concordant="B62J21/00" c-set-base-allowed="false" c-set-subsequent-allowed="true" date-revised="2013-01-01" status="published"><classification-symbol>B62J21/005</classification-symbol><class-title date-revised="2013-01-01"><title-part><CPC-specific-text><text>Dress protectors for cranks</text></CPC-specific-text></title-part></class-title></classification-item></classification-item>
<classification-item breakdown-code="false" not-allocatable="false" level="7" additional-only="false" sort-key="B62J23/00" definition-exists="false" ipc-concordant="B62J23/00" c-set-base-allowed="false" c-set-subsequent-allowed="true" date-revised="2013-01-01" status="published"><classification-symbol>B62J23/00</classification-symbol><class-title date-revised="2013-01-01"><title-part><text>Other protectors specially adapted for cycles</text></title-part></class-title></classification-item>
<classification-item breakdown-code="false" not-allocatable="false" level="7" additional-only="false" sort-key="B62J25/00" definition-exists="true" ipc-concordant="B62J25/00" c-set-base-allowed="false" c-set-subsequent-allowed="true" date-revised="2022-08-01" status="published"><classification-symbol>B62J25/00</classification-symbol><class-title date-revised="2020-02-01"><title-part><text>Foot-rests</text></title-part><title-part><text>Knee grips</text></title-part><title-part><text>Passenger hand-grips</text></title-part></class-title>
<classification-item breakdown-code="false" not-allocatable="false" level="8" additional-only="false" sort-key="B62J25/02" definition-exists="false" ipc-concordant="B62J25/02" c-set-base-allowed="false" c-set-subsequent-allowed="true" date-revised="2022-08-01" status="published"><classification-symbol>B62J25/02</classification-symbol><class-title date-revised="2020-02-01"><title-part><text>Knee grips, e.g. on fuel tanks</text></title-part></class-title></classification-item>
<classification-item breakdown-code="false" not-allocatable="false" level="8" additional-only="false" sort-key="B62J25/04" definition-exists="false" ipc-concordant="B62J25/04" c-set-base-allowed="false" c-set-subsequent-allowed="true" date-revised="2022-08-01" status="published"><classification-symbol>B62J25/04</classification-symbol><class-title date-revised="2020-02-01"><title-part><text>Floor-type foot rests</text></title-part></class-title></classification-item>
<classification-item breakdown-code="false" not-allocatable="false" level="8" additional-only="false" sort-key="B62J25/06" definition-exists="true" ipc-concordant="B62J25/06" c-set-base-allowed="false" c-set-subsequent-allowed="true" date-revised="2022-08-01" status="published"><classification-symbol>B62J25/06</classification-symbol><class-title date-revised="2020-02-01"><title-part><text>Bar-type foot rests</text></title-part></class-title></classification-item>
<classification-item breakdown-code="false" not-allocatable="false" level="8" additional-only="false" sort-key="B62J25/08" definition-exists="false" ipc-concordant="B62J25/08" c-set-base-allowed="false" c-set-subsequent-allowed="true" date-revised="2022-08-01" status="published"><classification-symbol>B62J25/08</classification-symbol><class-title date-revised="2020-02-01"><title-part><text>Passengers hand-grips</text></title-part></class-title>
<classification-item breakdown-code="false" not-allocatable="false" level="9" additional-only="false" sort-key="B62J25/10" definition-exists="false" ipc-concordant="B62J25/08" c-set-base-allowed="false" c-set-subsequent-allowed="true" date-revised="2020-02-01" status="published"><classification-symbol>B62J25/10</classification-symbol><class-title date-revised="2020-02-01"><title-part><CPC-specific-text><text>Pillion grab handles attached to riders clothing</text></CPC-specific-text></title-part></class-title></classification-item></classification-item></classification-item>
<classification-item breakdown-code="false" not-allocatable="false" level="7" additional-only="false" sort-key="B62J27/00" definition-exists="true" ipc-concordant="B62J27/00" c-set-base-allowed="false" c-set-subsequent-allowed="true" date-revised="2022-08-01" status="published"><classification-symbol>B62J27/00</classification-symbol><class-title date-revised="2020-02-01"><title-part><text>Safety equipment</text></title-part></class-title>
<classification-item breakdown-code="false" not-allocatable="false" level="8" additional-only="false" sort-key="B62J27/10" definition-exists="false" ipc-concordant="B62J27/10" c-set-base-allowed="false" c-set-subsequent-allowed="true" date-revised="2022-08-01" status="published"><classification-symbol>B62J27/10</classification-symbol><class-title date-revised="2020-02-01"><title-part><text>Safety belts specially adapted for motorcycles or the like</text></title-part></class-title></classification-item>
<classification-item breakdown-code="false" not-allocatable="false" level="8" additional-only="false" sort-key="B62J27/20" definition-exists="false" ipc-concordant="B62J27/20" c-set-base-allowed="false" c-set-subsequent-allowed="true" date-revised="2022-08-01" status="published"><classification-symbol>B62J27/20</classification-symbol><class-title date-revised="2020-02-01"><title-part><text>Airbags specially adapted for motorcycles or the like</text></title-part></class-title></classification-item>
<classification-item breakdown-code="false" not-allocatable="false" level="8" additional-only="false" sort-key="B62J27/30" definition-exists="true" ipc-concordant="B62J27/30" c-set-base-allowed="false" c-set-subsequent-allowed="true" date-revised="2022-08-01" status="published"><classification-symbol>B62J27/30</classification-symbol><class-title date-revised="2020-02-01"><title-part><text>Crash bars</text></title-part><title-part><text>Crash bungs</text></title-part></class-title></classification-item></classification-item>
<classification-item breakdown-code="false" not-allocatable="false" level="7" additional-only="false" sort-key="B62J29/00" definition-exists="true" ipc-concordant="B62J29/00" c-set-base-allowed="false" c-set-subsequent-allowed="true" date-revised="2020-02-01" status="published"><classification-symbol>B62J29/00</classification-symbol><class-title date-revised="2020-02-01"><title-part><text>Adaptations or arrangements of mirrors for use on cycles</text></title-part></class-title></classification-item>
<classification-item breakdown-code="false" not-allocatable="false" level="7" additional-only="false" sort-key="B62J31/00" definition-exists="false" ipc-concordant="B62J31/00" c-set-base-allowed="false" c-set-subsequent-allowed="true" date-revised="2013-01-01" status="published"><classification-symbol>B62J31/00</classification-symbol><class-title date-revised="2013-01-01"><title-part><text>Installations of lubricating devices</text></title-part></class-title></classification-item>
<classification-item breakdown-code="false" not-allocatable="false" level="7" additional-only="false" sort-key="B62J33/00" definition-exists="true" ipc-concordant="B62J33/00" c-set-base-allowed="false" c-set-subsequent-allowed="true" date-revised="2020-02-01" status="published"><classification-symbol>B62J33/00</classification-symbol><class-title date-revised="2020-02-01"><title-part><text>Arrangements for warming riders specially adapted for cycles</text></title-part></class-title></classification-item>
<classification-item breakdown-code="false" not-allocatable="false" level="7" additional-only="false" sort-key="B62J35/00" definition-exists="true" ipc-concordant="B62J35/00" c-set-base-allowed="false" c-set-subsequent-allowed="true" date-revised="2017-08-01" status="published"><classification-symbol>B62J35/00</classification-symbol><class-title date-revised="2017-08-01"><title-part><text>Fuel tanks specially adapted for motorcycles or engine-assisted cycles</text></title-part><title-part><text>Arrangements thereof </text><reference><text>fuel tanks forming part of cycle frames <class-ref scheme="cpc">B62K11/00</class-ref>; tanks in general <class-ref scheme="cpc">B60K</class-ref> </text><CPC-specific-text><text>; closure caps for fuel tanks <class-ref scheme="cpc">B60K15/0406</class-ref></text></CPC-specific-text></reference></title-part></class-title></classification-item>
<classification-item breakdown-code="false" not-allocatable="false" level="7" additional-only="false" sort-key="B62J37/00" definition-exists="false" ipc-concordant="B62J37/00" c-set-base-allowed="false" c-set-subsequent-allowed="true" date-revised="2013-01-01" status="published"><classification-symbol>B62J37/00</classification-symbol><class-title date-revised="2013-01-01"><title-part><text>Arrangements of fuel supply lines, taps, or the like, on motor cycles or engine-assisted cycles</text></title-part></class-title></classification-item>
<classification-item breakdown-code="false" not-allocatable="false" level="7" additional-only="false" sort-key="B62J40/00" definition-exists="true" ipc-concordant="B62J40/00" c-set-base-allowed="false" c-set-subsequent-allowed="true" date-revised="2022-08-01" status="published"><classification-symbol>B62J40/00</classification-symbol><class-title date-revised="2020-02-01"><title-part><text>Arrangements of air cleaners specially adapted for cycles</text></title-part></class-title>
<classification-item breakdown-code="false" not-allocatable="false" level="8" additional-only="false" sort-key="B62J40/10" definition-exists="false" ipc-concordant="B62J40/10" c-set-base-allowed="false" c-set-subsequent-allowed="true" date-revised="2022-08-01" status="published"><classification-symbol>B62J40/10</classification-symbol><class-title date-revised="2020-02-01"><title-part><text>characterised by air duct arrangements</text></title-part></class-title></classification-item></classification-item>
<classification-item breakdown-code="false" not-allocatable="false" level="7" additional-only="false" sort-key="B62J41/00" definition-exists="true" ipc-concordant="B62J41/00" c-set-base-allowed="false" c-set-subsequent-allowed="true" date-revised="2022-08-01" status="published"><classification-symbol>B62J41/00</classification-symbol><class-title date-revised="2020-02-01"><title-part><text>Arrangements of radiators, coolant hoses or pipes on cycles</text></title-part></class-title></classification-item>
<classification-item breakdown-code="false" not-allocatable="false" level="7" additional-only="false" sort-key="B62J43/00" definition-exists="true" ipc-concordant="B62J43/00" c-set-base-allowed="false" c-set-subsequent-allowed="true" date-revised="2022-08-01" status="published"><classification-symbol>B62J43/00</classification-symbol><class-title date-revised="2020-02-01"><title-part><text>Arrangements of batteries</text></title-part></class-title>
<classification-item breakdown-code="false" not-allocatable="false" level="8" additional-only="false" sort-key="B62J43/10" definition-exists="false" ipc-concordant="B62J43/10" c-set-base-allowed="false" c-set-subsequent-allowed="true" date-revised="2022-08-01" status="published"><classification-symbol>B62J43/10</classification-symbol><class-title date-revised="2020-02-01"><title-part><text>for propulsion</text></title-part></class-title>
<classification-item breakdown-code="false" not-allocatable="false" level="9" additional-only="false" sort-key="B62J43/13" definition-exists="false" ipc-concordant="B62J43/13" c-set-base-allowed="false" c-set-subsequent-allowed="true" date-revised="2020-02-01" status="published"><classification-symbol>B62J43/13</classification-symbol><class-title date-revised="2020-02-01"><title-part><text>on rider-propelled cycles with additional electric propulsion</text></title-part></class-title></classification-item>
<classification-item breakdown-code="false" not-allocatable="false" level="9" additional-only="false" sort-key="B62J43/16" definition-exists="false" ipc-concordant="B62J43/16" c-set-base-allowed="false" c-set-subsequent-allowed="true" date-revised="2020-02-01" status="published"><classification-symbol>B62J43/16</classification-symbol><class-title date-revised="2020-02-01"><title-part><text>on motorcycles or the like</text></title-part></class-title></classification-item></classification-item>
<classification-item breakdown-code="false" not-allocatable="false" level="8" additional-only="false" sort-key="B62J43/20" definition-exists="false" ipc-concordant="B62J43/20" c-set-base-allowed="false" c-set-subsequent-allowed="true" date-revised="2022-08-01" status="published"><classification-symbol>B62J43/20</classification-symbol><class-title date-revised="2020-02-01"><title-part><text>characterised by the mounting</text></title-part></class-title>
<classification-item breakdown-code="false" not-allocatable="false" level="9" additional-only="false" sort-key="B62J43/23" definition-exists="false" ipc-concordant="B62J43/23" c-set-base-allowed="false" c-set-subsequent-allowed="true" date-revised="2020-02-01" status="published"><classification-symbol>B62J43/23</classification-symbol><class-title date-revised="2020-02-01"><title-part><text>dismounted when charging</text></title-part></class-title></classification-item>
<classification-item breakdown-code="false" not-allocatable="false" level="9" additional-only="false" sort-key="B62J43/26" definition-exists="false" ipc-concordant="B62J43/26" c-set-base-allowed="false" c-set-subsequent-allowed="true" date-revised="2020-02-01" status="published"><classification-symbol>B62J43/26</classification-symbol><class-title date-revised="2020-02-01"><title-part><text>carried on a trailer</text></title-part></class-title></classification-item>
<classification-item breakdown-code="false" not-allocatable="false" level="9" additional-only="false" sort-key="B62J43/28" definition-exists="false" ipc-concordant="B62J43/28" c-set-base-allowed="false" c-set-subsequent-allowed="true" date-revised="2020-02-01" status="published"><classification-symbol>B62J43/28</classification-symbol><class-title date-revised="2020-02-01"><title-part><text>hidden within the cycle frame</text></title-part></class-title></classification-item></classification-item>
<classification-item breakdown-code="false" not-allocatable="false" level="8" additional-only="false" sort-key="B62J43/30" definition-exists="false" ipc-concordant="B62J43/30" c-set-base-allowed="false" c-set-subsequent-allowed="true" date-revised="2022-08-01" status="published"><classification-symbol>B62J43/30</classification-symbol><class-title date-revised="2020-02-01"><title-part><text>for providing power to equipment other than for propulsion</text></title-part></class-title></classification-item></classification-item>
<classification-item breakdown-code="false" not-allocatable="false" level="7" additional-only="false" sort-key="B62J45/00" definition-exists="true" ipc-concordant="B62J45/00" c-set-base-allowed="false" c-set-subsequent-allowed="true" date-revised="2020-02-01" status="published"><classification-symbol>B62J45/00</classification-symbol><class-title date-revised="2020-02-01"><title-part><text>Electrical equipment arrangements specially adapted for use as accessories on cycles, not otherwise provided for</text></title-part></class-title>
<classification-item breakdown-code="false" not-allocatable="false" level="8" additional-only="false" sort-key="B62J45/10" definition-exists="false" ipc-concordant="B62J45/10" c-set-base-allowed="false" c-set-subsequent-allowed="true" date-revised="2020-02-01" status="published"><classification-symbol>B62J45/10</classification-symbol><class-title date-revised="2020-02-01"><title-part><text>Arrangement of audio equipment</text></title-part><title-part><text>Supports therefor</text></title-part></class-title></classification-item>
<classification-item breakdown-code="false" not-allocatable="false" level="8" additional-only="false" sort-key="B62J45/20" definition-exists="true" ipc-concordant="B62J45/20" c-set-base-allowed="false" c-set-subsequent-allowed="true" date-revised="2022-08-01" status="published"><classification-symbol>B62J45/20</classification-symbol><class-title date-revised="2020-02-01"><title-part><text>Cycle computers as cycle accessories</text></title-part></class-title></classification-item>
<classification-item breakdown-code="false" not-allocatable="false" level="8" additional-only="false" sort-key="B62J45/40" definition-exists="true" ipc-concordant="B62J45/40" c-set-base-allowed="false" c-set-subsequent-allowed="true" date-revised="2022-08-01" status="published"><classification-symbol>B62J45/40</classification-symbol><class-title date-revised="2020-02-01"><title-part><text>Sensor arrangements </text><reference><text>sensors for control of electrically assisted cycles <class-ref scheme="cpc">B62M6/50</class-ref></text></reference></title-part><title-part><text>Mounting thereof</text></title-part></class-title>
<classification-item breakdown-code="false" not-allocatable="false" level="9" additional-only="false" sort-key="B62J45/41" definition-exists="false" ipc-concordant="B62J45/41" c-set-base-allowed="false" c-set-subsequent-allowed="true" date-revised="2022-08-01" status="published"><classification-symbol>B62J45/41</classification-symbol><class-title date-revised="2020-02-01"><title-part><text>characterised by the type of sensor</text></title-part></class-title>
<classification-item breakdown-code="false" not-allocatable="false" level="10" additional-only="false" sort-key="B62J45/411" definition-exists="false" ipc-concordant="B62J45/411" c-set-base-allowed="false" c-set-subsequent-allowed="true" date-revised="2020-02-01" status="published"><classification-symbol>B62J45/411</classification-symbol><class-title date-revised="2020-02-01"><title-part><text>Torque sensors</text></title-part></class-title></classification-item>
<classification-item breakdown-code="false" not-allocatable="false" level="10" additional-only="false" sort-key="B62J45/412" definition-exists="false" ipc-concordant="B62J45/412" c-set-base-allowed="false" c-set-subsequent-allowed="true" date-revised="2020-02-01" status="published"><classification-symbol>B62J45/412</classification-symbol><class-title date-revised="2020-02-01"><title-part><text>Speed sensors</text></title-part></class-title></classification-item>
<classification-item breakdown-code="false" not-allocatable="false" level="10" additional-only="false" sort-key="B62J45/413" definition-exists="false" ipc-concordant="B62J45/413" c-set-base-allowed="false" c-set-subsequent-allowed="true" date-revised="2020-02-01" status="published"><classification-symbol>B62J45/413</classification-symbol><class-title date-revised="2020-02-01"><title-part><text>Rotation sensors</text></title-part></class-title></classification-item>
<classification-item breakdown-code="false" not-allocatable="false" level="10" additional-only="false" sort-key="B62J45/414" definition-exists="false" ipc-concordant="B62J45/414" c-set-base-allowed="false" c-set-subsequent-allowed="true" date-revised="2020-02-01" status="published"><classification-symbol>B62J45/414</classification-symbol><class-title date-revised="2020-02-01"><title-part><text>Acceleration sensors</text></title-part></class-title></classification-item>
<classification-item breakdown-code="false" not-allocatable="false" level="10" additional-only="false" sort-key="B62J45/415" definition-exists="false" ipc-concordant="B62J45/415" c-set-base-allowed="false" c-set-subsequent-allowed="true" date-revised="2020-02-01" status="published"><classification-symbol>B62J45/415</classification-symbol><class-title date-revised="2020-02-01"><title-part><text>Inclination sensors</text></title-part></class-title>
<classification-item breakdown-code="false" not-allocatable="false" level="11" additional-only="false" sort-key="B62J45/4151" definition-exists="false" ipc-concordant="B62J45/415" c-set-base-allowed="false" c-set-subsequent-allowed="true" date-revised="2020-02-01" status="published"><classification-symbol>B62J45/4151</classification-symbol><class-title date-revised="2020-02-01"><title-part><CPC-specific-text><text>for sensing lateral inclination of the cycle</text></CPC-specific-text></title-part></class-title></classification-item>
<classification-item breakdown-code="false" not-allocatable="false" level="11" additional-only="false" sort-key="B62J45/4152" definition-exists="false" ipc-concordant="B62J45/415" c-set-base-allowed="false" c-set-subsequent-allowed="true" date-revised="2020-02-01" status="published"><classification-symbol>B62J45/4152</classification-symbol><class-title date-revised="2020-02-01"><title-part><CPC-specific-text><text>for sensing longitudinal inclination of the cycle</text></CPC-specific-text></title-part></class-title></classification-item></classification-item>
<classification-item breakdown-code="false" not-allocatable="false" level="10" additional-only="false" sort-key="B62J45/416" definition-exists="false" ipc-concordant="B62J45/416" c-set-base-allowed="false" c-set-subsequent-allowed="true" date-revised="2020-02-01" status="published"><classification-symbol>B62J45/416</classification-symbol><class-title date-revised="2020-02-01"><title-part><text>Physiological sensors, e.g. heart rate sensors</text></title-part></class-title></classification-item></classification-item>
<classification-item breakdown-code="false" not-allocatable="false" level="9" additional-only="false" sort-key="B62J45/42" definition-exists="false" ipc-concordant="B62J45/42" c-set-base-allowed="false" c-set-subsequent-allowed="true" date-revised="2022-08-01" status="published"><classification-symbol>B62J45/42</classification-symbol><class-title date-revised="2020-02-01"><title-part><text>characterised by mounting</text></title-part></class-title>
<classification-item breakdown-code="false" not-allocatable="false" level="10" additional-only="false" sort-key="B62J45/421" definition-exists="false" ipc-concordant="B62J45/421" c-set-base-allowed="false" c-set-subsequent-allowed="true" date-revised="2020-02-01" status="published"><classification-symbol>B62J45/421</classification-symbol><class-title date-revised="2020-02-01"><title-part><text>at the pedal crank</text></title-part></class-title></classification-item>
<classification-item breakdown-code="false" not-allocatable="false" level="10" additional-only="false" sort-key="B62J45/422" definition-exists="false" ipc-concordant="B62J45/422" c-set-base-allowed="false" c-set-subsequent-allowed="true" date-revised="2020-02-01" status="published"><classification-symbol>B62J45/422</classification-symbol><class-title date-revised="2020-02-01"><title-part><text>on the handlebar</text></title-part></class-title></classification-item>
<classification-item breakdown-code="false" not-allocatable="false" level="10" additional-only="false" sort-key="B62J45/423" definition-exists="false" ipc-concordant="B62J45/423" c-set-base-allowed="false" c-set-subsequent-allowed="true" date-revised="2020-02-01" status="published"><classification-symbol>B62J45/423</classification-symbol><class-title date-revised="2020-02-01"><title-part><text>on or besides the wheel</text></title-part></class-title></classification-item></classification-item></classification-item></classification-item>
<classification-item breakdown-code="false" not-allocatable="false" level="7" additional-only="false" sort-key="B62J50/00" definition-exists="false" ipc-concordant="B62J50/00" c-set-base-allowed="false" c-set-subsequent-allowed="true" date-revised="2022-08-01" status="published"><classification-symbol>B62J50/00</classification-symbol><class-title date-revised="2020-02-01"><title-part><text>Arrangements specially adapted for use on cycles not provided for in main groups <class-ref scheme="cpc">B62J1/00</class-ref> - <class-ref scheme="cpc">B62J45/00</class-ref></text></title-part></class-title>
<classification-item breakdown-code="false" not-allocatable="false" level="8" additional-only="false" sort-key="B62J50/10" definition-exists="false" ipc-concordant="B62J50/10" c-set-base-allowed="false" c-set-subsequent-allowed="true" date-revised="2020-02-01" status="published"><classification-symbol>B62J50/10</classification-symbol><class-title date-revised="2020-02-01"><title-part><text>Means for carrying cycles by hand</text></title-part></class-title></classification-item>
<classification-item breakdown-code="false" not-allocatable="false" level="8" additional-only="false" sort-key="B62J50/15" definition-exists="false" ipc-concordant="B62J50/15" c-set-base-allowed="false" c-set-subsequent-allowed="true" date-revised="2022-08-01" status="published"><classification-symbol>B62J50/15</classification-symbol><class-title date-revised="2020-02-01"><title-part><text>Cleaning devices</text></title-part></class-title>
<classification-item breakdown-code="false" not-allocatable="false" level="9" additional-only="false" sort-key="B62J50/16" definition-exists="false" ipc-concordant="B62J50/16" c-set-base-allowed="false" c-set-subsequent-allowed="true" date-revised="2020-02-01" status="published"><classification-symbol>B62J50/16</classification-symbol><class-title date-revised="2020-02-01"><title-part><text>for cleaning parts of the cycle, e.g. windscreen wipers</text></title-part></class-title></classification-item>
<classification-item breakdown-code="false" not-allocatable="false" level="9" additional-only="false" sort-key="B62J50/17" definition-exists="false" ipc-concordant="B62J50/17" c-set-base-allowed="false" c-set-subsequent-allowed="true" date-revised="2020-02-01" status="published"><classification-symbol>B62J50/17</classification-symbol><class-title date-revised="2020-02-01"><title-part><text>for using the cycle as a cleaning device, e.g. floor sweeping</text></title-part></class-title></classification-item></classification-item>
<classification-item breakdown-code="false" not-allocatable="false" level="8" additional-only="false" sort-key="B62J50/20" definition-exists="false" ipc-concordant="B62J50/20" c-set-base-allowed="false" c-set-subsequent-allowed="true" date-revised="2022-08-01" status="published"><classification-symbol>B62J50/20</classification-symbol><class-title date-revised="2020-02-01"><title-part><text>Information-providing devices</text></title-part></class-title>
<classification-item breakdown-code="false" not-allocatable="false" level="9" additional-only="false" sort-key="B62J50/21" definition-exists="false" ipc-concordant="B62J50/21" c-set-base-allowed="false" c-set-subsequent-allowed="true" date-revised="2022-08-01" status="published"><classification-symbol>B62J50/21</classification-symbol><class-title date-revised="2020-02-01"><title-part><text>intended to provide information to rider or passenger</text></title-part></class-title>
<classification-item breakdown-code="false" not-allocatable="false" level="10" additional-only="false" sort-key="B62J50/22" definition-exists="true" ipc-concordant="B62J50/22" c-set-base-allowed="false" c-set-subsequent-allowed="true" date-revised="2022-08-01" status="published"><classification-symbol>B62J50/22</classification-symbol><class-title date-revised="2020-02-01"><title-part><text>electronic, e.g. displays</text></title-part></class-title></classification-item>
<classification-item breakdown-code="false" not-allocatable="false" level="10" additional-only="false" sort-key="B62J50/225" definition-exists="false" ipc-concordant="B62J50/21" c-set-base-allowed="false" c-set-subsequent-allowed="true" date-revised="2022-08-01" status="published"><classification-symbol>B62J50/225</classification-symbol><class-title date-revised="2020-02-01"><title-part><CPC-specific-text><text>Mounting arrangements therefor</text></CPC-specific-text></title-part></class-title></classification-item>
<classification-item breakdown-code="false" not-allocatable="false" level="10" additional-only="false" sort-key="B62J50/23" definition-exists="false" ipc-concordant="B62J50/23" c-set-base-allowed="false" c-set-subsequent-allowed="true" date-revised="2022-08-01" status="published"><classification-symbol>B62J50/23</classification-symbol><class-title date-revised="2020-02-01"><title-part><text>mechanical, e.g. cable-driven trip meters</text></title-part></class-title></classification-item></classification-item>
<classification-item breakdown-code="false" not-allocatable="false" level="9" additional-only="false" sort-key="B62J50/25" definition-exists="false" ipc-concordant="B62J50/25" c-set-base-allowed="false" c-set-subsequent-allowed="true" date-revised="2022-08-01" status="published"><classification-symbol>B62J50/25</classification-symbol><class-title date-revised="2020-02-01"><title-part><text>intended to provide information to other road users, e.g. signs or flags</text></title-part></class-title>
<classification-item breakdown-code="false" not-allocatable="false" level="10" additional-only="false" sort-key="B62J50/26" definition-exists="true" ipc-concordant="B62J50/26" c-set-base-allowed="false" c-set-subsequent-allowed="true" date-revised="2022-08-01" status="published"><classification-symbol>B62J50/26</classification-symbol><class-title date-revised="2020-02-01"><title-part><text>Number plates</text></title-part></class-title></classification-item></classification-item>
<classification-item breakdown-code="false" not-allocatable="false" level="9" additional-only="false" sort-key="B62J50/28" definition-exists="false" ipc-concordant="B62J50/28" c-set-base-allowed="false" c-set-subsequent-allowed="true" date-revised="2022-08-01" status="published"><classification-symbol>B62J50/28</classification-symbol><class-title date-revised="2020-02-01"><title-part><text>characterised by quick release, e.g. snap on connectors</text></title-part></class-title></classification-item></classification-item>
<classification-item breakdown-code="false" not-allocatable="false" level="8" additional-only="false" sort-key="B62J50/30" definition-exists="true" ipc-concordant="B62J50/30" c-set-base-allowed="false" c-set-subsequent-allowed="true" date-revised="2022-08-01" status="published"><classification-symbol>B62J50/30</classification-symbol><class-title date-revised="2020-02-01"><title-part><text>Means for ventilation within devices provided on the cycle, e.g. ventilation means in a battery container</text></title-part></class-title></classification-item>
<classification-item breakdown-code="false" not-allocatable="false" level="8" additional-only="false" sort-key="B62J50/40" definition-exists="true" ipc-concordant="B62J50/40" c-set-base-allowed="false" c-set-subsequent-allowed="true" date-revised="2020-02-01" status="published"><classification-symbol>B62J50/40</classification-symbol><class-title date-revised="2020-02-01"><title-part><text>Ornaments or toys</text></title-part></class-title></classification-item></classification-item>
<classification-item breakdown-code="false" not-allocatable="false" level="7" additional-only="false" sort-key="B62J99/00" definition-exists="true" ipc-concordant="B62J99/00" c-set-base-allowed="false" c-set-subsequent-allowed="true" date-revised="2022-08-01" status="published"><classification-symbol>B62J99/00</classification-symbol><class-title date-revised="2013-01-01"><title-part><text>Subject matter not provided for in other groups of this subclass</text></title-part></class-title></classification-item></classification-item></classification-item></class-scheme>