<?xml version="1.0" encoding="UTF-8"?>
<class-scheme publication-date="2023-08-01" scheme-type="cpc" publication-type="official">
<classification-item breakdown-code="false" not-allocatable="true" level="5" additional-only="false" sort-key="D06G" definition-exists="true" date-revised="2020-01-01" status="published"><classification-symbol>D06G</classification-symbol><class-title date-revised="2020-01-01"><title-part><text>MECHANICAL OR PRESSURE CLEANING OF CARPETS, RUGS, SACKS, HIDES, OR OTHER SKIN OR TEXTILE ARTICLES OR FABRICS</text></title-part><title-part><text>TURNING INSIDE-OUT FLEXIBLE TUBULAR OR OTHER HOLLOW ARTICLES</text></title-part></class-title>
<classification-item breakdown-code="false" not-allocatable="true" level="6" additional-only="false" sort-key="D06G1/00" date-revised="2013-01-01" status="published"><classification-symbol>D06G1/00</classification-symbol>
<classification-item breakdown-code="false" not-allocatable="false" level="7" additional-only="false" sort-key="D06G1/00" definition-exists="true" ipc-concordant="D06G1/00" c-set-base-allowed="false" c-set-subsequent-allowed="true" date-revised="2020-01-01" status="published"><classification-symbol>D06G1/00</classification-symbol><class-title date-revised="2020-01-01"><title-part><text>Beating, brushing, or otherwise mechanically cleaning or pressure cleaning carpets, rugs, sacks, hides, or other skin or textile articles or fabrics</text></title-part></class-title>
<classification-item breakdown-code="false" not-allocatable="false" level="8" additional-only="false" sort-key="D06G1/005" definition-exists="false" ipc-concordant="D06G1/00" c-set-base-allowed="false" c-set-subsequent-allowed="true" date-revised="2013-01-01" status="published"><classification-symbol>D06G1/005</classification-symbol><class-title date-revised="2013-01-01"><title-part><CPC-specific-text><text>inside a rotary receptacle</text></CPC-specific-text></title-part></class-title></classification-item></classification-item>
<classification-item breakdown-code="false" not-allocatable="false" level="7" additional-only="false" sort-key="D06G3/00" definition-exists="true" ipc-concordant="D06G3/00" c-set-base-allowed="false" c-set-subsequent-allowed="true" date-revised="2017-08-01" status="published"><classification-symbol>D06G3/00</classification-symbol><class-title date-revised="2017-08-01"><title-part><text>Turning inside-out flexible tubular or other hollow articles </text><reference><text>in combination with inspecting <class-ref scheme="cpc">D06H3/16</class-ref>  </text><CPC-specific-text><text>; turning tubes inside out in the shaping joining of plastics or shaping of substances in a plastic state <class-ref scheme="cpc">B29C67/0018</class-ref></text></CPC-specific-text></reference></title-part></class-title>
<classification-item breakdown-code="false" not-allocatable="false" level="8" additional-only="false" sort-key="D06G3/02" definition-exists="false" ipc-concordant="D06G3/02" c-set-base-allowed="false" c-set-subsequent-allowed="true" date-revised="2013-01-01" status="published"><classification-symbol>D06G3/02</classification-symbol><class-title date-revised="2013-01-01"><title-part><text>by mechanical means</text></title-part></class-title></classification-item>
<classification-item breakdown-code="false" not-allocatable="false" level="8" additional-only="false" sort-key="D06G3/04" definition-exists="false" ipc-concordant="D06G3/04" c-set-base-allowed="false" c-set-subsequent-allowed="true" date-revised="2013-01-01" status="published"><classification-symbol>D06G3/04</classification-symbol><class-title date-revised="2013-01-01"><title-part><text>pneumatically</text></title-part></class-title></classification-item></classification-item>
<classification-item breakdown-code="false" not-allocatable="false" level="7" additional-only="false" sort-key="D06G5/00" definition-exists="true" ipc-concordant="D06G5/00" c-set-base-allowed="false" c-set-subsequent-allowed="true" date-revised="2013-01-01" status="published"><classification-symbol>D06G5/00</classification-symbol><class-title date-revised="2013-01-01"><title-part><text>Mechanical, vacuum, or pressure cleaning in combination with the turning inside-out of flexible tubular or other hollow articles</text></title-part></class-title></classification-item></classification-item></classification-item></class-scheme>