<?xml version="1.0" encoding="UTF-8"?>
<class-scheme publication-date="2023-08-01" scheme-type="cpc" publication-type="official">
<classification-item breakdown-code="false" not-allocatable="true" level="5" additional-only="false" sort-key="B41N" definition-exists="true" date-revised="2019-05-01" status="published"><classification-symbol>B41N</classification-symbol><class-title date-revised="2019-05-01"><title-part><text>PRINTING PLATES OR FOILS </text><reference><text>photosensitive material <class-ref scheme="cpc">G03</class-ref></text></reference></title-part><title-part><text>MATERIALS FOR SURFACES USED IN PRINTING MACHINES FOR PRINTING, INKING, DAMPING, OR THE LIKE</text></title-part><title-part><text>PREPARING SUCH SURFACES FOR USE AND CONSERVING THEM</text></title-part></class-title><notes-and-warnings><note type="warning"><note-paragraph>In this subclass non-limiting references (in the sense of paragraph 39 of the Guide to the IPC) may still be displayed in the scheme.</note-paragraph></note></notes-and-warnings>
<classification-item breakdown-code="false" not-allocatable="true" level="6" additional-only="false" sort-key="B41N1/00" date-revised="2013-01-01" status="published"><classification-symbol>B41N1/00</classification-symbol>
<classification-item breakdown-code="false" not-allocatable="false" level="7" additional-only="false" sort-key="B41N1/00" definition-exists="true" ipc-concordant="B41N1/00" c-set-base-allowed="false" c-set-subsequent-allowed="true" date-revised="2013-01-01" status="published"><classification-symbol>B41N1/00</classification-symbol><class-title date-revised="2013-01-01"><title-part><text>Printing plates or foils</text></title-part><title-part><text>Materials therefor</text></title-part></class-title>
<classification-item breakdown-code="false" not-allocatable="false" level="8" additional-only="false" sort-key="B41N1/003" definition-exists="false" ipc-concordant="B41N1/00" c-set-base-allowed="false" c-set-subsequent-allowed="true" date-revised="2013-01-01" status="published"><classification-symbol>B41N1/003</classification-symbol><class-title date-revised="2013-01-01"><title-part><CPC-specific-text><text>with ink abhesive means or abhesive forming means, such as abhesive siloxane or fluoro compounds, e.g. for dry lithographic printing</text></CPC-specific-text></title-part></class-title></classification-item>
<classification-item breakdown-code="false" not-allocatable="false" level="8" additional-only="false" sort-key="B41N1/006" definition-exists="false" ipc-concordant="B41N1/00" c-set-base-allowed="false" c-set-subsequent-allowed="true" date-revised="2013-01-01" status="published"><classification-symbol>B41N1/006</classification-symbol><class-title date-revised="2013-01-01"><title-part><CPC-specific-text><text>made entirely of inorganic materials other than natural stone or metals, e.g. ceramics, carbide materials, ferroelectric materials</text></CPC-specific-text></title-part></class-title></classification-item>
<classification-item breakdown-code="false" not-allocatable="false" level="8" additional-only="false" sort-key="B41N1/02" definition-exists="false" ipc-concordant="B41N1/02" c-set-base-allowed="false" c-set-subsequent-allowed="true" date-revised="2013-01-01" status="published"><classification-symbol>B41N1/02</classification-symbol><class-title date-revised="2013-01-01"><title-part><text>made of stone</text></title-part></class-title></classification-item>
<classification-item breakdown-code="false" not-allocatable="false" level="8" additional-only="false" sort-key="B41N1/04" definition-exists="false" ipc-concordant="B41N1/04" c-set-base-allowed="false" c-set-subsequent-allowed="true" date-revised="2013-01-01" status="published"><classification-symbol>B41N1/04</classification-symbol><class-title date-revised="2013-01-01"><title-part><text>metallic</text></title-part></class-title>
<classification-item breakdown-code="false" not-allocatable="false" level="9" additional-only="false" sort-key="B41N1/06" definition-exists="false" ipc-concordant="B41N1/06" c-set-base-allowed="false" c-set-subsequent-allowed="true" date-revised="2013-01-01" status="published"><classification-symbol>B41N1/06</classification-symbol><class-title date-revised="2013-01-01"><title-part><text>for relief printing or intaglio printing</text></title-part></class-title></classification-item>
<classification-item breakdown-code="false" not-allocatable="false" level="9" additional-only="false" sort-key="B41N1/08" definition-exists="false" ipc-concordant="B41N1/08" c-set-base-allowed="false" c-set-subsequent-allowed="true" date-revised="2013-01-01" status="published"><classification-symbol>B41N1/08</classification-symbol><class-title date-revised="2013-01-01"><title-part><text>for lithographic printing </text><CPC-specific-text><reference><text><class-ref scheme="cpc">B41N1/003</class-ref>, <class-ref scheme="cpc">B41N3/03</class-ref> take precedence; compositions of the image-forming layer <class-ref scheme="cpc">B41C1/10</class-ref></text></reference></CPC-specific-text></title-part></class-title>
<classification-item breakdown-code="false" not-allocatable="false" level="10" additional-only="false" sort-key="B41N1/083" definition-exists="true" ipc-concordant="B41N1/08" c-set-base-allowed="false" c-set-subsequent-allowed="true" date-revised="2013-01-01" status="published"><classification-symbol>B41N1/083</classification-symbol><class-title date-revised="2013-01-01"><title-part><CPC-specific-text><text>made of aluminium or aluminium alloys or having such surface layers </text><reference><text><class-ref scheme="cpc">B41N1/086</class-ref> takes precedence</text></reference></CPC-specific-text></title-part></class-title></classification-item>
<classification-item breakdown-code="false" not-allocatable="false" level="10" additional-only="false" sort-key="B41N1/086" definition-exists="false" ipc-concordant="B41N1/08" c-set-base-allowed="false" c-set-subsequent-allowed="true" date-revised="2013-01-01" status="published"><classification-symbol>B41N1/086</classification-symbol><class-title date-revised="2013-01-01"><title-part><CPC-specific-text><text>laminated on a paper or plastic base</text></CPC-specific-text></title-part></class-title></classification-item>
<classification-item breakdown-code="false" not-allocatable="false" level="10" additional-only="false" sort-key="B41N1/10" definition-exists="false" ipc-concordant="B41N1/10" c-set-base-allowed="false" c-set-subsequent-allowed="true" date-revised="2013-01-01" status="published"><classification-symbol>B41N1/10</classification-symbol><class-title date-revised="2013-01-01"><title-part><text>multiple</text></title-part></class-title></classification-item></classification-item></classification-item>
<classification-item breakdown-code="false" not-allocatable="false" level="8" additional-only="false" sort-key="B41N1/12" definition-exists="false" ipc-concordant="B41N1/12" c-set-base-allowed="false" c-set-subsequent-allowed="true" date-revised="2017-08-01" status="published"><classification-symbol>B41N1/12</classification-symbol><class-title date-revised="2017-08-01"><title-part><text>non-metallic other than stone </text><CPC-specific-text><text>, e.g. printing plates or foils comprising inorganic materials in an organic matrix </text><reference><text><class-ref scheme="cpc">B41N1/003</class-ref>, <class-ref scheme="cpc">B41N1/006</class-ref> take precedence</text></reference></CPC-specific-text></title-part></class-title>
<classification-item breakdown-code="false" not-allocatable="false" level="9" additional-only="false" sort-key="B41N1/14" definition-exists="false" ipc-concordant="B41N1/14" c-set-base-allowed="false" c-set-subsequent-allowed="true" date-revised="2013-01-01" status="published"><classification-symbol>B41N1/14</classification-symbol><class-title date-revised="2013-01-01"><title-part><text>Lithographic printing foils </text><CPC-specific-text><reference><text><class-ref scheme="cpc">B41N1/003</class-ref>, <class-ref scheme="cpc">B41N3/03</class-ref> take precedence; compositions of the image-forming layer <class-ref scheme="cpc">B41C1/10</class-ref></text></reference></CPC-specific-text></title-part></class-title></classification-item></classification-item>
<classification-item breakdown-code="false" not-allocatable="false" level="8" additional-only="false" sort-key="B41N1/16" definition-exists="false" ipc-concordant="B41N1/16" c-set-base-allowed="false" c-set-subsequent-allowed="true" date-revised="2013-01-01" status="published"><classification-symbol>B41N1/16</classification-symbol><class-title date-revised="2013-01-01"><title-part><text>Curved printing plates, especially cylinders </text><CPC-specific-text><reference><text><class-ref scheme="cpc">B41N1/003</class-ref>, <class-ref scheme="cpc">B41N1/006</class-ref> take precedence</text></reference></CPC-specific-text></title-part></class-title>
<classification-item breakdown-code="false" not-allocatable="false" level="9" additional-only="false" sort-key="B41N1/18" definition-exists="false" ipc-concordant="B41N1/18" c-set-base-allowed="false" c-set-subsequent-allowed="true" date-revised="2013-01-01" status="published"><classification-symbol>B41N1/18</classification-symbol><class-title date-revised="2013-01-01"><title-part><text>made of stone</text></title-part></class-title></classification-item>
<classification-item breakdown-code="false" not-allocatable="false" level="9" additional-only="false" sort-key="B41N1/20" definition-exists="false" ipc-concordant="B41N1/20" c-set-base-allowed="false" c-set-subsequent-allowed="true" date-revised="2013-01-01" status="published"><classification-symbol>B41N1/20</classification-symbol><class-title date-revised="2013-01-01"><title-part><text>made of metal </text><CPC-specific-text><text>or similar inorganic compounds, e.g. plasma coated ceramics, carbides</text></CPC-specific-text></title-part></class-title></classification-item>
<classification-item breakdown-code="false" not-allocatable="false" level="9" additional-only="false" sort-key="B41N1/22" definition-exists="false" ipc-concordant="B41N1/22" c-set-base-allowed="false" c-set-subsequent-allowed="true" date-revised="2013-01-01" status="published"><classification-symbol>B41N1/22</classification-symbol><class-title date-revised="2013-01-01"><title-part><text>made of other substances</text></title-part></class-title></classification-item></classification-item>
<classification-item breakdown-code="false" not-allocatable="false" level="8" additional-only="false" sort-key="B41N1/24" definition-exists="true" ipc-concordant="B41N1/24" c-set-base-allowed="false" c-set-subsequent-allowed="true" date-revised="2013-01-01" status="published"><classification-symbol>B41N1/24</classification-symbol><class-title date-revised="2013-01-01"><title-part><text>Stencils</text></title-part><title-part><text>Stencil materials</text></title-part><title-part><text>Carriers therefor </text><reference><text>stencilling apparatus for office or other commercial use <class-ref scheme="cpc">B41L13/00</class-ref></text></reference></title-part></class-title>
<classification-item breakdown-code="false" not-allocatable="false" level="9" additional-only="false" sort-key="B41N1/241" definition-exists="true" ipc-concordant="B41N1/24" c-set-base-allowed="false" c-set-subsequent-allowed="true" date-revised="2013-01-01" status="published"><classification-symbol>B41N1/241</classification-symbol><class-title date-revised="2013-01-01"><title-part><CPC-specific-text><text>characterised by the adhesive means</text></CPC-specific-text></title-part></class-title></classification-item>
<classification-item breakdown-code="false" not-allocatable="false" level="9" additional-only="false" sort-key="B41N1/242" definition-exists="false" ipc-concordant="B41N1/24" c-set-base-allowed="false" c-set-subsequent-allowed="true" date-revised="2013-01-01" status="published"><classification-symbol>B41N1/242</classification-symbol><class-title date-revised="2013-01-01"><title-part><CPC-specific-text><text>Backing sheets; Top sheets; Intercalated sheets, e.g. cushion sheets; Release layers or coatings; Means to obtain a contrasting image, e.g. with a carbon sheet or coating</text></CPC-specific-text></title-part></class-title></classification-item>
<classification-item breakdown-code="false" not-allocatable="false" level="9" additional-only="false" sort-key="B41N1/243" definition-exists="false" ipc-concordant="B41N1/24" c-set-base-allowed="false" c-set-subsequent-allowed="true" date-revised="2013-01-01" status="published"><classification-symbol>B41N1/243</classification-symbol><class-title date-revised="2013-01-01"><title-part><CPC-specific-text><text>characterised by the ink pervious sheet, e.g. yoshino paper</text></CPC-specific-text></title-part></class-title></classification-item>
<classification-item breakdown-code="false" not-allocatable="false" level="9" additional-only="false" sort-key="B41N1/245" definition-exists="false" ipc-concordant="B41N1/24" c-set-base-allowed="false" c-set-subsequent-allowed="true" date-revised="2013-01-01" status="published"><classification-symbol>B41N1/245</classification-symbol><class-title date-revised="2013-01-01"><title-part><CPC-specific-text><text>characterised by the thermo-perforable polymeric film heat absorbing means or release coating therefor</text></CPC-specific-text></title-part></class-title></classification-item>
<classification-item breakdown-code="false" not-allocatable="false" level="9" additional-only="false" sort-key="B41N1/246" definition-exists="false" ipc-concordant="B41N1/24" c-set-base-allowed="false" c-set-subsequent-allowed="true" date-revised="2013-01-01" status="published"><classification-symbol>B41N1/246</classification-symbol><class-title date-revised="2013-01-01"><title-part><CPC-specific-text><text>characterised by the electroconductive means or additives</text></CPC-specific-text></title-part></class-title></classification-item>
<classification-item breakdown-code="false" not-allocatable="false" level="9" additional-only="false" sort-key="B41N1/247" definition-exists="false" ipc-concordant="B41N1/24" c-set-base-allowed="false" c-set-subsequent-allowed="true" date-revised="2013-01-01" status="published"><classification-symbol>B41N1/247</classification-symbol><class-title date-revised="2013-01-01"><title-part><CPC-specific-text><text>Meshes, gauzes, woven or similar screen materials; Preparation thereof, e.g. by plasma treatment</text></CPC-specific-text></title-part></class-title></classification-item>
<classification-item breakdown-code="false" not-allocatable="false" level="9" additional-only="false" sort-key="B41N1/248" definition-exists="false" ipc-concordant="B41N1/24" c-set-base-allowed="false" c-set-subsequent-allowed="true" date-revised="2013-01-01" status="published"><classification-symbol>B41N1/248</classification-symbol><class-title date-revised="2013-01-01"><title-part><CPC-specific-text><text>Mechanical details, e.g. fixation holes, reinforcement or guiding means; Perforation lines; Ink holding means; Visually or otherwise detectable marking means; Stencil units</text></CPC-specific-text></title-part></class-title></classification-item></classification-item></classification-item>
<classification-item breakdown-code="false" not-allocatable="false" level="7" additional-only="false" sort-key="B41N3/00" definition-exists="true" ipc-concordant="B41N3/00" c-set-base-allowed="false" c-set-subsequent-allowed="true" date-revised="2013-01-01" status="published"><classification-symbol>B41N3/00</classification-symbol><class-title date-revised="2013-01-01"><title-part><text>Preparing for use and conserving printing surfaces</text></title-part></class-title>
<classification-item breakdown-code="false" not-allocatable="false" level="8" additional-only="false" sort-key="B41N3/003" definition-exists="false" ipc-concordant="B41N3/00" c-set-base-allowed="false" c-set-subsequent-allowed="true" date-revised="2013-01-01" status="published"><classification-symbol>B41N3/003</classification-symbol><class-title date-revised="2013-01-01"><title-part><CPC-specific-text><text>of intaglio formes, e.g. application of a wear-resistant coating, such as chrome, on the already-engraved plate or cylinder; Preparing for reuse, e.g. removing of the Ballard shell; Correction of the engraving</text></CPC-specific-text></title-part></class-title></classification-item>
<classification-item breakdown-code="false" not-allocatable="false" level="8" additional-only="false" sort-key="B41N3/006" definition-exists="true" ipc-concordant="B41N3/00" c-set-base-allowed="false" c-set-subsequent-allowed="true" date-revised="2013-01-01" status="published"><classification-symbol>B41N3/006</classification-symbol><class-title date-revised="2013-01-01"><title-part><CPC-specific-text><text>Cleaning, washing, rinsing or reclaiming of printing formes other than intaglio formes </text><reference><text><class-ref scheme="cpc">B41N3/06</class-ref> takes precedence</text></reference></CPC-specific-text></title-part></class-title></classification-item>
<classification-item breakdown-code="false" not-allocatable="false" level="8" additional-only="false" sort-key="B41N3/03" definition-exists="true" ipc-concordant="B41N3/03" c-set-base-allowed="false" c-set-subsequent-allowed="true" date-revised="2013-01-01" status="published"><classification-symbol>B41N3/03</classification-symbol><class-title date-revised="2013-01-01"><title-part><text>Chemical or electrical pretreatment</text></title-part></class-title>
<classification-item breakdown-code="false" not-allocatable="false" level="9" additional-only="false" sort-key="B41N3/032" definition-exists="false" ipc-concordant="B41N3/03" c-set-base-allowed="false" c-set-subsequent-allowed="true" date-revised="2013-01-01" status="published"><classification-symbol>B41N3/032</classification-symbol><class-title date-revised="2013-01-01"><title-part><CPC-specific-text><text>Graining by laser, arc or plasma means</text></CPC-specific-text></title-part></class-title></classification-item>
<classification-item breakdown-code="false" not-allocatable="false" level="9" additional-only="false" sort-key="B41N3/034" definition-exists="false" ipc-concordant="B41N3/03" c-set-base-allowed="false" c-set-subsequent-allowed="true" date-revised="2013-01-01" status="published"><classification-symbol>B41N3/034</classification-symbol><class-title date-revised="2013-01-01"><title-part><CPC-specific-text><text>characterised by the electrochemical treatment of the aluminum support, e.g. anodisation, electro-graining; Sealing of the anodised layer; Treatment of the anodic layer with inorganic compounds; Colouring of the anodic layer</text></CPC-specific-text></title-part></class-title></classification-item>
<classification-item breakdown-code="false" not-allocatable="false" level="9" additional-only="false" sort-key="B41N3/036" definition-exists="false" ipc-concordant="B41N3/03" c-set-base-allowed="false" c-set-subsequent-allowed="true" date-revised="2013-01-01" status="published"><classification-symbol>B41N3/036</classification-symbol><class-title date-revised="2013-01-01"><title-part><CPC-specific-text><text>characterised by the presence of a polymeric hydrophilic coating</text></CPC-specific-text></title-part></class-title></classification-item>
<classification-item breakdown-code="false" not-allocatable="false" level="9" additional-only="false" sort-key="B41N3/038" definition-exists="false" ipc-concordant="B41N3/03" c-set-base-allowed="false" c-set-subsequent-allowed="true" date-revised="2013-01-01" status="published"><classification-symbol>B41N3/038</classification-symbol><class-title date-revised="2013-01-01"><title-part><CPC-specific-text><text>Treatment with a chromium compound, a silicon compound, a phophorus compound or a compound of a metal of group IVB; Hydrophilic coatings obtained by hydrolysis of organometallic compounds</text></CPC-specific-text></title-part></class-title></classification-item></classification-item>
<classification-item breakdown-code="false" not-allocatable="false" level="8" additional-only="false" sort-key="B41N3/04" definition-exists="false" ipc-concordant="B41N3/04" c-set-base-allowed="false" c-set-subsequent-allowed="true" date-revised="2013-01-01" status="published"><classification-symbol>B41N3/04</classification-symbol><class-title date-revised="2013-01-01"><title-part><text>Graining or abrasion by mechanical means </text><reference><text>chemical graining <class-ref scheme="cpc">B41N3/03</class-ref></text></reference></title-part></class-title></classification-item>
<classification-item breakdown-code="false" not-allocatable="false" level="8" additional-only="false" sort-key="B41N3/06" definition-exists="false" ipc-concordant="B41N3/06" c-set-base-allowed="false" c-set-subsequent-allowed="true" date-revised="2013-01-01" status="published"><classification-symbol>B41N3/06</classification-symbol><class-title date-revised="2013-01-01"><title-part><text>by use of detergents</text></title-part></class-title></classification-item>
<classification-item breakdown-code="false" not-allocatable="false" level="8" additional-only="false" sort-key="B41N3/08" definition-exists="true" ipc-concordant="B41N3/08" c-set-base-allowed="false" c-set-subsequent-allowed="true" date-revised="2013-01-01" status="published"><classification-symbol>B41N3/08</classification-symbol><class-title date-revised="2013-01-01"><title-part><text>Damping</text></title-part><title-part><text>Neutralising or similar differentiation treatments for lithographic printing formes; </text><CPC-specific-text><text>Gumming or finishing solutions, fountain solutions, correction or deletion fluids, or on-press development </text><reference><text>treatment of materials containing silver salts <class-ref scheme="cpc">G03F7/063</class-ref>; developers <u>per se</u> for processing photosensitive materials <class-ref scheme="cpc">G03F7/32</class-ref></text></reference></CPC-specific-text></title-part></class-title></classification-item></classification-item>
<classification-item breakdown-code="false" not-allocatable="false" level="7" additional-only="false" sort-key="B41N6/00" definition-exists="true" ipc-concordant="B41N6/00" c-set-base-allowed="false" c-set-subsequent-allowed="true" date-revised="2013-01-01" status="published"><classification-symbol>B41N6/00</classification-symbol><class-title date-revised="2013-01-01"><title-part><text>Mounting boards; </text><CPC-specific-text><text>Sleeves</text></CPC-specific-text><text> Make-ready devices, e.g. underlays, overlays</text></title-part><title-part><text>Attaching by chemical means, e.g. vulcanising</text></title-part></class-title>
<classification-item breakdown-code="false" not-allocatable="false" level="8" additional-only="false" sort-key="B41N6/02" definition-exists="false" ipc-concordant="B41N6/02" c-set-base-allowed="false" c-set-subsequent-allowed="true" date-revised="2013-01-01" status="published"><classification-symbol>B41N6/02</classification-symbol><class-title date-revised="2013-01-01"><title-part><text>Chemical means for fastening printing formes on mounting boards</text></title-part></class-title></classification-item></classification-item>
<classification-item breakdown-code="false" not-allocatable="false" level="7" additional-only="false" sort-key="B41N7/00" definition-exists="true" ipc-concordant="B41N7/00" c-set-base-allowed="false" c-set-subsequent-allowed="true" date-revised="2013-01-01" status="published"><classification-symbol>B41N7/00</classification-symbol><class-title date-revised="2013-01-01"><title-part><text>Shells for rollers of printing machines</text></title-part></class-title>
<classification-item breakdown-code="false" not-allocatable="false" level="8" additional-only="false" sort-key="B41N7/005" definition-exists="false" ipc-concordant="B41N7/00" c-set-base-allowed="false" c-set-subsequent-allowed="true" date-revised="2013-01-01" status="published"><classification-symbol>B41N7/005</classification-symbol><class-title date-revised="2013-01-01"><title-part><CPC-specific-text><text>Coating of the composition; Moulding; Reclaiming; Finishing; Trimming</text></CPC-specific-text></title-part></class-title></classification-item>
<classification-item breakdown-code="false" not-allocatable="false" level="8" additional-only="false" sort-key="B41N7/02" definition-exists="false" ipc-concordant="B41N7/02" c-set-base-allowed="false" c-set-subsequent-allowed="true" date-revised="2013-01-01" status="published"><classification-symbol>B41N7/02</classification-symbol><class-title date-revised="2013-01-01"><title-part><text>of leather</text></title-part></class-title></classification-item>
<classification-item breakdown-code="false" not-allocatable="false" level="8" additional-only="false" sort-key="B41N7/04" definition-exists="false" ipc-concordant="B41N7/04" c-set-base-allowed="false" c-set-subsequent-allowed="true" date-revised="2013-01-01" status="published"><classification-symbol>B41N7/04</classification-symbol><class-title date-revised="2013-01-01"><title-part><text>for damping rollers</text></title-part></class-title></classification-item>
<classification-item breakdown-code="false" not-allocatable="false" level="8" additional-only="false" sort-key="B41N7/06" definition-exists="false" ipc-concordant="B41N7/06" c-set-base-allowed="false" c-set-subsequent-allowed="true" date-revised="2013-01-01" status="published"><classification-symbol>B41N7/06</classification-symbol><class-title date-revised="2013-01-01"><title-part><text>for inking rollers </text><CPC-specific-text><reference><text>construction of inking rollers <class-ref scheme="cpc">B41F31/26</class-ref></text></reference></CPC-specific-text></title-part></class-title></classification-item></classification-item>
<classification-item breakdown-code="false" not-allocatable="false" level="7" additional-only="false" sort-key="B41N10/00" definition-exists="true" ipc-concordant="B41N10/00" c-set-base-allowed="false" c-set-subsequent-allowed="true" date-revised="2013-01-01" status="published"><classification-symbol>B41N10/00</classification-symbol><class-title date-revised="2013-01-01"><title-part><text>Blankets or like coverings</text></title-part><title-part><text>Coverings for wipers for intaglio printing </text><reference><text>wipers for intaglio printing <class-ref scheme="cpc">B41F9/08</class-ref></text></reference></title-part></class-title>
<classification-item breakdown-code="false" not-allocatable="false" level="8" additional-only="false" sort-key="B41N10/005" definition-exists="false" ipc-concordant="B41N10/00" c-set-base-allowed="false" c-set-subsequent-allowed="true" date-revised="2013-01-01" status="published"><classification-symbol>B41N10/005</classification-symbol><class-title date-revised="2013-01-01"><title-part><CPC-specific-text><text>Coverings for wipers</text></CPC-specific-text></title-part></class-title></classification-item>
<classification-item breakdown-code="false" not-allocatable="false" level="8" additional-only="false" sort-key="B41N10/02" definition-exists="true" ipc-concordant="B41N10/02" c-set-base-allowed="false" c-set-subsequent-allowed="true" date-revised="2013-01-01" status="published"><classification-symbol>B41N10/02</classification-symbol><class-title date-revised="2013-01-01"><title-part><text>Blanket structure</text></title-part></class-title>
<classification-item breakdown-code="false" not-allocatable="false" level="9" additional-only="false" sort-key="B41N10/04" definition-exists="true" ipc-concordant="B41N10/04" c-set-base-allowed="false" c-set-subsequent-allowed="true" date-revised="2013-01-01" status="published"><classification-symbol>B41N10/04</classification-symbol><class-title date-revised="2013-01-01"><title-part><text>multi-layer</text></title-part></class-title></classification-item>
<classification-item breakdown-code="false" not-allocatable="false" level="9" additional-only="false" sort-key="B41N10/06" definition-exists="false" ipc-concordant="B41N10/06" c-set-base-allowed="false" c-set-subsequent-allowed="true" date-revised="2013-01-01" status="published"><classification-symbol>B41N10/06</classification-symbol><class-title date-revised="2013-01-01"><title-part><text>facilitating fastening to, or location on, supports</text></title-part></class-title></classification-item></classification-item></classification-item>
<classification-item breakdown-code="false" not-allocatable="false" level="7" additional-only="false" sort-key="B41N11/00" definition-exists="true" ipc-concordant="B41N11/00" c-set-base-allowed="false" c-set-subsequent-allowed="true" date-revised="2013-01-01" status="published"><classification-symbol>B41N11/00</classification-symbol><class-title date-revised="2013-01-01"><title-part><text>Stereotype mats</text></title-part></class-title></classification-item>
<classification-item breakdown-code="false" not-allocatable="false" level="7" additional-only="false" sort-key="B41N99/00" definition-exists="false" ipc-concordant="B41N99/00" c-set-base-allowed="false" c-set-subsequent-allowed="true" date-revised="2013-01-01" status="published"><classification-symbol>B41N99/00</classification-symbol><class-title date-revised="2013-01-01"><title-part><text>Subject matter not provided for in other groups of this subclass</text></title-part></class-title></classification-item></classification-item>
<classification-item breakdown-code="true" not-allocatable="true" level="6" additional-only="true" sort-key="B41N207/00" date-revised="2013-01-01" status="published"><classification-symbol>B41N2207/00</classification-symbol>
<classification-item breakdown-code="true" not-allocatable="false" level="7" additional-only="true" sort-key="B41N207/00" definition-exists="false" ipc-concordant="CPCONLY" c-set-base-allowed="false" c-set-subsequent-allowed="true" date-revised="2013-01-01" status="published"><classification-symbol>B41N2207/00</classification-symbol><class-title date-revised="2013-01-01"><title-part><text>Location or type of the layers in shells for rollers of printing machines</text></title-part></class-title>
<classification-item breakdown-code="true" not-allocatable="false" level="8" additional-only="true" sort-key="B41N207/02" definition-exists="false" ipc-concordant="CPCONLY" c-set-base-allowed="false" c-set-subsequent-allowed="true" date-revised="2013-01-01" status="published"><classification-symbol>B41N2207/02</classification-symbol><class-title date-revised="2013-01-01"><title-part><text>Top layers</text></title-part></class-title></classification-item>
<classification-item breakdown-code="true" not-allocatable="false" level="8" additional-only="true" sort-key="B41N207/04" definition-exists="false" ipc-concordant="CPCONLY" c-set-base-allowed="false" c-set-subsequent-allowed="true" date-revised="2013-01-01" status="published"><classification-symbol>B41N2207/04</classification-symbol><class-title date-revised="2013-01-01"><title-part><text>Intermediate layers</text></title-part></class-title></classification-item>
<classification-item breakdown-code="true" not-allocatable="false" level="8" additional-only="true" sort-key="B41N207/06" definition-exists="false" ipc-concordant="CPCONLY" c-set-base-allowed="false" c-set-subsequent-allowed="true" date-revised="2013-01-01" status="published"><classification-symbol>B41N2207/06</classification-symbol><class-title date-revised="2013-01-01"><title-part><text>Backcoats</text></title-part><title-part><text>Back layers</text></title-part><title-part><text>Bottom layers</text></title-part></class-title></classification-item>
<classification-item breakdown-code="true" not-allocatable="false" level="8" additional-only="true" sort-key="B41N207/10" definition-exists="false" ipc-concordant="CPCONLY" c-set-base-allowed="false" c-set-subsequent-allowed="true" date-revised="2013-01-01" status="published"><classification-symbol>B41N2207/10</classification-symbol><class-title date-revised="2013-01-01"><title-part><text>characterised by inorganic compounds, e.g. pigments</text></title-part></class-title></classification-item>
<classification-item breakdown-code="true" not-allocatable="false" level="8" additional-only="true" sort-key="B41N207/12" definition-exists="false" ipc-concordant="CPCONLY" c-set-base-allowed="false" c-set-subsequent-allowed="true" date-revised="2013-01-01" status="published"><classification-symbol>B41N2207/12</classification-symbol><class-title date-revised="2013-01-01"><title-part><text>characterised by non-macromolecular organic compounds</text></title-part></class-title></classification-item>
<classification-item breakdown-code="true" not-allocatable="false" level="8" additional-only="true" sort-key="B41N207/14" definition-exists="false" ipc-concordant="CPCONLY" c-set-base-allowed="false" c-set-subsequent-allowed="true" date-revised="2013-01-01" status="published"><classification-symbol>B41N2207/14</classification-symbol><class-title date-revised="2013-01-01"><title-part><text>characterised by macromolecular organic compounds</text></title-part></class-title></classification-item></classification-item>
<classification-item breakdown-code="true" not-allocatable="false" level="7" additional-only="true" sort-key="B41N210/00" definition-exists="false" ipc-concordant="CPCONLY" c-set-base-allowed="false" c-set-subsequent-allowed="true" date-revised="2013-01-01" status="published"><classification-symbol>B41N2210/00</classification-symbol><class-title date-revised="2013-01-01"><title-part><text>Location or type of the layers in multi-layer blankets or like coverings</text></title-part></class-title>
<classification-item breakdown-code="true" not-allocatable="false" level="8" additional-only="true" sort-key="B41N210/02" definition-exists="false" ipc-concordant="CPCONLY" c-set-base-allowed="false" c-set-subsequent-allowed="true" date-revised="2013-01-01" status="published"><classification-symbol>B41N2210/02</classification-symbol><class-title date-revised="2013-01-01"><title-part><text>Top layers</text></title-part></class-title></classification-item>
<classification-item breakdown-code="true" not-allocatable="false" level="8" additional-only="true" sort-key="B41N210/04" definition-exists="false" ipc-concordant="CPCONLY" c-set-base-allowed="false" c-set-subsequent-allowed="true" date-revised="2013-01-01" status="published"><classification-symbol>B41N2210/04</classification-symbol><class-title date-revised="2013-01-01"><title-part><text>Intermediate layers</text></title-part></class-title></classification-item>
<classification-item breakdown-code="true" not-allocatable="false" level="8" additional-only="true" sort-key="B41N210/06" definition-exists="false" ipc-concordant="CPCONLY" c-set-base-allowed="false" c-set-subsequent-allowed="true" date-revised="2013-01-01" status="published"><classification-symbol>B41N2210/06</classification-symbol><class-title date-revised="2013-01-01"><title-part><text>Backcoats</text></title-part><title-part><text>Back layers</text></title-part><title-part><text>Bottom layers</text></title-part></class-title></classification-item>
<classification-item breakdown-code="true" not-allocatable="false" level="8" additional-only="true" sort-key="B41N210/10" definition-exists="false" ipc-concordant="CPCONLY" c-set-base-allowed="false" c-set-subsequent-allowed="true" date-revised="2013-01-01" status="published"><classification-symbol>B41N2210/10</classification-symbol><class-title date-revised="2013-01-01"><title-part><text>characterised by inorganic compounds, e.g. pigments</text></title-part></class-title></classification-item>
<classification-item breakdown-code="true" not-allocatable="false" level="8" additional-only="true" sort-key="B41N210/12" definition-exists="false" ipc-concordant="CPCONLY" c-set-base-allowed="false" c-set-subsequent-allowed="true" date-revised="2013-01-01" status="published"><classification-symbol>B41N2210/12</classification-symbol><class-title date-revised="2013-01-01"><title-part><text>characterised by non-macromolecular organic compounds</text></title-part></class-title></classification-item>
<classification-item breakdown-code="true" not-allocatable="false" level="8" additional-only="true" sort-key="B41N210/14" definition-exists="false" ipc-concordant="CPCONLY" c-set-base-allowed="false" c-set-subsequent-allowed="true" date-revised="2013-01-01" status="published"><classification-symbol>B41N2210/14</classification-symbol><class-title date-revised="2013-01-01"><title-part><text>characterised by macromolecular organic compounds</text></title-part></class-title></classification-item></classification-item></classification-item></classification-item></class-scheme>