<?xml version="1.0" encoding="UTF-8"?>
<class-scheme publication-date="2023-08-01" scheme-type="cpc" publication-type="official">
<classification-item breakdown-code="false" not-allocatable="true" level="5" additional-only="false" sort-key="B61H" definition-exists="true" date-revised="2021-01-01" status="published"><classification-symbol>B61H</classification-symbol><class-title date-revised="2021-01-01"><title-part><text>BRAKES OR OTHER RETARDING DEVICES SPECIALLY ADAPTED FOR RAIL VEHICLES</text></title-part><title-part><text>ARRANGEMENT OR DISPOSITION THEREOF IN RAIL VEHICLES </text><reference><text>electrodynamic braking of vehicles <class-ref scheme="cpc">B60L</class-ref>, in general <class-ref scheme="cpc">H02K</class-ref>; arrangements in rail vehicles for adjusting wheel-braking force to meet varying vehicular or permanent-way conditions <class-ref scheme="cpc">B60T8/00</class-ref>; transmitting braking action from initiating means to ultimate brake actuator with power assistance or drive, brake systems incorporating such transmitting means, e.g. air-pressure brake systems, <class-ref scheme="cpc">B60T13/00</class-ref>; construction, arrangement or operation of valves incorporated in power brake systems <class-ref scheme="cpc">B60T15/00</class-ref>; component parts, details or accessories of brake systems <class-ref scheme="cpc">B60T17/00</class-ref>; brakes in general <class-ref scheme="cpc">F16D</class-ref></text></reference></title-part></class-title><notes-and-warnings><note type="warning"><note-paragraph>In this subclass non-limiting references (in the sense of paragraph 39 of the Guide to the IPC) may still be displayed in the scheme.</note-paragraph></note></notes-and-warnings>
<classification-item breakdown-code="false" not-allocatable="true" level="6" additional-only="false" sort-key="B61H1/00" date-revised="2013-01-01" status="published"><classification-symbol>B61H1/00</classification-symbol>
<classification-item breakdown-code="false" not-allocatable="false" level="7" additional-only="false" sort-key="B61H1/00" definition-exists="true" ipc-concordant="B61H1/00" c-set-base-allowed="false" c-set-subsequent-allowed="true" date-revised="2013-01-01" status="published"><classification-symbol>B61H1/00</classification-symbol><class-title date-revised="2013-01-01"><title-part><text>Applications or arrangements of brakes with a braking member or members co-operating with the periphery of the wheel rim, a drum, or the like </text><reference><text>self-applying brakes <class-ref scheme="cpc">B61H11/02</class-ref>; combinations of different types of brakes <class-ref scheme="cpc">B61H11/14</class-ref>; wheels <class-ref scheme="cpc">B60B</class-ref></text></reference></title-part></class-title>
<classification-item breakdown-code="false" not-allocatable="false" level="8" additional-only="false" sort-key="B61H1/003" definition-exists="false" ipc-concordant="B61H1/00" c-set-base-allowed="false" c-set-subsequent-allowed="true" date-revised="2013-01-01" status="published"><classification-symbol>B61H1/003</classification-symbol><class-title date-revised="2013-01-01"><title-part><CPC-specific-text><text>with an actuator directly acting on a brake head</text></CPC-specific-text></title-part></class-title></classification-item>
<classification-item breakdown-code="false" not-allocatable="false" level="8" additional-only="false" sort-key="B61H1/006" definition-exists="false" ipc-concordant="B61H1/00" c-set-base-allowed="false" c-set-subsequent-allowed="true" date-revised="2013-01-01" status="published"><classification-symbol>B61H1/006</classification-symbol><class-title date-revised="2013-01-01"><title-part><CPC-specific-text><text>Band brakes</text></CPC-specific-text></title-part></class-title></classification-item></classification-item>
<classification-item breakdown-code="false" not-allocatable="false" level="7" additional-only="false" sort-key="B61H3/00" definition-exists="true" ipc-concordant="B61H3/00" c-set-base-allowed="false" c-set-subsequent-allowed="true" date-revised="2013-01-01" status="published"><classification-symbol>B61H3/00</classification-symbol><class-title date-revised="2013-01-01"><title-part><text>Applications or arrangements of brakes with an outwardly movable braking member or members co-operating with the inner surface of a drum or the like </text><reference><text>self-applying brakes <class-ref scheme="cpc">B61H11/02</class-ref>; combinations of different types of brakes <class-ref scheme="cpc">B61H11/14</class-ref></text></reference></title-part></class-title></classification-item>
<classification-item breakdown-code="false" not-allocatable="false" level="7" additional-only="false" sort-key="B61H5/00" definition-exists="true" ipc-concordant="B61H5/00" c-set-base-allowed="false" c-set-subsequent-allowed="true" date-revised="2013-01-01" status="published"><classification-symbol>B61H5/00</classification-symbol><class-title date-revised="2013-01-01"><title-part><text>Applications or arrangements of brakes with substantially radial braking surfaces pressed together in axial direction, e.g. disc brakes </text><reference><text>self-applying brakes <class-ref scheme="cpc">B61H11/02</class-ref>; combinations of different types of brakes <class-ref scheme="cpc">B61H11/14</class-ref>; </text><CPC-specific-text><text>discs adapted for mounting on the wheel of a railway vehicle <class-ref scheme="cpc">F16D65/124</class-ref></text></CPC-specific-text></reference></title-part></class-title></classification-item>
<classification-item breakdown-code="false" not-allocatable="false" level="7" additional-only="false" sort-key="B61H7/00" definition-exists="true" ipc-concordant="B61H7/00" c-set-base-allowed="false" c-set-subsequent-allowed="true" date-revised="2013-01-01" status="published"><classification-symbol>B61H7/00</classification-symbol><class-title date-revised="2013-01-01"><title-part><text>Brakes with braking members co-operating with the track </text><reference><text>positive railway stops or track brakes secured to permanent way <class-ref scheme="cpc">B61K7/00</class-ref></text></reference></title-part></class-title>
<classification-item breakdown-code="false" not-allocatable="false" level="8" additional-only="false" sort-key="B61H7/02" definition-exists="false" ipc-concordant="B61H7/02" c-set-base-allowed="false" c-set-subsequent-allowed="true" date-revised="2013-01-01" status="published"><classification-symbol>B61H7/02</classification-symbol><class-title date-revised="2013-01-01"><title-part><text>Scotch blocks, skids, or like track-engaging shoes</text></title-part></class-title>
<classification-item breakdown-code="false" not-allocatable="false" level="9" additional-only="false" sort-key="B61H7/04" definition-exists="false" ipc-concordant="B61H7/04" c-set-base-allowed="false" c-set-subsequent-allowed="true" date-revised="2013-01-01" status="published"><classification-symbol>B61H7/04</classification-symbol><class-title date-revised="2013-01-01"><title-part><text>attached to railway vehicles</text></title-part></class-title>
<classification-item breakdown-code="false" not-allocatable="false" level="10" additional-only="false" sort-key="B61H7/06" definition-exists="false" ipc-concordant="B61H7/06" c-set-base-allowed="false" c-set-subsequent-allowed="true" date-revised="2013-01-01" status="published"><classification-symbol>B61H7/06</classification-symbol><class-title date-revised="2013-01-01"><title-part><text>Skids</text></title-part></class-title>
<classification-item breakdown-code="false" not-allocatable="false" level="11" additional-only="false" sort-key="B61H7/08" definition-exists="false" ipc-concordant="B61H7/08" c-set-base-allowed="false" c-set-subsequent-allowed="true" date-revised="2013-01-01" status="published"><classification-symbol>B61H7/08</classification-symbol><class-title date-revised="2013-01-01"><title-part><text>electromagnetically operated</text></title-part></class-title>
<classification-item breakdown-code="false" not-allocatable="false" level="12" additional-only="false" sort-key="B61H7/083" definition-exists="false" ipc-concordant="B61H7/08" c-set-base-allowed="false" c-set-subsequent-allowed="true" date-revised="2013-01-01" status="published"><classification-symbol>B61H7/083</classification-symbol><class-title date-revised="2013-01-01"><title-part><CPC-specific-text><text>working with eddy currents</text></CPC-specific-text></title-part></class-title></classification-item>
<classification-item breakdown-code="false" not-allocatable="false" level="12" additional-only="false" sort-key="B61H7/086" definition-exists="false" ipc-concordant="B61H7/08" c-set-base-allowed="false" c-set-subsequent-allowed="true" date-revised="2013-01-01" status="published"><classification-symbol>B61H7/086</classification-symbol><class-title date-revised="2013-01-01"><title-part><CPC-specific-text><text>Suspensions therefor</text></CPC-specific-text></title-part></class-title></classification-item></classification-item></classification-item></classification-item>
<classification-item breakdown-code="false" not-allocatable="false" level="9" additional-only="false" sort-key="B61H7/10" definition-exists="false" ipc-concordant="B61H7/10" c-set-base-allowed="false" c-set-subsequent-allowed="true" date-revised="2013-01-01" status="published"><classification-symbol>B61H7/10</classification-symbol><class-title date-revised="2013-01-01"><title-part><text>unattached</text></title-part></class-title></classification-item></classification-item>
<classification-item breakdown-code="false" not-allocatable="false" level="8" additional-only="false" sort-key="B61H7/12" definition-exists="false" ipc-concordant="B61H7/12" c-set-base-allowed="false" c-set-subsequent-allowed="true" date-revised="2013-01-01" status="published"><classification-symbol>B61H7/12</classification-symbol><class-title date-revised="2013-01-01"><title-part><text>Grippers co-operating frictionally with tracks</text></title-part></class-title></classification-item></classification-item>
<classification-item breakdown-code="false" not-allocatable="false" level="7" additional-only="false" sort-key="B61H9/00" definition-exists="false" ipc-concordant="B61H9/00" c-set-base-allowed="false" c-set-subsequent-allowed="true" date-revised="2013-01-01" status="published"><classification-symbol>B61H9/00</classification-symbol><class-title date-revised="2013-01-01"><title-part><text>Brakes characterised by or modified for their application to special railway systems or purposes</text></title-part></class-title>
<classification-item breakdown-code="false" not-allocatable="false" level="8" additional-only="false" sort-key="B61H9/003" definition-exists="false" ipc-concordant="B61H9/00" c-set-base-allowed="false" c-set-subsequent-allowed="true" date-revised="2013-01-01" status="published"><classification-symbol>B61H9/003</classification-symbol><class-title date-revised="2013-01-01"><title-part><CPC-specific-text><text>for shunting operation or for narrow gauge trains</text></CPC-specific-text></title-part></class-title></classification-item>
<classification-item breakdown-code="false" not-allocatable="false" level="8" additional-only="false" sort-key="B61H9/006" definition-exists="false" ipc-concordant="B61H9/00" c-set-base-allowed="false" c-set-subsequent-allowed="true" date-revised="2013-01-01" status="published"><classification-symbol>B61H9/006</classification-symbol><class-title date-revised="2013-01-01"><title-part><CPC-specific-text><text>Brakes for locomotives</text></CPC-specific-text></title-part></class-title></classification-item>
<classification-item breakdown-code="false" not-allocatable="false" level="8" additional-only="false" sort-key="B61H9/02" definition-exists="false" ipc-concordant="B61H9/02" c-set-base-allowed="false" c-set-subsequent-allowed="true" date-revised="2013-01-01" status="published"><classification-symbol>B61H9/02</classification-symbol><class-title date-revised="2013-01-01"><title-part><text>for aerial, e.g. rope, railways</text></title-part></class-title></classification-item>
<classification-item breakdown-code="false" not-allocatable="false" level="8" additional-only="false" sort-key="B61H9/04" definition-exists="false" ipc-concordant="B61H9/04" c-set-base-allowed="false" c-set-subsequent-allowed="true" date-revised="2013-01-01" status="published"><classification-symbol>B61H9/04</classification-symbol><class-title date-revised="2013-01-01"><title-part><text>for preventing or controlling movement in one direction or, selectively, in either direction</text></title-part></class-title></classification-item>
<classification-item breakdown-code="false" not-allocatable="false" level="8" additional-only="false" sort-key="B61H9/06" definition-exists="false" ipc-concordant="B61H9/06" c-set-base-allowed="false" c-set-subsequent-allowed="true" date-revised="2013-01-01" status="published"><classification-symbol>B61H9/06</classification-symbol><class-title date-revised="2013-01-01"><title-part><text>for storing energy during braking action</text></title-part></class-title></classification-item></classification-item>
<classification-item breakdown-code="false" not-allocatable="false" level="7" additional-only="false" sort-key="B61H11/00" definition-exists="true" ipc-concordant="B61H11/00" c-set-base-allowed="false" c-set-subsequent-allowed="true" date-revised="2013-01-01" status="published"><classification-symbol>B61H11/00</classification-symbol><class-title date-revised="2013-01-01"><title-part><text>Applications or arrangements of braking or retarding apparatus not otherwise provided for</text></title-part><title-part><text>Combinations of apparatus of different kinds or types</text></title-part></class-title>
<classification-item breakdown-code="false" not-allocatable="false" level="8" additional-only="false" sort-key="B61H11/005" definition-exists="false" ipc-concordant="B61H11/00" c-set-base-allowed="false" c-set-subsequent-allowed="true" date-revised="2013-01-01" status="published"><classification-symbol>B61H11/005</classification-symbol><class-title date-revised="2013-01-01"><title-part><CPC-specific-text><text>in combination with rail sanding, door opening or the like</text></CPC-specific-text></title-part></class-title></classification-item>
<classification-item breakdown-code="false" not-allocatable="false" level="8" additional-only="false" sort-key="B61H11/02" definition-exists="false" ipc-concordant="B61H11/02" c-set-base-allowed="false" c-set-subsequent-allowed="true" date-revised="2013-01-01" status="published"><classification-symbol>B61H11/02</classification-symbol><class-title date-revised="2013-01-01"><title-part><text>of self-applying brakes</text></title-part></class-title>
<classification-item breakdown-code="false" not-allocatable="false" level="9" additional-only="false" sort-key="B61H11/04" definition-exists="false" ipc-concordant="B61H11/04" c-set-base-allowed="false" c-set-subsequent-allowed="true" date-revised="2013-01-01" status="published"><classification-symbol>B61H11/04</classification-symbol><class-title date-revised="2013-01-01"><title-part><text>with brake-applying force derived from rotation of axle</text></title-part></class-title></classification-item></classification-item>
<classification-item breakdown-code="false" not-allocatable="false" level="8" additional-only="false" sort-key="B61H11/06" definition-exists="false" ipc-concordant="B61H11/06" c-set-base-allowed="false" c-set-subsequent-allowed="true" date-revised="2013-01-01" status="published"><classification-symbol>B61H11/06</classification-symbol><class-title date-revised="2013-01-01"><title-part><text>of hydrostatic, hydrodynamic, or aerodynamic brakes</text></title-part></class-title>
<classification-item breakdown-code="false" not-allocatable="false" level="9" additional-only="false" sort-key="B61H11/08" definition-exists="false" ipc-concordant="B61H11/08" c-set-base-allowed="false" c-set-subsequent-allowed="true" date-revised="2013-01-01" status="published"><classification-symbol>B61H11/08</classification-symbol><class-title date-revised="2013-01-01"><title-part><text>comprising a pump or the like circulating fluid, braking being effected by throttling of the circulation</text></title-part></class-title></classification-item>
<classification-item breakdown-code="false" not-allocatable="false" level="9" additional-only="false" sort-key="B61H11/10" definition-exists="false" ipc-concordant="B61H11/10" c-set-base-allowed="false" c-set-subsequent-allowed="true" date-revised="2013-01-01" status="published"><classification-symbol>B61H11/10</classification-symbol><class-title date-revised="2013-01-01"><title-part><text>Aerodynamic brakes with control flaps, e.g. spoilers, attached to the vehicles</text></title-part></class-title></classification-item></classification-item>
<classification-item breakdown-code="false" not-allocatable="false" level="8" additional-only="false" sort-key="B61H11/14" definition-exists="false" ipc-concordant="B61H11/14" c-set-base-allowed="false" c-set-subsequent-allowed="true" date-revised="2013-01-01" status="published"><classification-symbol>B61H11/14</classification-symbol><class-title date-revised="2013-01-01"><title-part><text>Combinations of different types of brakes, e.g. brake blocks acting on wheel-rim combined with disc brakes</text></title-part></class-title></classification-item>
<classification-item breakdown-code="false" not-allocatable="false" level="8" additional-only="false" sort-key="B61H11/16" definition-exists="false" ipc-concordant="B61H11/16" c-set-base-allowed="false" c-set-subsequent-allowed="true" date-revised="2013-01-01" status="published"><classification-symbol>B61H11/16</classification-symbol><class-title date-revised="2013-01-01"><title-part><text>Removable self-contained brake units</text></title-part></class-title></classification-item></classification-item>
<classification-item breakdown-code="false" not-allocatable="false" level="7" additional-only="false" sort-key="B61H13/00" definition-exists="true" ipc-concordant="B61H13/00" c-set-base-allowed="false" c-set-subsequent-allowed="true" date-revised="2013-01-01" status="published"><classification-symbol>B61H13/00</classification-symbol><class-title date-revised="2013-01-01"><title-part><text>Actuating rail vehicle brakes </text><reference><CPC-specific-text><text>actuators directly acting on a brake head <class-ref scheme="cpc">B61H1/003</class-ref>;</text></CPC-specific-text><text> self-applying brakes <class-ref scheme="cpc">B61H11/02</class-ref>; wear-compensating mechanisms <class-ref scheme="cpc">B61H15/00</class-ref></text></reference></title-part></class-title>
<classification-item breakdown-code="false" not-allocatable="false" level="8" additional-only="false" sort-key="B61H13/005" definition-exists="false" ipc-concordant="B61H13/00" c-set-base-allowed="false" c-set-subsequent-allowed="true" date-revised="2013-01-01" status="published"><classification-symbol>B61H13/005</classification-symbol><class-title date-revised="2013-01-01"><title-part><CPC-specific-text><text>Spring actuation</text></CPC-specific-text></title-part></class-title></classification-item>
<classification-item breakdown-code="false" not-allocatable="false" level="8" additional-only="false" sort-key="B61H13/02" definition-exists="false" ipc-concordant="B61H13/02" c-set-base-allowed="false" c-set-subsequent-allowed="true" date-revised="2013-01-01" status="published"><classification-symbol>B61H13/02</classification-symbol><class-title date-revised="2013-01-01"><title-part><text>Hand or other personal actuation</text></title-part></class-title>
<classification-item breakdown-code="false" not-allocatable="false" level="9" additional-only="false" sort-key="B61H13/04" definition-exists="false" ipc-concordant="B61H13/04" c-set-base-allowed="false" c-set-subsequent-allowed="true" date-revised="2013-01-01" status="published"><classification-symbol>B61H13/04</classification-symbol><class-title date-revised="2013-01-01"><title-part><text>by mechanisms incorporating toothed gearing</text></title-part></class-title></classification-item></classification-item>
<classification-item breakdown-code="false" not-allocatable="false" level="8" additional-only="false" sort-key="B61H13/06" definition-exists="false" ipc-concordant="B61H13/06" c-set-base-allowed="false" c-set-subsequent-allowed="true" date-revised="2013-01-01" status="published"><classification-symbol>B61H13/06</classification-symbol><class-title date-revised="2013-01-01"><title-part><text>Actuating or influencing the brakes by backward pressure of buffers or coupling gear, e.g. buffer brakes</text></title-part></class-title></classification-item>
<classification-item breakdown-code="false" not-allocatable="false" level="8" additional-only="false" sort-key="B61H13/20" definition-exists="false" ipc-concordant="B61H13/20" c-set-base-allowed="false" c-set-subsequent-allowed="true" date-revised="2013-01-01" status="published"><classification-symbol>B61H13/20</classification-symbol><class-title date-revised="2013-01-01"><title-part><text>Transmitting mechanisms </text><reference><text>wear-compensating mechanisms <class-ref scheme="cpc">B61H15/00</class-ref></text></reference></title-part></class-title>
<classification-item breakdown-code="false" not-allocatable="false" level="9" additional-only="false" sort-key="B61H13/22" definition-exists="false" ipc-concordant="B61H13/22" c-set-base-allowed="false" c-set-subsequent-allowed="true" date-revised="2013-01-01" status="published"><classification-symbol>B61H13/22</classification-symbol><class-title date-revised="2013-01-01"><title-part><text>for braking a single wheel or wheels at one side only, e.g. for locomotives or motor railcars</text></title-part></class-title></classification-item>
<classification-item breakdown-code="false" not-allocatable="false" level="9" additional-only="false" sort-key="B61H13/24" definition-exists="false" ipc-concordant="B61H13/24" c-set-base-allowed="false" c-set-subsequent-allowed="true" date-revised="2013-01-01" status="published"><classification-symbol>B61H13/24</classification-symbol><class-title date-revised="2013-01-01"><title-part><text>for cars with two axles or bogies with two axles and braking cylinder(s) for each bogie, the mechanisms at each side being interconnected</text></title-part></class-title></classification-item>
<classification-item breakdown-code="false" not-allocatable="false" level="9" additional-only="false" sort-key="B61H13/26" definition-exists="false" ipc-concordant="B61H13/26" c-set-base-allowed="false" c-set-subsequent-allowed="true" date-revised="2013-01-01" status="published"><classification-symbol>B61H13/26</classification-symbol><class-title date-revised="2013-01-01"><title-part><text>for cars or bogies with more than two axles or bogies, the mechanisms at each side being interconnected</text></title-part></class-title></classification-item>
<classification-item breakdown-code="false" not-allocatable="false" level="9" additional-only="false" sort-key="B61H13/28" definition-exists="false" ipc-concordant="B61H13/28" c-set-base-allowed="false" c-set-subsequent-allowed="true" date-revised="2013-01-01" status="published"><classification-symbol>B61H13/28</classification-symbol><class-title date-revised="2013-01-01"><title-part><text>with variable leverage or mechanical advantage to obtain quick take-up</text></title-part></class-title></classification-item>
<classification-item breakdown-code="false" not-allocatable="false" level="9" additional-only="false" sort-key="B61H13/30" definition-exists="false" ipc-concordant="B61H13/30" c-set-base-allowed="false" c-set-subsequent-allowed="true" date-revised="2013-01-01" status="published"><classification-symbol>B61H13/30</classification-symbol><class-title date-revised="2013-01-01"><title-part><text>adjustable to take account of variation of vehicle weight </text><reference><text>automatic adjustment <class-ref scheme="cpc">B60T8/18</class-ref></text></reference></title-part></class-title>
<classification-item breakdown-code="false" not-allocatable="false" level="10" additional-only="false" sort-key="B61H13/32" definition-exists="false" ipc-concordant="B61H13/32" c-set-base-allowed="false" c-set-subsequent-allowed="true" date-revised="2013-01-01" status="published"><classification-symbol>B61H13/32</classification-symbol><class-title date-revised="2013-01-01"><title-part><text>by varying brake lever leverage</text></title-part></class-title></classification-item></classification-item></classification-item>
<classification-item breakdown-code="false" not-allocatable="false" level="8" additional-only="false" sort-key="B61H13/34" definition-exists="false" ipc-concordant="B61H13/34" c-set-base-allowed="false" c-set-subsequent-allowed="true" date-revised="2013-01-01" status="published"><classification-symbol>B61H13/34</classification-symbol><class-title date-revised="2013-01-01"><title-part><text>Details</text></title-part></class-title>
<classification-item breakdown-code="false" not-allocatable="false" level="9" additional-only="false" sort-key="B61H13/36" definition-exists="false" ipc-concordant="B61H13/36" c-set-base-allowed="false" c-set-subsequent-allowed="true" date-revised="2013-01-01" status="published"><classification-symbol>B61H13/36</classification-symbol><class-title date-revised="2013-01-01"><title-part><text>Beams</text></title-part><title-part><text>Suspension thereof</text></title-part></class-title></classification-item>
<classification-item breakdown-code="false" not-allocatable="false" level="9" additional-only="false" sort-key="B61H13/38" definition-exists="false" ipc-concordant="B61H13/38" c-set-base-allowed="false" c-set-subsequent-allowed="true" date-revised="2017-08-01" status="published"><classification-symbol>B61H13/38</classification-symbol><class-title date-revised="2017-08-01"><title-part><text>Suspension of transmitting mechanisms </text><reference><text><class-ref scheme="cpc">B61H13/36</class-ref> takes precedence</text></reference></title-part></class-title></classification-item></classification-item></classification-item>
<classification-item breakdown-code="false" not-allocatable="false" level="7" additional-only="false" sort-key="B61H15/00" definition-exists="true" ipc-concordant="B61H15/00" c-set-base-allowed="false" c-set-subsequent-allowed="true" date-revised="2013-01-01" status="published"><classification-symbol>B61H15/00</classification-symbol><class-title date-revised="2013-01-01"><title-part><text>Wear-compensating mechanisms, e.g. slack adjusters</text></title-part></class-title>
<classification-item breakdown-code="false" not-allocatable="false" level="8" additional-only="false" sort-key="B61H15/0007" definition-exists="false" ipc-concordant="B61H15/00" c-set-base-allowed="false" c-set-subsequent-allowed="true" date-revised="2013-01-01" status="published"><classification-symbol>B61H15/0007</classification-symbol><class-title date-revised="2013-01-01"><title-part><CPC-specific-text><text>mechanical and self-acting in one direction</text></CPC-specific-text></title-part></class-title>
<classification-item breakdown-code="false" not-allocatable="false" level="9" additional-only="false" sort-key="B61H15/0014" definition-exists="false" ipc-concordant="B61H15/00" c-set-base-allowed="false" c-set-subsequent-allowed="true" date-revised="2013-01-01" status="published"><classification-symbol>B61H15/0014</classification-symbol><class-title date-revised="2013-01-01"><title-part><CPC-specific-text><text>by means of linear adjustment</text></CPC-specific-text></title-part></class-title>
<classification-item breakdown-code="false" not-allocatable="false" level="10" additional-only="false" sort-key="B61H15/0021" definition-exists="false" ipc-concordant="B61H15/00" c-set-base-allowed="false" c-set-subsequent-allowed="true" date-revised="2013-01-01" status="published"><classification-symbol>B61H15/0021</classification-symbol><class-title date-revised="2013-01-01"><title-part><CPC-specific-text><text>with cams, by friction or clamping</text></CPC-specific-text></title-part></class-title></classification-item>
<classification-item breakdown-code="false" not-allocatable="false" level="10" additional-only="false" sort-key="B61H15/0028" definition-exists="false" ipc-concordant="B61H15/00" c-set-base-allowed="false" c-set-subsequent-allowed="true" date-revised="2013-01-01" status="published"><classification-symbol>B61H15/0028</classification-symbol><class-title date-revised="2013-01-01"><title-part><CPC-specific-text><text>with screw-thread and nut</text></CPC-specific-text></title-part></class-title></classification-item></classification-item></classification-item>
<classification-item breakdown-code="false" not-allocatable="false" level="8" additional-only="false" sort-key="B61H15/0035" definition-exists="false" ipc-concordant="B61H15/00" c-set-base-allowed="false" c-set-subsequent-allowed="true" date-revised="2013-01-01" status="published"><classification-symbol>B61H15/0035</classification-symbol><class-title date-revised="2013-01-01"><title-part><CPC-specific-text><text>mechanical and self-acting in both directions</text></CPC-specific-text></title-part></class-title>
<classification-item breakdown-code="false" not-allocatable="false" level="9" additional-only="false" sort-key="B61H15/0042" definition-exists="false" ipc-concordant="B61H15/00" c-set-base-allowed="false" c-set-subsequent-allowed="true" date-revised="2013-01-01" status="published"><classification-symbol>B61H15/0042</classification-symbol><class-title date-revised="2013-01-01"><title-part><CPC-specific-text><text>by means of linear adjustment</text></CPC-specific-text></title-part></class-title>
<classification-item breakdown-code="false" not-allocatable="false" level="10" additional-only="false" sort-key="B61H15/005" definition-exists="false" ipc-concordant="B61H15/00" c-set-base-allowed="false" c-set-subsequent-allowed="true" date-revised="2013-01-01" status="published"><classification-symbol>B61H15/005</classification-symbol><class-title date-revised="2013-01-01"><title-part><CPC-specific-text><text>with cams, by friction or clamping</text></CPC-specific-text></title-part></class-title></classification-item>
<classification-item breakdown-code="false" not-allocatable="false" level="10" additional-only="false" sort-key="B61H15/0057" definition-exists="false" ipc-concordant="B61H15/00" c-set-base-allowed="false" c-set-subsequent-allowed="true" date-revised="2013-01-01" status="published"><classification-symbol>B61H15/0057</classification-symbol><class-title date-revised="2013-01-01"><title-part><CPC-specific-text><text>with screw-thread and nut</text></CPC-specific-text></title-part></class-title></classification-item></classification-item></classification-item>
<classification-item breakdown-code="false" not-allocatable="false" level="8" additional-only="false" sort-key="B61H15/0064" definition-exists="false" ipc-concordant="B61H15/00" c-set-base-allowed="false" c-set-subsequent-allowed="true" date-revised="2013-01-01" status="published"><classification-symbol>B61H15/0064</classification-symbol><class-title date-revised="2013-01-01"><title-part><CPC-specific-text><text>mechanical and non-automatic</text></CPC-specific-text></title-part></class-title>
<classification-item breakdown-code="false" not-allocatable="false" level="9" additional-only="false" sort-key="B61H15/0071" definition-exists="false" ipc-concordant="B61H15/00" c-set-base-allowed="false" c-set-subsequent-allowed="true" date-revised="2013-01-01" status="published"><classification-symbol>B61H15/0071</classification-symbol><class-title date-revised="2013-01-01"><title-part><CPC-specific-text><text>by means of linear adjustment</text></CPC-specific-text></title-part></class-title>
<classification-item breakdown-code="false" not-allocatable="false" level="10" additional-only="false" sort-key="B61H15/0078" definition-exists="false" ipc-concordant="B61H15/00" c-set-base-allowed="false" c-set-subsequent-allowed="true" date-revised="2013-01-01" status="published"><classification-symbol>B61H15/0078</classification-symbol><class-title date-revised="2013-01-01"><title-part><CPC-specific-text><text>with cams, by friction or clamping</text></CPC-specific-text></title-part></class-title></classification-item>
<classification-item breakdown-code="false" not-allocatable="false" level="10" additional-only="false" sort-key="B61H15/0085" definition-exists="false" ipc-concordant="B61H15/00" c-set-base-allowed="false" c-set-subsequent-allowed="true" date-revised="2013-01-01" status="published"><classification-symbol>B61H15/0085</classification-symbol><class-title date-revised="2013-01-01"><title-part><CPC-specific-text><text>with screw-thread and nut</text></CPC-specific-text></title-part></class-title></classification-item></classification-item></classification-item>
<classification-item breakdown-code="false" not-allocatable="false" level="8" additional-only="false" sort-key="B61H15/0092" definition-exists="false" ipc-concordant="B61H15/00" c-set-base-allowed="false" c-set-subsequent-allowed="true" date-revised="2013-01-01" status="published"><classification-symbol>B61H15/0092</classification-symbol><class-title date-revised="2013-01-01"><title-part><CPC-specific-text><text>hydraulic</text></CPC-specific-text></title-part></class-title></classification-item></classification-item></classification-item></classification-item></class-scheme>