<?xml version="1.0" encoding="UTF-8"?>
<class-scheme publication-date="2023-08-01" scheme-type="cpc" publication-type="official">
<classification-item breakdown-code="false" not-allocatable="true" level="5" additional-only="false" sort-key="B42D" definition-exists="true" date-revised="2018-08-01" status="published"><classification-symbol>B42D</classification-symbol><class-title date-revised="2013-01-01"><title-part><text>BOOKS</text></title-part><title-part><text>BOOK COVERS</text></title-part><title-part><text>LOOSE LEAVES</text></title-part><title-part><text>PRINTED MATTER CHARACTERISED BY IDENTIFICATION OR SECURITY FEATURES; PRINTED MATTER OF SPECIAL FORMAT OR STYLE NOT OTHERWISE PROVIDED FOR</text></title-part><title-part><text>DEVICES FOR USE THEREWITH AND NOT OTHERWISE PROVIDED FOR</text></title-part><title-part><text>MOVABLE-STRIP WRITING OR READING APPARATUS</text></title-part></class-title><notes-and-warnings><note type="warning"><note-paragraph>In this subclass non-limiting references (in the sense of paragraph 39 of the Guide to the IPC) may still be displayed in the scheme.</note-paragraph></note></notes-and-warnings>
<classification-item breakdown-code="false" not-allocatable="true" level="6" additional-only="false" sort-key="B42D1/00" date-revised="2013-01-01" status="published"><classification-symbol>B42D1/00</classification-symbol>
<classification-item breakdown-code="false" not-allocatable="false" level="7" additional-only="false" sort-key="B42D1/00" definition-exists="true" ipc-concordant="B42D1/00" c-set-base-allowed="false" c-set-subsequent-allowed="true" date-revised="2013-01-01" status="published"><classification-symbol>B42D1/00</classification-symbol><class-title date-revised="2013-01-01"><title-part><text>Books or other bound products </text><reference><text>match books <class-ref scheme="cpc">A24F27/12</class-ref>; picture books with additional toy effects <class-ref scheme="cpc">A63H33/38</class-ref>; indexing features <class-ref scheme="cpc">B42F21/00</class-ref>; educational or demonstration appliances <class-ref scheme="cpc">G09B</class-ref>, e.g. textbooks for teaching foreign languages <class-ref scheme="cpc">G09B19/08</class-ref></text></reference></title-part></class-title>
<classification-item breakdown-code="false" not-allocatable="false" level="8" additional-only="false" sort-key="B42D1/001" definition-exists="false" ipc-concordant="B42D1/00" c-set-base-allowed="false" c-set-subsequent-allowed="true" date-revised="2013-01-01" status="published"><classification-symbol>B42D1/001</classification-symbol><class-title date-revised="2013-01-01"><title-part><CPC-specific-text><text>with at least two separate sets of sheets </text><reference><text>loose-leaf binders with two or more filing appliances <class-ref scheme="cpc">B42F13/0033</class-ref></text></reference></CPC-specific-text></title-part></class-title></classification-item>
<classification-item breakdown-code="false" not-allocatable="false" level="8" additional-only="false" sort-key="B42D1/002" definition-exists="false" ipc-concordant="B42D1/00" c-set-base-allowed="false" c-set-subsequent-allowed="true" date-revised="2013-01-01" status="published"><classification-symbol>B42D1/002</classification-symbol><class-title date-revised="2013-01-01"><title-part><CPC-specific-text><text>Back of leaves or signatures prepared for binding</text></CPC-specific-text></title-part></class-title></classification-item>
<classification-item breakdown-code="false" not-allocatable="false" level="8" additional-only="false" sort-key="B42D1/003" definition-exists="false" ipc-concordant="B42D1/00" c-set-base-allowed="false" c-set-subsequent-allowed="true" date-revised="2013-01-01" status="published"><classification-symbol>B42D1/003</classification-symbol><class-title date-revised="2013-01-01"><title-part><CPC-specific-text><text>characterised by shape or material of the sheets </text><reference><text><class-ref scheme="cpc">B42D1/08</class-ref> and <class-ref scheme="cpc">B42D1/10</class-ref> take precedence</text></reference></CPC-specific-text></title-part></class-title>
<classification-item breakdown-code="false" not-allocatable="false" level="9" additional-only="false" sort-key="B42D1/004" definition-exists="false" ipc-concordant="B42D1/00" c-set-base-allowed="false" c-set-subsequent-allowed="true" date-revised="2013-01-01" status="published"><classification-symbol>B42D1/004</classification-symbol><class-title date-revised="2013-01-01"><title-part><CPC-specific-text><text>Perforated or punched sheets</text></CPC-specific-text></title-part></class-title>
<classification-item breakdown-code="false" not-allocatable="false" level="10" additional-only="false" sort-key="B42D1/005" definition-exists="false" ipc-concordant="B42D1/00" c-set-base-allowed="false" c-set-subsequent-allowed="true" date-revised="2013-01-01" status="published"><classification-symbol>B42D1/005</classification-symbol><class-title date-revised="2013-01-01"><title-part><CPC-specific-text><text>having plural perforation lines, e.g. for detaching parts of the sheets</text></CPC-specific-text></title-part></class-title></classification-item></classification-item>
<classification-item breakdown-code="false" not-allocatable="false" level="9" additional-only="false" sort-key="B42D1/006" definition-exists="false" ipc-concordant="B42D1/00" c-set-base-allowed="false" c-set-subsequent-allowed="true" date-revised="2013-01-01" status="published"><classification-symbol>B42D1/006</classification-symbol><class-title date-revised="2013-01-01"><title-part><CPC-specific-text><text>with at least one foldable or folded sheet</text></CPC-specific-text></title-part></class-title></classification-item>
<classification-item breakdown-code="false" not-allocatable="false" level="9" additional-only="false" sort-key="B42D1/007" definition-exists="false" ipc-concordant="B42D1/00" c-set-base-allowed="false" c-set-subsequent-allowed="true" date-revised="2013-01-01" status="published"><classification-symbol>B42D1/007</classification-symbol><class-title date-revised="2013-01-01"><title-part><CPC-specific-text><text>Sheets or sheet blocks combined with other articles</text></CPC-specific-text></title-part></class-title></classification-item>
<classification-item breakdown-code="false" not-allocatable="false" level="9" additional-only="false" sort-key="B42D1/008" definition-exists="false" ipc-concordant="B42D1/00" c-set-base-allowed="false" c-set-subsequent-allowed="true" date-revised="2013-01-01" status="published"><classification-symbol>B42D1/008</classification-symbol><class-title date-revised="2013-01-01"><title-part><CPC-specific-text><text>Sheet materials</text></CPC-specific-text></title-part></class-title></classification-item></classification-item>
<classification-item breakdown-code="false" not-allocatable="false" level="8" additional-only="false" sort-key="B42D1/009" definition-exists="false" ipc-concordant="B42D1/00" c-set-base-allowed="false" c-set-subsequent-allowed="true" date-revised="2013-01-01" status="published"><classification-symbol>B42D1/009</classification-symbol><class-title date-revised="2013-01-01"><title-part><CPC-specific-text><text>characterised by printed matter not otherwise provided for</text></CPC-specific-text></title-part></class-title></classification-item>
<classification-item breakdown-code="false" not-allocatable="false" level="8" additional-only="false" sort-key="B42D1/02" definition-exists="false" ipc-concordant="B42D1/02" c-set-base-allowed="false" c-set-subsequent-allowed="true" date-revised="2013-01-01" status="published"><classification-symbol>B42D1/02</classification-symbol><class-title date-revised="2013-01-01"><title-part><text>in which the fillings and covers are connected by end papers</text></title-part></class-title></classification-item>
<classification-item breakdown-code="false" not-allocatable="false" level="8" additional-only="false" sort-key="B42D1/04" definition-exists="false" ipc-concordant="B42D1/04" c-set-base-allowed="false" c-set-subsequent-allowed="true" date-revised="2013-01-01" status="published"><classification-symbol>B42D1/04</classification-symbol><class-title date-revised="2013-01-01"><title-part><text>in which the fillings and the spine portions of the covers are secured integrally, e.g. paper-backs (&quot;livres broch&#232;s&quot;, &quot;Brosch&#252;ren&quot;)</text></title-part></class-title></classification-item>
<classification-item breakdown-code="false" not-allocatable="false" level="8" additional-only="false" sort-key="B42D1/06" definition-exists="false" ipc-concordant="B42D1/06" c-set-base-allowed="false" c-set-subsequent-allowed="true" date-revised="2013-01-01" status="published"><classification-symbol>B42D1/06</classification-symbol><class-title date-revised="2013-01-01"><title-part><text>in which the fillings and covers are united by other means</text></title-part></class-title></classification-item>
<classification-item breakdown-code="false" not-allocatable="false" level="8" additional-only="false" sort-key="B42D1/08" definition-exists="false" ipc-concordant="B42D1/08" c-set-base-allowed="false" c-set-subsequent-allowed="true" date-revised="2013-01-01" status="published"><classification-symbol>B42D1/08</classification-symbol><class-title date-revised="2013-01-01"><title-part><text>Albums </text><reference><text>filing features thereof <class-ref scheme="cpc">B42F</class-ref></text></reference></title-part></class-title></classification-item>
<classification-item breakdown-code="false" not-allocatable="false" level="8" additional-only="false" sort-key="B42D1/10" definition-exists="false" ipc-concordant="B42D1/10" c-set-base-allowed="false" c-set-subsequent-allowed="true" date-revised="2013-01-01" status="published"><classification-symbol>B42D1/10</classification-symbol><class-title date-revised="2013-01-01"><title-part><text>Files with adhesive strips for mounting papers</text></title-part></class-title></classification-item></classification-item>
<classification-item breakdown-code="false" not-allocatable="false" level="7" additional-only="false" sort-key="B42D3/00" definition-exists="true" ipc-concordant="B42D3/00" c-set-base-allowed="false" c-set-subsequent-allowed="true" date-revised="2013-01-01" status="published"><classification-symbol>B42D3/00</classification-symbol><class-title date-revised="2013-01-01"><title-part><text>Book covers </text><reference><text>loose-leaf binders <class-ref scheme="cpc">B42F</class-ref></text></reference></title-part></class-title><notes-and-warnings date-revised="2013-01-01"><note type="note"><note-paragraph>Details of covers which are the same for book covers and covers of loose-leaf binders, are classified in <class-ref scheme="cpc">B42D3/00</class-ref> only</note-paragraph></note></notes-and-warnings>
<classification-item breakdown-code="false" not-allocatable="false" level="8" additional-only="false" sort-key="B42D3/002" definition-exists="false" ipc-concordant="B42D3/00" c-set-base-allowed="false" c-set-subsequent-allowed="true" date-revised="2013-01-01" status="published"><classification-symbol>B42D3/002</classification-symbol><class-title date-revised="2013-01-01"><title-part><CPC-specific-text><text>Covers or strips provided with adhesive for binding</text></CPC-specific-text></title-part></class-title></classification-item>
<classification-item breakdown-code="false" not-allocatable="false" level="8" additional-only="false" sort-key="B42D3/004" definition-exists="false" ipc-concordant="B42D3/00" c-set-base-allowed="false" c-set-subsequent-allowed="true" date-revised="2013-01-01" status="published"><classification-symbol>B42D3/004</classification-symbol><class-title date-revised="2013-01-01"><title-part><CPC-specific-text><text>Devices for protecting or reinforcing edges or corners of covers </text><reference><text>attaching said devices <class-ref scheme="cpc">B42C7/007</class-ref>; for loose-leaf binders <class-ref scheme="cpc">B42F13/004</class-ref></text></reference></CPC-specific-text></title-part></class-title></classification-item>
<classification-item breakdown-code="false" not-allocatable="false" level="8" additional-only="false" sort-key="B42D3/006" definition-exists="false" ipc-concordant="B42D3/00" c-set-base-allowed="false" c-set-subsequent-allowed="true" date-revised="2013-01-01" status="published"><classification-symbol>B42D3/006</classification-symbol><class-title date-revised="2013-01-01"><title-part><CPC-specific-text><text>Indexing means on book covers </text><reference><text>on loose-leaf binders <class-ref scheme="cpc">B42F13/0053</class-ref></text></reference></CPC-specific-text></title-part></class-title>
<classification-item breakdown-code="false" not-allocatable="false" level="9" additional-only="false" sort-key="B42D3/008" definition-exists="false" ipc-concordant="B42D3/00" c-set-base-allowed="false" c-set-subsequent-allowed="true" date-revised="2013-01-01" status="published"><classification-symbol>B42D3/008</classification-symbol><class-title date-revised="2013-01-01"><title-part><CPC-specific-text><text>applied on the back of book covers</text></CPC-specific-text></title-part></class-title></classification-item></classification-item>
<classification-item breakdown-code="false" not-allocatable="false" level="8" additional-only="false" sort-key="B42D3/02" definition-exists="false" ipc-concordant="B42D3/02" c-set-base-allowed="false" c-set-subsequent-allowed="true" date-revised="2013-01-01" status="published"><classification-symbol>B42D3/02</classification-symbol><class-title date-revised="2013-01-01"><title-part><text>made of special materials </text><CPC-specific-text><reference><text>covers of loose-leaf binders made of special materials <class-ref scheme="cpc">B42F13/0013</class-ref></text></reference></CPC-specific-text></title-part></class-title></classification-item>
<classification-item breakdown-code="false" not-allocatable="false" level="8" additional-only="false" sort-key="B42D3/04" definition-exists="false" ipc-concordant="B42D3/04" c-set-base-allowed="false" c-set-subsequent-allowed="true" date-revised="2013-01-01" status="published"><classification-symbol>B42D3/04</classification-symbol><class-title date-revised="2013-01-01"><title-part><text>loose</text></title-part></class-title>
<classification-item breakdown-code="false" not-allocatable="false" level="9" additional-only="false" sort-key="B42D3/045" definition-exists="false" ipc-concordant="B42D3/04" c-set-base-allowed="false" c-set-subsequent-allowed="true" date-revised="2013-01-01" status="published"><classification-symbol>B42D3/045</classification-symbol><class-title date-revised="2013-01-01"><title-part><CPC-specific-text><text>Protective cases for books</text></CPC-specific-text></title-part></class-title></classification-item></classification-item>
<classification-item breakdown-code="false" not-allocatable="false" level="8" additional-only="false" sort-key="B42D3/06" definition-exists="false" ipc-concordant="B42D3/06" c-set-base-allowed="false" c-set-subsequent-allowed="true" date-revised="2013-01-01" status="published"><classification-symbol>B42D3/06</classification-symbol><class-title date-revised="2013-01-01"><title-part><text>with hinges </text><CPC-specific-text><reference><text>covers of loose-leaf binders with hinges <class-ref scheme="cpc">B42F13/002</class-ref></text></reference></CPC-specific-text></title-part></class-title></classification-item>
<classification-item breakdown-code="false" not-allocatable="false" level="8" additional-only="false" sort-key="B42D3/08" definition-exists="false" ipc-concordant="B42D3/08" c-set-base-allowed="false" c-set-subsequent-allowed="true" date-revised="2013-01-01" status="published"><classification-symbol>B42D3/08</classification-symbol><class-title date-revised="2013-01-01"><title-part><text>Ornamented covers</text></title-part></class-title></classification-item>
<classification-item breakdown-code="false" not-allocatable="false" level="8" additional-only="false" sort-key="B42D3/10" definition-exists="false" ipc-concordant="B42D3/10" c-set-base-allowed="false" c-set-subsequent-allowed="true" date-revised="2013-01-01" status="published"><classification-symbol>B42D3/10</classification-symbol><class-title date-revised="2013-01-01"><title-part><text>with locks or closures </text><CPC-specific-text><reference><text>covers of loose-leaf binders with locks or closures <class-ref scheme="cpc">B42F13/0006</class-ref></text></reference></CPC-specific-text></title-part></class-title></classification-item>
<classification-item breakdown-code="false" not-allocatable="false" level="8" additional-only="false" sort-key="B42D3/12" definition-exists="false" ipc-concordant="B42D3/12" c-set-base-allowed="false" c-set-subsequent-allowed="true" date-revised="2013-01-01" status="published"><classification-symbol>B42D3/12</classification-symbol><class-title date-revised="2013-01-01"><title-part><text>combined with other articles </text><CPC-specific-text><reference><text>loose leaf-binders combined with other articles <class-ref scheme="cpc">B42F13/40</class-ref></text></reference></CPC-specific-text></title-part></class-title>
<classification-item breakdown-code="false" not-allocatable="false" level="9" additional-only="false" sort-key="B42D3/123" definition-exists="false" ipc-concordant="B42D3/12" c-set-base-allowed="false" c-set-subsequent-allowed="true" date-revised="2013-01-01" status="published"><classification-symbol>B42D3/123</classification-symbol><class-title date-revised="2013-01-01"><title-part><CPC-specific-text><text>incorporating sound producing or light emitting means or carrying sound records</text></CPC-specific-text></title-part></class-title></classification-item>
<classification-item breakdown-code="false" not-allocatable="false" level="9" additional-only="false" sort-key="B42D3/126" definition-exists="false" ipc-concordant="B42D3/12" c-set-base-allowed="false" c-set-subsequent-allowed="true" date-revised="2013-01-01" status="published"><classification-symbol>B42D3/126</classification-symbol><class-title date-revised="2013-01-01"><title-part><CPC-specific-text><text>enabling the book to be positioned upright </text><reference><text>for loose-leaf binders <class-ref scheme="cpc">B42F13/402</class-ref></text></reference></CPC-specific-text></title-part></class-title></classification-item>
<classification-item breakdown-code="false" not-allocatable="false" level="9" additional-only="false" sort-key="B42D3/14" definition-exists="false" ipc-concordant="B42D3/14" c-set-base-allowed="false" c-set-subsequent-allowed="true" date-revised="2013-01-01" status="published"><classification-symbol>B42D3/14</classification-symbol><class-title date-revised="2013-01-01"><title-part><text>with column markers or line or heading indicators </text><CPC-specific-text><text>with devices for indicating a page</text></CPC-specific-text></title-part></class-title>
<classification-item breakdown-code="false" not-allocatable="false" level="10" additional-only="false" sort-key="B42D3/145" definition-exists="false" ipc-concordant="B42D3/14" c-set-base-allowed="false" c-set-subsequent-allowed="true" date-revised="2013-01-01" status="published"><classification-symbol>B42D3/145</classification-symbol><class-title date-revised="2013-01-01"><title-part><CPC-specific-text><text>attached to the back of the cover</text></CPC-specific-text></title-part></class-title></classification-item></classification-item>
<classification-item breakdown-code="false" not-allocatable="false" level="9" additional-only="false" sort-key="B42D3/16" definition-exists="false" ipc-concordant="B42D3/16" c-set-base-allowed="false" c-set-subsequent-allowed="true" date-revised="2013-01-01" status="published"><classification-symbol>B42D3/16</classification-symbol><class-title date-revised="2013-01-01"><title-part><text>with means for holding books open</text></title-part></class-title></classification-item></classification-item>
<classification-item breakdown-code="false" not-allocatable="false" level="8" additional-only="false" sort-key="B42D3/18" definition-exists="false" ipc-concordant="B42D3/18" c-set-base-allowed="false" c-set-subsequent-allowed="true" date-revised="2013-01-01" status="published"><classification-symbol>B42D3/18</classification-symbol><class-title date-revised="2013-01-01"><title-part><text>Other accessories</text></title-part></class-title></classification-item></classification-item>
<classification-item breakdown-code="false" not-allocatable="false" level="7" additional-only="false" sort-key="B42D5/00" definition-exists="true" ipc-concordant="B42D5/00" c-set-base-allowed="false" c-set-subsequent-allowed="true" date-revised="2013-01-01" status="published"><classification-symbol>B42D5/00</classification-symbol><class-title date-revised="2013-01-01"><title-part><text>Sheets united without binding to form pads or blocks </text><reference><text>processes therefor <class-ref scheme="cpc">B42B</class-ref></text></reference></title-part></class-title>
<classification-item breakdown-code="false" not-allocatable="false" level="8" additional-only="false" sort-key="B42D5/001" definition-exists="false" ipc-concordant="B42D5/00" c-set-base-allowed="false" c-set-subsequent-allowed="true" date-revised="2013-01-01" status="published"><classification-symbol>B42D5/001</classification-symbol><class-title date-revised="2013-01-01"><title-part><CPC-specific-text><text>perforated or punched sheets </text><reference><text><class-ref scheme="cpc">B42D5/06</class-ref> takes precedence</text></reference></CPC-specific-text></title-part></class-title>
<classification-item breakdown-code="false" not-allocatable="false" level="9" additional-only="false" sort-key="B42D5/002" definition-exists="false" ipc-concordant="B42D5/00" c-set-base-allowed="false" c-set-subsequent-allowed="true" date-revised="2013-01-01" status="published"><classification-symbol>B42D5/002</classification-symbol><class-title date-revised="2013-01-01"><title-part><CPC-specific-text><text>having plural perforation lines, e.g. for detaching parts of the sheets</text></CPC-specific-text></title-part></class-title></classification-item></classification-item>
<classification-item breakdown-code="false" not-allocatable="false" level="8" additional-only="false" sort-key="B42D5/003" definition-exists="false" ipc-concordant="B42D5/00" c-set-base-allowed="false" c-set-subsequent-allowed="true" date-revised="2013-01-01" status="published"><classification-symbol>B42D5/003</classification-symbol><class-title date-revised="2013-01-01"><title-part><CPC-specific-text><text>Note-pads</text></CPC-specific-text></title-part></class-title>
<classification-item breakdown-code="false" not-allocatable="false" level="9" additional-only="false" sort-key="B42D5/005" definition-exists="false" ipc-concordant="B42D5/00" c-set-base-allowed="false" c-set-subsequent-allowed="true" date-revised="2013-01-01" status="published"><classification-symbol>B42D5/005</classification-symbol><class-title date-revised="2013-01-01"><title-part><CPC-specific-text><text>Supports for note-pads </text><reference><text><class-ref scheme="cpc">B42F9/00</class-ref> takes precedence; underlays <class-ref scheme="cpc">B43L3/00</class-ref></text></reference></CPC-specific-text></title-part></class-title>
<classification-item breakdown-code="false" not-allocatable="false" level="10" additional-only="false" sort-key="B42D5/006" definition-exists="false" ipc-concordant="B42D5/00" c-set-base-allowed="false" c-set-subsequent-allowed="true" date-revised="2013-01-01" status="published"><classification-symbol>B42D5/006</classification-symbol><class-title date-revised="2013-01-01"><title-part><CPC-specific-text><text>combined with auxiliary devices</text></CPC-specific-text></title-part></class-title>
<classification-item breakdown-code="false" not-allocatable="false" level="11" additional-only="false" sort-key="B42D5/007" definition-exists="false" ipc-concordant="B42D5/00" c-set-base-allowed="false" c-set-subsequent-allowed="true" date-revised="2013-01-01" status="published"><classification-symbol>B42D5/007</classification-symbol><class-title date-revised="2013-01-01"><title-part><CPC-specific-text><text>with light emitting devices</text></CPC-specific-text></title-part></class-title></classification-item></classification-item></classification-item>
<classification-item breakdown-code="false" not-allocatable="false" level="9" additional-only="false" sort-key="B42D5/008" definition-exists="false" ipc-concordant="B42D5/00" c-set-base-allowed="false" c-set-subsequent-allowed="true" date-revised="2013-01-01" status="published"><classification-symbol>B42D5/008</classification-symbol><class-title date-revised="2013-01-01"><title-part><CPC-specific-text><text>with means for engaging sheet perforations or slots</text></CPC-specific-text></title-part></class-title></classification-item></classification-item>
<classification-item breakdown-code="false" not-allocatable="false" level="8" additional-only="false" sort-key="B42D5/02" definition-exists="false" ipc-concordant="B42D5/02" c-set-base-allowed="false" c-set-subsequent-allowed="true" date-revised="2013-01-01" status="published"><classification-symbol>B42D5/02</classification-symbol><class-title date-revised="2013-01-01"><title-part><text>Form sets </text><reference><text>book-keeping forms <class-ref scheme="cpc">B42D12/02</class-ref></text></reference></title-part></class-title>
<classification-item breakdown-code="false" not-allocatable="false" level="9" additional-only="false" sort-key="B42D5/021" definition-exists="false" ipc-concordant="B42D5/02" c-set-base-allowed="false" c-set-subsequent-allowed="true" date-revised="2013-01-01" status="published"><classification-symbol>B42D5/021</classification-symbol><class-title date-revised="2013-01-01"><title-part><CPC-specific-text><text>Cheque-books</text></CPC-specific-text></title-part></class-title>
<classification-item breakdown-code="false" not-allocatable="false" level="10" additional-only="false" sort-key="B42D5/022" definition-exists="false" ipc-concordant="B42D5/02" c-set-base-allowed="false" c-set-subsequent-allowed="true" date-revised="2013-01-01" status="published"><classification-symbol>B42D5/022</classification-symbol><class-title date-revised="2013-01-01"><title-part><CPC-specific-text><text>Holders for cheque-books; Articles combined with cheque-books</text></CPC-specific-text></title-part></class-title></classification-item></classification-item>
<classification-item breakdown-code="false" not-allocatable="false" level="9" additional-only="false" sort-key="B42D5/023" definition-exists="false" ipc-concordant="B42D5/02" c-set-base-allowed="false" c-set-subsequent-allowed="true" date-revised="2013-01-01" status="published"><classification-symbol>B42D5/023</classification-symbol><class-title date-revised="2013-01-01"><title-part><CPC-specific-text><text>Continuous form sets</text></CPC-specific-text></title-part></class-title>
<classification-item breakdown-code="false" not-allocatable="false" level="10" additional-only="false" sort-key="B42D5/025" definition-exists="false" ipc-concordant="B42D5/02" c-set-base-allowed="false" c-set-subsequent-allowed="true" date-revised="2013-01-01" status="published"><classification-symbol>B42D5/025</classification-symbol><class-title date-revised="2013-01-01"><title-part><CPC-specific-text><text>Mailer assemblies</text></CPC-specific-text></title-part></class-title>
<classification-item breakdown-code="false" not-allocatable="false" level="11" additional-only="false" sort-key="B42D5/026" definition-exists="false" ipc-concordant="B42D5/02" c-set-base-allowed="false" c-set-subsequent-allowed="true" date-revised="2013-01-01" status="published"><classification-symbol>B42D5/026</classification-symbol><class-title date-revised="2013-01-01"><title-part><CPC-specific-text><text>with return letter or return card</text></CPC-specific-text></title-part></class-title></classification-item></classification-item>
<classification-item breakdown-code="false" not-allocatable="false" level="10" additional-only="false" sort-key="B42D5/027" definition-exists="false" ipc-concordant="B42D5/02" c-set-base-allowed="false" c-set-subsequent-allowed="true" date-revised="2013-01-01" status="published"><classification-symbol>B42D5/027</classification-symbol><class-title date-revised="2013-01-01"><title-part><CPC-specific-text><text>Sheets or cards attached to a carrier strip or web </text><reference><text>shipping forms <class-ref scheme="cpc">B42D15/006</class-ref></text></reference></CPC-specific-text></title-part></class-title></classification-item></classification-item>
<classification-item breakdown-code="false" not-allocatable="false" level="9" additional-only="false" sort-key="B42D5/028" definition-exists="false" ipc-concordant="B42D5/02" c-set-base-allowed="false" c-set-subsequent-allowed="true" date-revised="2013-01-01" status="published"><classification-symbol>B42D5/028</classification-symbol><class-title date-revised="2013-01-01"><title-part><CPC-specific-text><text>Form set holders; Articles combined therewith</text></CPC-specific-text></title-part></class-title></classification-item></classification-item>
<classification-item breakdown-code="false" not-allocatable="false" level="8" additional-only="false" sort-key="B42D5/04" definition-exists="false" ipc-concordant="B42D5/04" c-set-base-allowed="false" c-set-subsequent-allowed="true" date-revised="2013-01-01" status="published"><classification-symbol>B42D5/04</classification-symbol><class-title date-revised="2013-01-01"><title-part><text>Calendar blocks </text><reference><text>special apparatus for printing calendars <class-ref scheme="cpc">B41F17/04</class-ref> </text></reference><CPC-specific-text><reference><text>perpetual calendars <class-ref scheme="cpc">G09D3/00</class-ref></text></reference></CPC-specific-text></title-part></class-title>
<classification-item breakdown-code="false" not-allocatable="false" level="9" additional-only="false" sort-key="B42D5/041" definition-exists="false" ipc-concordant="B42D5/04" c-set-base-allowed="false" c-set-subsequent-allowed="true" date-revised="2013-01-01" status="published"><classification-symbol>B42D5/041</classification-symbol><class-title date-revised="2013-01-01"><title-part><CPC-specific-text><text>with means for engaging calendar sheet perforations or slots</text></CPC-specific-text></title-part></class-title></classification-item>
<classification-item breakdown-code="false" not-allocatable="false" level="9" additional-only="false" sort-key="B42D5/042" definition-exists="false" ipc-concordant="B42D5/04" c-set-base-allowed="false" c-set-subsequent-allowed="true" date-revised="2013-01-01" status="published"><classification-symbol>B42D5/042</classification-symbol><class-title date-revised="2013-01-01"><title-part><CPC-specific-text><text>Diaries; Memorandum calendars</text></CPC-specific-text></title-part></class-title></classification-item>
<classification-item breakdown-code="false" not-allocatable="false" level="9" additional-only="false" sort-key="B42D5/043" definition-exists="false" ipc-concordant="B42D5/04" c-set-base-allowed="false" c-set-subsequent-allowed="true" date-revised="2013-01-01" status="published"><classification-symbol>B42D5/043</classification-symbol><class-title date-revised="2013-01-01"><title-part><CPC-specific-text><text>Supports for desk-type calendars or diaries</text></CPC-specific-text></title-part></class-title>
<classification-item breakdown-code="false" not-allocatable="false" level="10" additional-only="false" sort-key="B42D5/045" definition-exists="false" ipc-concordant="B42D5/04" c-set-base-allowed="false" c-set-subsequent-allowed="true" date-revised="2013-01-01" status="published"><classification-symbol>B42D5/045</classification-symbol><class-title date-revised="2013-01-01"><title-part><CPC-specific-text><text>combined with auxiliary devices</text></CPC-specific-text></title-part></class-title></classification-item></classification-item>
<classification-item breakdown-code="false" not-allocatable="false" level="9" additional-only="false" sort-key="B42D5/046" definition-exists="false" ipc-concordant="B42D5/04" c-set-base-allowed="false" c-set-subsequent-allowed="true" date-revised="2013-01-01" status="published"><classification-symbol>B42D5/046</classification-symbol><class-title date-revised="2013-01-01"><title-part><CPC-specific-text><text>Suspension devices therefor</text></CPC-specific-text></title-part></class-title></classification-item>
<classification-item breakdown-code="false" not-allocatable="false" level="9" additional-only="false" sort-key="B42D5/047" definition-exists="false" ipc-concordant="B42D5/04" c-set-base-allowed="false" c-set-subsequent-allowed="true" date-revised="2013-01-01" status="published"><classification-symbol>B42D5/047</classification-symbol><class-title date-revised="2013-01-01"><title-part><CPC-specific-text><text>in which the calendar sheet or sheets are combined with other articles</text></CPC-specific-text></title-part></class-title></classification-item>
<classification-item breakdown-code="false" not-allocatable="false" level="9" additional-only="false" sort-key="B42D5/048" definition-exists="false" ipc-concordant="B42D5/04" c-set-base-allowed="false" c-set-subsequent-allowed="true" date-revised="2013-01-01" status="published"><classification-symbol>B42D5/048</classification-symbol><class-title date-revised="2013-01-01"><title-part><CPC-specific-text><text>movable-strip-type calendars</text></CPC-specific-text></title-part></class-title></classification-item>
<classification-item breakdown-code="false" not-allocatable="false" level="9" additional-only="false" sort-key="B42D5/06" definition-exists="false" ipc-concordant="B42D5/06" c-set-base-allowed="false" c-set-subsequent-allowed="true" date-revised="2013-01-01" status="published"><classification-symbol>B42D5/06</classification-symbol><class-title date-revised="2013-01-01"><title-part><text>Tear-off calendar blocks</text></title-part></class-title>
<classification-item breakdown-code="false" not-allocatable="false" level="10" additional-only="false" sort-key="B42D5/065" definition-exists="false" ipc-concordant="B42D5/06" c-set-base-allowed="false" c-set-subsequent-allowed="true" date-revised="2013-01-01" status="published"><classification-symbol>B42D5/065</classification-symbol><class-title date-revised="2013-01-01"><title-part><CPC-specific-text><text>having plural perforation lines, e.g. for detaching parts of the sheets</text></CPC-specific-text></title-part></class-title></classification-item></classification-item></classification-item></classification-item>
<classification-item breakdown-code="false" not-allocatable="false" level="7" additional-only="false" sort-key="B42D7/00" definition-exists="true" ipc-concordant="B42D7/00" c-set-base-allowed="false" c-set-subsequent-allowed="true" date-revised="2013-01-01" status="published"><classification-symbol>B42D7/00</classification-symbol><class-title date-revised="2013-01-01"><title-part><text>Newspapers or the like</text></title-part></class-title></classification-item>
<classification-item breakdown-code="false" not-allocatable="false" level="7" additional-only="false" sort-key="B42D9/00" definition-exists="true" ipc-concordant="B42D9/00" c-set-base-allowed="false" c-set-subsequent-allowed="true" date-revised="2013-01-01" status="published"><classification-symbol>B42D9/00</classification-symbol><class-title date-revised="2013-01-01"><title-part><text>Bookmarkers</text></title-part><title-part><text>Spot indicators</text></title-part><title-part><text>Devices for holding books open </text><reference><text>combined with covers <class-ref scheme="cpc">B42D3/16</class-ref>, indexing tabs for sheets <class-ref scheme="cpc">B42F21/00</class-ref></text></reference></title-part><title-part><text>Leaf turners</text></title-part></class-title>
<classification-item breakdown-code="false" not-allocatable="false" level="8" additional-only="false" sort-key="B42D9/001" definition-exists="false" ipc-concordant="B42D9/00" c-set-base-allowed="false" c-set-subsequent-allowed="true" date-revised="2013-01-01" status="published"><classification-symbol>B42D9/001</classification-symbol><class-title date-revised="2013-01-01"><title-part><CPC-specific-text><text>Devices for indicating a page in a book, e.g. bookmarkers </text><reference><text><class-ref scheme="cpc">B42D9/02</class-ref> takes precedence; attached to book covers <class-ref scheme="cpc">B42D3/145</class-ref></text></reference></CPC-specific-text></title-part></class-title>
<classification-item breakdown-code="false" not-allocatable="false" level="9" additional-only="false" sort-key="B42D9/002" definition-exists="false" ipc-concordant="B42D9/00" c-set-base-allowed="false" c-set-subsequent-allowed="true" date-revised="2013-01-01" status="published"><classification-symbol>B42D9/002</classification-symbol><class-title date-revised="2013-01-01"><title-part><CPC-specific-text><text>permanently attached to the book</text></CPC-specific-text></title-part></class-title></classification-item>
<classification-item breakdown-code="false" not-allocatable="false" level="9" additional-only="false" sort-key="B42D9/004" definition-exists="false" ipc-concordant="B42D9/00" c-set-base-allowed="false" c-set-subsequent-allowed="true" date-revised="2013-01-01" status="published"><classification-symbol>B42D9/004</classification-symbol><class-title date-revised="2013-01-01"><title-part><CPC-specific-text><text>removably attached to the book</text></CPC-specific-text></title-part></class-title>
<classification-item breakdown-code="false" not-allocatable="false" level="10" additional-only="false" sort-key="B42D9/005" definition-exists="false" ipc-concordant="B42D9/00" c-set-base-allowed="false" c-set-subsequent-allowed="true" date-revised="2013-01-01" status="published"><classification-symbol>B42D9/005</classification-symbol><class-title date-revised="2013-01-01"><title-part><CPC-specific-text><text>clamped on the sheet</text></CPC-specific-text></title-part></class-title></classification-item>
<classification-item breakdown-code="false" not-allocatable="false" level="10" additional-only="false" sort-key="B42D9/007" definition-exists="false" ipc-concordant="B42D9/00" c-set-base-allowed="false" c-set-subsequent-allowed="true" date-revised="2013-01-01" status="published"><classification-symbol>B42D9/007</classification-symbol><class-title date-revised="2013-01-01"><title-part><CPC-specific-text><text>Loose bookmarkers</text></CPC-specific-text></title-part></class-title></classification-item></classification-item></classification-item>
<classification-item breakdown-code="false" not-allocatable="false" level="8" additional-only="false" sort-key="B42D9/008" definition-exists="false" ipc-concordant="B42D9/00" c-set-base-allowed="false" c-set-subsequent-allowed="true" date-revised="2013-01-01" status="published"><classification-symbol>B42D9/008</classification-symbol><class-title date-revised="2013-01-01"><title-part><CPC-specific-text><text>Devices for indicating a spot on a sheet </text><reference><text><class-ref scheme="cpc">B42D9/001</class-ref> takes precedence</text></reference></CPC-specific-text></title-part></class-title></classification-item>
<classification-item breakdown-code="false" not-allocatable="false" level="8" additional-only="false" sort-key="B42D9/02" definition-exists="false" ipc-concordant="B42D9/02" c-set-base-allowed="false" c-set-subsequent-allowed="true" date-revised="2013-01-01" status="published"><classification-symbol>B42D9/02</classification-symbol><class-title date-revised="2013-01-01"><title-part><text>Automatic bookmarkers</text></title-part></class-title></classification-item>
<classification-item breakdown-code="false" not-allocatable="false" level="8" additional-only="false" sort-key="B42D9/04" definition-exists="false" ipc-concordant="B42D9/04" c-set-base-allowed="false" c-set-subsequent-allowed="true" date-revised="2013-01-01" status="published"><classification-symbol>B42D9/04</classification-symbol><class-title date-revised="2013-01-01"><title-part><text>Leaf turners</text></title-part></class-title>
<classification-item breakdown-code="false" not-allocatable="false" level="9" additional-only="false" sort-key="B42D9/06" definition-exists="false" ipc-concordant="B42D9/06" c-set-base-allowed="false" c-set-subsequent-allowed="true" date-revised="2013-01-01" status="published"><classification-symbol>B42D9/06</classification-symbol><class-title date-revised="2013-01-01"><title-part><text>having an arm reset after each operation</text></title-part></class-title>
<classification-item breakdown-code="false" not-allocatable="false" level="10" additional-only="false" sort-key="B42D9/065" definition-exists="false" ipc-concordant="B42D9/06" c-set-base-allowed="false" c-set-subsequent-allowed="true" date-revised="2013-01-01" status="published"><classification-symbol>B42D9/065</classification-symbol><class-title date-revised="2013-01-01"><title-part><CPC-specific-text><text>magnetically or pneumatically actuated</text></CPC-specific-text></title-part></class-title></classification-item></classification-item>
<classification-item breakdown-code="false" not-allocatable="false" level="9" additional-only="false" sort-key="B42D9/08" definition-exists="false" ipc-concordant="B42D9/08" c-set-base-allowed="false" c-set-subsequent-allowed="true" date-revised="2013-01-01" status="published"><classification-symbol>B42D9/08</classification-symbol><class-title date-revised="2013-01-01"><title-part><text>having radial arms, one per leaf, operated successively</text></title-part></class-title>
<classification-item breakdown-code="false" not-allocatable="false" level="10" additional-only="false" sort-key="B42D9/082" definition-exists="false" ipc-concordant="B42D9/08" c-set-base-allowed="false" c-set-subsequent-allowed="true" date-revised="2013-01-01" status="published"><classification-symbol>B42D9/082</classification-symbol><class-title date-revised="2013-01-01"><title-part><CPC-specific-text><text>actuated by hand</text></CPC-specific-text></title-part></class-title></classification-item>
<classification-item breakdown-code="false" not-allocatable="false" level="10" additional-only="false" sort-key="B42D9/084" definition-exists="false" ipc-concordant="B42D9/08" c-set-base-allowed="false" c-set-subsequent-allowed="true" date-revised="2013-01-01" status="published"><classification-symbol>B42D9/084</classification-symbol><class-title date-revised="2013-01-01"><title-part><CPC-specific-text><text>actuated by a single spring</text></CPC-specific-text></title-part></class-title></classification-item>
<classification-item breakdown-code="false" not-allocatable="false" level="10" additional-only="false" sort-key="B42D9/086" definition-exists="false" ipc-concordant="B42D9/08" c-set-base-allowed="false" c-set-subsequent-allowed="true" date-revised="2013-01-01" status="published"><classification-symbol>B42D9/086</classification-symbol><class-title date-revised="2013-01-01"><title-part><CPC-specific-text><text>actuated by a spring for each arm</text></CPC-specific-text></title-part></class-title></classification-item>
<classification-item breakdown-code="false" not-allocatable="false" level="10" additional-only="false" sort-key="B42D9/088" definition-exists="false" ipc-concordant="B42D9/08" c-set-base-allowed="false" c-set-subsequent-allowed="true" date-revised="2013-01-01" status="published"><classification-symbol>B42D9/088</classification-symbol><class-title date-revised="2013-01-01"><title-part><CPC-specific-text><text>actuated by means other than springs</text></CPC-specific-text></title-part></class-title></classification-item></classification-item></classification-item></classification-item>
<classification-item breakdown-code="false" not-allocatable="false" level="7" additional-only="false" sort-key="B42D11/00" definition-exists="true" ipc-concordant="B42D11/00" c-set-base-allowed="false" c-set-subsequent-allowed="true" date-revised="2013-01-01" status="published"><classification-symbol>B42D11/00</classification-symbol><class-title date-revised="2013-01-01"><title-part><text>Carrying forward or transferring entries from one page to another, e.g. for book-keeping</text></title-part></class-title></classification-item>
<classification-item breakdown-code="false" not-allocatable="false" level="7" additional-only="false" sort-key="B42D12/00" definition-exists="true" ipc-concordant="B42D12/00" c-set-base-allowed="false" c-set-subsequent-allowed="true" date-revised="2013-01-01" status="published"><classification-symbol>B42D12/00</classification-symbol><class-title date-revised="2013-01-01"><title-part><text>Book-keeping books, forms or arrangements </text><reference><text><class-ref scheme="cpc">B42D11/00</class-ref> takes precedence</text></reference></title-part></class-title>
<classification-item breakdown-code="false" not-allocatable="false" level="8" additional-only="false" sort-key="B42D12/005" definition-exists="false" ipc-concordant="B42D12/00" c-set-base-allowed="false" c-set-subsequent-allowed="true" date-revised="2013-01-01" status="published"><classification-symbol>B42D12/005</classification-symbol><class-title date-revised="2013-01-01"><title-part><CPC-specific-text><text>Heading indicators</text></CPC-specific-text></title-part></class-title></classification-item>
<classification-item breakdown-code="false" not-allocatable="false" level="8" additional-only="false" sort-key="B42D12/02" definition-exists="false" ipc-concordant="B42D12/02" c-set-base-allowed="false" c-set-subsequent-allowed="true" date-revised="2013-01-01" status="published"><classification-symbol>B42D12/02</classification-symbol><class-title date-revised="2013-01-01"><title-part><text>Book-keeping forms</text></title-part></class-title>
<classification-item breakdown-code="false" not-allocatable="false" level="9" additional-only="false" sort-key="B42D12/025" definition-exists="false" ipc-concordant="B42D12/02" c-set-base-allowed="false" c-set-subsequent-allowed="true" date-revised="2013-01-01" status="published"><classification-symbol>B42D12/025</classification-symbol><class-title date-revised="2013-01-01"><title-part><CPC-specific-text><text>specially adapted for wages or salaries</text></CPC-specific-text></title-part></class-title></classification-item></classification-item></classification-item>
<classification-item breakdown-code="false" not-allocatable="false" level="7" additional-only="false" sort-key="B42D13/00" definition-exists="true" ipc-concordant="B42D13/00" c-set-base-allowed="false" c-set-subsequent-allowed="true" date-revised="2013-01-01" status="published"><classification-symbol>B42D13/00</classification-symbol><class-title date-revised="2013-01-01"><title-part><text>Loose leaves modified for binding</text></title-part><title-part><text>Inserts </text><reference><text>loose leaves modified for temporary attachment <class-ref scheme="cpc">B42F3/00</class-ref>; indexing features <class-ref scheme="cpc">B42F21/00</class-ref></text></reference></title-part></class-title></classification-item>
<classification-item breakdown-code="false" not-allocatable="false" level="7" additional-only="false" sort-key="B42D15/00" definition-exists="true" ipc-concordant="B42D15/00" c-set-base-allowed="false" c-set-subsequent-allowed="true" date-revised="2014-10-01" status="published"><classification-symbol>B42D15/00</classification-symbol><class-title date-revised="2013-01-01"><title-part><text>Printed matter of special format or style not otherwise provided for</text></title-part></class-title>
<classification-item breakdown-code="false" not-allocatable="false" level="8" additional-only="false" sort-key="B42D15/0006" definition-exists="false" ipc-concordant="B42D15/00" c-set-base-allowed="false" c-set-subsequent-allowed="true" date-revised="2013-01-01" status="published"><classification-symbol>B42D15/0006</classification-symbol><class-title date-revised="2013-01-01"><title-part><CPC-specific-text><text>Paper provided with guiding marks, e.g. ruled, squared or scaled paper</text></CPC-specific-text></title-part></class-title></classification-item>
<classification-item breakdown-code="false" not-allocatable="false" level="8" additional-only="false" sort-key="B42D15/0033" definition-exists="false" ipc-concordant="B42D15/00" c-set-base-allowed="false" c-set-subsequent-allowed="true" date-revised="2013-01-01" status="published"><classification-symbol>B42D15/0033</classification-symbol><class-title date-revised="2013-01-01"><title-part><CPC-specific-text><text>Owner certificates, insurance policies, guarantees</text></CPC-specific-text></title-part></class-title></classification-item>
<classification-item breakdown-code="false" not-allocatable="false" level="8" additional-only="false" sort-key="B42D15/004" definition-exists="false" ipc-concordant="B42D15/00" c-set-base-allowed="false" c-set-subsequent-allowed="true" date-revised="2013-01-01" status="published"><classification-symbol>B42D15/004</classification-symbol><class-title date-revised="2013-01-01"><title-part><CPC-specific-text><text>Questionnaires, statistics </text><reference><text>for manually- or mechanically-operated teaching appliances <class-ref scheme="cpc">G09B3/00</class-ref></text></reference></CPC-specific-text></title-part></class-title>
<classification-item breakdown-code="false" not-allocatable="false" level="9" additional-only="false" sort-key="B42D15/0046" definition-exists="false" ipc-concordant="B42D15/00" c-set-base-allowed="false" c-set-subsequent-allowed="true" date-revised="2013-01-01" status="published"><classification-symbol>B42D15/0046</classification-symbol><class-title date-revised="2013-01-01"><title-part><CPC-specific-text><text>Forms for staff or material planning; Inventories</text></CPC-specific-text></title-part></class-title></classification-item></classification-item>
<classification-item breakdown-code="false" not-allocatable="false" level="8" additional-only="false" sort-key="B42D15/0053" definition-exists="false" ipc-concordant="B42D15/00" c-set-base-allowed="false" c-set-subsequent-allowed="true" date-revised="2013-01-01" status="published"><classification-symbol>B42D15/0053</classification-symbol><class-title date-revised="2013-01-01"><title-part><CPC-specific-text><text>Forms specially designed for commercial use, e.g. bills, receipts, offer or order sheets, coupons</text></CPC-specific-text></title-part></class-title>
<classification-item breakdown-code="false" not-allocatable="false" level="9" additional-only="false" sort-key="B42D15/006" definition-exists="false" ipc-concordant="B42D15/00" c-set-base-allowed="false" c-set-subsequent-allowed="true" date-revised="2013-01-01" status="published"><classification-symbol>B42D15/006</classification-symbol><class-title date-revised="2013-01-01"><title-part><CPC-specific-text><text>Shipping forms</text></CPC-specific-text></title-part></class-title></classification-item></classification-item>
<classification-item breakdown-code="false" not-allocatable="false" level="8" additional-only="false" sort-key="B42D15/0066" definition-exists="false" ipc-concordant="B42D15/00" c-set-base-allowed="false" c-set-subsequent-allowed="true" date-revised="2013-01-01" status="published"><classification-symbol>B42D15/0066</classification-symbol><class-title date-revised="2013-01-01"><title-part><CPC-specific-text><text>Timetables, lists or forms for shooter enlistment, e.g. for use at competitions</text></CPC-specific-text></title-part></class-title></classification-item>
<classification-item breakdown-code="false" not-allocatable="false" level="8" additional-only="false" sort-key="B42D15/0073" definition-exists="false" ipc-concordant="B42D15/00" c-set-base-allowed="false" c-set-subsequent-allowed="true" date-revised="2013-01-01" status="published"><classification-symbol>B42D15/0073</classification-symbol><class-title date-revised="2013-01-01"><title-part><CPC-specific-text><text>characterised by shape or material of the sheets</text></CPC-specific-text></title-part></class-title>
<classification-item breakdown-code="false" not-allocatable="false" level="9" additional-only="false" sort-key="B42D15/008" definition-exists="false" ipc-concordant="B42D15/00" c-set-base-allowed="false" c-set-subsequent-allowed="true" date-revised="2013-01-01" status="published"><classification-symbol>B42D15/008</classification-symbol><class-title date-revised="2013-01-01"><title-part><CPC-specific-text><text>Foldable or folded sheets</text></CPC-specific-text></title-part></class-title></classification-item>
<classification-item breakdown-code="false" not-allocatable="false" level="9" additional-only="false" sort-key="B42D15/0086" definition-exists="false" ipc-concordant="B42D15/00" c-set-base-allowed="false" c-set-subsequent-allowed="true" date-revised="2013-01-01" status="published"><classification-symbol>B42D15/0086</classification-symbol><class-title date-revised="2013-01-01"><title-part><CPC-specific-text><text>Sheets combined with other articles</text></CPC-specific-text></title-part></class-title></classification-item>
<classification-item breakdown-code="false" not-allocatable="false" level="9" additional-only="false" sort-key="B42D15/0093" definition-exists="false" ipc-concordant="B42D15/00" c-set-base-allowed="false" c-set-subsequent-allowed="true" date-revised="2013-01-01" status="published"><classification-symbol>B42D15/0093</classification-symbol><class-title date-revised="2013-01-01"><title-part><CPC-specific-text><text>Sheet materials</text></CPC-specific-text></title-part></class-title></classification-item></classification-item>
<classification-item breakdown-code="false" not-allocatable="false" level="8" additional-only="false" sort-key="B42D15/02" definition-exists="false" ipc-concordant="B42D15/02" c-set-base-allowed="false" c-set-subsequent-allowed="true" date-revised="2014-10-01" status="published"><classification-symbol>B42D15/02</classification-symbol><class-title date-revised="2013-01-01"><title-part><text>Postcards</text></title-part><title-part><text>Greeting, menu, business or like cards</text></title-part><title-part><text>Letter cards or letter-sheets </text><reference><text><class-ref scheme="cpc">B42D25/00</class-ref> takes precedence; envelopes <class-ref scheme="cpc">B65D27/00</class-ref></text></reference></title-part></class-title>
<classification-item breakdown-code="false" not-allocatable="false" level="9" additional-only="false" sort-key="B42D15/022" definition-exists="false" ipc-concordant="B42D15/02" c-set-base-allowed="false" c-set-subsequent-allowed="true" date-revised="2013-01-01" status="published"><classification-symbol>B42D15/022</classification-symbol><class-title date-revised="2013-01-01"><title-part><CPC-specific-text><text>combined with permanently fastened sound-producing or light-emitting means or carrying sound records</text></CPC-specific-text></title-part></class-title></classification-item>
<classification-item breakdown-code="false" not-allocatable="false" level="9" additional-only="false" sort-key="B42D15/025" definition-exists="false" ipc-concordant="B42D15/02" c-set-base-allowed="false" c-set-subsequent-allowed="true" date-revised="2013-01-01" status="published"><classification-symbol>B42D15/025</classification-symbol><class-title date-revised="2013-01-01"><title-part><CPC-specific-text><text>with peel-away layer hiding information </text><reference><text>tickets for lottos or bingo games <class-ref scheme="cpc">A63F3/065</class-ref></text></reference></CPC-specific-text></title-part></class-title></classification-item>
<classification-item breakdown-code="false" not-allocatable="false" level="9" additional-only="false" sort-key="B42D15/027" definition-exists="false" ipc-concordant="B42D15/02" c-set-base-allowed="false" c-set-subsequent-allowed="true" date-revised="2013-01-01" status="published"><classification-symbol>B42D15/027</classification-symbol><class-title date-revised="2013-01-01"><title-part><CPC-specific-text><text>combined with permanently fastened other articles, e.g. photographs</text></CPC-specific-text></title-part></class-title></classification-item>
<classification-item breakdown-code="false" not-allocatable="false" level="9" additional-only="false" sort-key="B42D15/04" definition-exists="false" ipc-concordant="B42D15/04" c-set-base-allowed="false" c-set-subsequent-allowed="true" date-revised="2013-01-01" status="published"><classification-symbol>B42D15/04</classification-symbol><class-title date-revised="2013-01-01"><title-part><text>Foldable or multi-part cards or sheets</text></title-part></class-title>
<classification-item breakdown-code="false" not-allocatable="false" level="10" additional-only="false" sort-key="B42D15/042" definition-exists="false" ipc-concordant="B42D15/04" c-set-base-allowed="false" c-set-subsequent-allowed="true" date-revised="2013-01-01" status="published"><classification-symbol>B42D15/042</classification-symbol><class-title date-revised="2013-01-01"><title-part><CPC-specific-text><text>Foldable cards or sheets </text><reference><text><class-ref scheme="cpc">B42D15/045</class-ref> and <class-ref scheme="cpc">B42D15/08</class-ref> take precedence</text></reference></CPC-specific-text></title-part></class-title></classification-item>
<classification-item breakdown-code="false" not-allocatable="false" level="10" additional-only="false" sort-key="B42D15/045" definition-exists="false" ipc-concordant="B42D15/04" c-set-base-allowed="false" c-set-subsequent-allowed="true" date-revised="2013-01-01" status="published"><classification-symbol>B42D15/045</classification-symbol><class-title date-revised="2013-01-01"><title-part><CPC-specific-text><text>Multi-part cards or sheets, i.e. combined with detachably mounted articles</text></CPC-specific-text></title-part></class-title>
<classification-item breakdown-code="false" not-allocatable="false" level="11" additional-only="false" sort-key="B42D15/047" definition-exists="false" ipc-concordant="B42D15/04" c-set-base-allowed="false" c-set-subsequent-allowed="true" date-revised="2013-01-01" status="published"><classification-symbol>B42D15/047</classification-symbol><class-title date-revised="2013-01-01"><title-part><CPC-specific-text><text>with photographs or slides</text></CPC-specific-text></title-part></class-title></classification-item></classification-item>
<classification-item breakdown-code="false" not-allocatable="false" level="10" additional-only="false" sort-key="B42D15/08" definition-exists="false" ipc-concordant="B42D15/08" c-set-base-allowed="false" c-set-subsequent-allowed="true" date-revised="2013-01-01" status="published"><classification-symbol>B42D15/08</classification-symbol><class-title date-revised="2013-01-01"><title-part><text>Letter-cards or letter-sheets, i.e. cards or sheets each of which is to be folded with the message inside and to serve as its own envelope for mailing</text></title-part></class-title>
<classification-item breakdown-code="false" not-allocatable="false" level="11" additional-only="false" sort-key="B42D15/085" definition-exists="false" ipc-concordant="B42D15/08" c-set-base-allowed="false" c-set-subsequent-allowed="true" date-revised="2013-01-01" status="published"><classification-symbol>B42D15/085</classification-symbol><class-title date-revised="2013-01-01"><title-part><CPC-specific-text><text>with special means hiding information</text></CPC-specific-text></title-part></class-title></classification-item></classification-item></classification-item></classification-item></classification-item>
<classification-item breakdown-code="false" not-allocatable="false" level="7" additional-only="false" sort-key="B42D17/00" definition-exists="true" ipc-concordant="B42D17/00" c-set-base-allowed="false" c-set-subsequent-allowed="true" date-revised="2013-01-01" status="published"><classification-symbol>B42D17/00</classification-symbol><class-title date-revised="2013-01-01"><title-part><text>Hanging or securing devices for books, newspapers or the like </text><reference><text>suspended filing appliances <class-ref scheme="cpc">B42F15/00</class-ref></text></reference></title-part></class-title>
<classification-item breakdown-code="false" not-allocatable="false" level="8" additional-only="false" sort-key="B42D17/005" definition-exists="false" ipc-concordant="B42D17/00" c-set-base-allowed="false" c-set-subsequent-allowed="true" date-revised="2013-01-01" status="published"><classification-symbol>B42D17/005</classification-symbol><class-title date-revised="2013-01-01"><title-part><CPC-specific-text><text>Hand-held holders for facilitating the reading of newspapers or the like</text></CPC-specific-text></title-part></class-title></classification-item></classification-item>
<classification-item breakdown-code="false" not-allocatable="false" level="7" additional-only="false" sort-key="B42D19/00" definition-exists="true" ipc-concordant="B42D19/00" c-set-base-allowed="false" c-set-subsequent-allowed="true" date-revised="2023-08-01" status="published"><classification-symbol>B42D19/00</classification-symbol><class-title date-revised="2023-08-01"><title-part><text>Movable-strip writing or reading apparatus </text><reference><text>manifolding apparatus <class-ref scheme="cpc">B41L</class-ref> </text><CPC-specific-text><text>; drawing board with moving strip <class-ref scheme="cpc">B43L5/025</class-ref></text></CPC-specific-text><text>; adapted for, or incorporated in, cash registers <class-ref scheme="cpc">G07G</class-ref> </text></reference></title-part></class-title>
<classification-item breakdown-code="false" not-allocatable="false" level="8" additional-only="false" sort-key="B42D19/005" definition-exists="false" ipc-concordant="B42D19/00" c-set-base-allowed="false" c-set-subsequent-allowed="true" date-revised="2013-01-01" status="published"><classification-symbol>B42D19/005</classification-symbol><class-title date-revised="2013-01-01"><title-part><CPC-specific-text><text>comprising reel to reel type winding and unwinding mechanisms</text></CPC-specific-text></title-part></class-title></classification-item></classification-item>
<classification-item breakdown-code="false" not-allocatable="false" level="7" additional-only="false" sort-key="B42D25/00" definition-exists="true" ipc-concordant="B42D25/00" c-set-base-allowed="false" c-set-subsequent-allowed="true" date-revised="2022-01-01" status="published"><classification-symbol>B42D25/00</classification-symbol><class-title><title-part><text>Information-bearing cards or sheet-like structures characterised by identification or security features</text></title-part><title-part><text>Manufacture thereof </text><reference><text>printing processes to produce identification or security features <class-ref scheme="cpc">B41M3/14</class-ref></text></reference></title-part></class-title>
<classification-item breakdown-code="false" not-allocatable="false" level="8" additional-only="false" sort-key="B42D25/20" definition-exists="false" ipc-concordant="B42D25/20" c-set-base-allowed="false" c-set-subsequent-allowed="true" date-revised="2014-10-01" status="published"><classification-symbol>B42D25/20</classification-symbol><class-title><title-part><text>characterised by a particular use or purpose</text></title-part></class-title>
<classification-item breakdown-code="false" not-allocatable="false" level="9" additional-only="false" sort-key="B42D25/21" definition-exists="false" ipc-concordant="B42D25/21" c-set-base-allowed="false" c-set-subsequent-allowed="true" date-revised="2014-10-01" status="published"><classification-symbol>B42D25/21</classification-symbol><class-title><title-part><text>for multiple purposes</text></title-part></class-title></classification-item>
<classification-item breakdown-code="false" not-allocatable="false" level="9" additional-only="false" sort-key="B42D25/22" definition-exists="false" ipc-concordant="B42D25/22" c-set-base-allowed="false" c-set-subsequent-allowed="true" date-revised="2014-10-01" status="published"><classification-symbol>B42D25/22</classification-symbol><class-title><title-part><text>for use in combination with accessories specially adapted for information-bearing cards</text></title-part></class-title></classification-item>
<classification-item breakdown-code="false" not-allocatable="false" level="9" additional-only="false" sort-key="B42D25/23" definition-exists="false" ipc-concordant="B42D25/23" c-set-base-allowed="false" c-set-subsequent-allowed="true" date-revised="2014-10-01" status="published"><classification-symbol>B42D25/23</classification-symbol><class-title><title-part><text>Identity cards</text></title-part></class-title></classification-item>
<classification-item breakdown-code="false" not-allocatable="false" level="9" additional-only="false" sort-key="B42D25/24" definition-exists="false" ipc-concordant="B42D25/24" c-set-base-allowed="false" c-set-subsequent-allowed="true" date-revised="2014-10-01" status="published"><classification-symbol>B42D25/24</classification-symbol><class-title><title-part><text>Passports</text></title-part></class-title></classification-item>
<classification-item breakdown-code="false" not-allocatable="false" level="9" additional-only="false" sort-key="B42D25/25" definition-exists="true" ipc-concordant="B42D25/25" c-set-base-allowed="false" c-set-subsequent-allowed="true" date-revised="2014-10-01" status="published"><classification-symbol>B42D25/25</classification-symbol><class-title><title-part><text>Public transport tickets </text><reference><text>apparatus for printing and issuing <class-ref scheme="cpc">G07B</class-ref></text></reference></title-part></class-title></classification-item>
<classification-item breakdown-code="false" not-allocatable="false" level="9" additional-only="false" sort-key="B42D25/26" definition-exists="false" ipc-concordant="B42D25/26" c-set-base-allowed="false" c-set-subsequent-allowed="true" date-revised="2014-10-01" status="published"><classification-symbol>B42D25/26</classification-symbol><class-title><title-part><text>Entrance cards</text></title-part><title-part><text>Admission tickets</text></title-part></class-title></classification-item>
<classification-item breakdown-code="false" not-allocatable="false" level="9" additional-only="false" sort-key="B42D25/27" definition-exists="false" ipc-concordant="B42D25/27" c-set-base-allowed="false" c-set-subsequent-allowed="true" date-revised="2014-10-01" status="published"><classification-symbol>B42D25/27</classification-symbol><class-title><title-part><text>Lots, e.g. lottery tickets</text></title-part></class-title></classification-item>
<classification-item breakdown-code="false" not-allocatable="false" level="9" additional-only="false" sort-key="B42D25/28" definition-exists="false" ipc-concordant="B42D25/28" c-set-base-allowed="false" c-set-subsequent-allowed="true" date-revised="2014-10-01" status="published"><classification-symbol>B42D25/28</classification-symbol><class-title><title-part><text>for use in medical treatment or therapy</text></title-part></class-title></classification-item>
<classification-item breakdown-code="false" not-allocatable="false" level="9" additional-only="false" sort-key="B42D25/285" definition-exists="false" ipc-concordant="B42D25/20" c-set-base-allowed="false" c-set-subsequent-allowed="true" date-revised="2014-10-01" status="published"><classification-symbol>B42D25/285</classification-symbol><class-title><title-part><CPC-specific-text><text>Gift cards</text></CPC-specific-text></title-part></class-title></classification-item>
<classification-item breakdown-code="false" not-allocatable="false" level="9" additional-only="false" sort-key="B42D25/29" definition-exists="false" ipc-concordant="B42D25/29" c-set-base-allowed="false" c-set-subsequent-allowed="true" date-revised="2014-10-01" status="published"><classification-symbol>B42D25/29</classification-symbol><class-title><title-part><text>Securities</text></title-part><title-part><text>Bank notes</text></title-part></class-title></classification-item></classification-item>
<classification-item breakdown-code="false" not-allocatable="false" level="8" additional-only="false" sort-key="B42D25/30" definition-exists="false" ipc-concordant="B42D25/30" c-set-base-allowed="false" c-set-subsequent-allowed="true" date-revised="2014-10-01" status="published"><classification-symbol>B42D25/30</classification-symbol><class-title><title-part><text>Identification or security features, e.g. for preventing forgery</text></title-part></class-title>
<classification-item breakdown-code="false" not-allocatable="false" level="9" additional-only="false" sort-key="B42D25/305" definition-exists="true" ipc-concordant="B42D25/305" c-set-base-allowed="false" c-set-subsequent-allowed="true" date-revised="2014-10-01" status="published"><classification-symbol>B42D25/305</classification-symbol><class-title><title-part><text>Associated digital information </text><reference><text>record carriers for use with machines and with at least a part designed to carry digital markings <class-ref scheme="cpc">G06K19/00</class-ref></text></reference></title-part></class-title></classification-item>
<classification-item breakdown-code="false" not-allocatable="false" level="9" additional-only="false" sort-key="B42D25/309" definition-exists="false" ipc-concordant="B42D25/309" c-set-base-allowed="false" c-set-subsequent-allowed="true" date-revised="2014-10-01" status="published"><classification-symbol>B42D25/309</classification-symbol><class-title><title-part><text>Photographs</text></title-part></class-title></classification-item>
<classification-item breakdown-code="false" not-allocatable="false" level="9" additional-only="false" sort-key="B42D25/313" definition-exists="false" ipc-concordant="B42D25/313" c-set-base-allowed="false" c-set-subsequent-allowed="true" date-revised="2014-10-01" status="published"><classification-symbol>B42D25/313</classification-symbol><class-title><title-part><text>Fingerprints</text></title-part></class-title></classification-item>
<classification-item breakdown-code="false" not-allocatable="false" level="9" additional-only="false" sort-key="B42D25/318" definition-exists="false" ipc-concordant="B42D25/318" c-set-base-allowed="false" c-set-subsequent-allowed="true" date-revised="2014-10-01" status="published"><classification-symbol>B42D25/318</classification-symbol><class-title><title-part><text>Signatures</text></title-part></class-title></classification-item>
<classification-item breakdown-code="false" not-allocatable="false" level="9" additional-only="false" sort-key="B42D25/324" definition-exists="false" ipc-concordant="B42D25/324" c-set-base-allowed="false" c-set-subsequent-allowed="true" date-revised="2014-10-01" status="published"><classification-symbol>B42D25/324</classification-symbol><class-title><title-part><text>Reliefs</text></title-part></class-title></classification-item>
<classification-item breakdown-code="false" not-allocatable="false" level="9" additional-only="false" sort-key="B42D25/328" definition-exists="false" ipc-concordant="B42D25/328" c-set-base-allowed="false" c-set-subsequent-allowed="true" date-revised="2014-10-01" status="published"><classification-symbol>B42D25/328</classification-symbol><class-title><title-part><text>Diffraction gratings</text></title-part><title-part><text>Holograms</text></title-part></class-title></classification-item>
<classification-item breakdown-code="false" not-allocatable="false" level="9" additional-only="false" sort-key="B42D25/333" definition-exists="false" ipc-concordant="B42D25/333" c-set-base-allowed="false" c-set-subsequent-allowed="true" date-revised="2014-10-01" status="published"><classification-symbol>B42D25/333</classification-symbol><class-title><title-part><text>Watermarks</text></title-part></class-title></classification-item>
<classification-item breakdown-code="false" not-allocatable="false" level="9" additional-only="false" sort-key="B42D25/337" definition-exists="false" ipc-concordant="B42D25/337" c-set-base-allowed="false" c-set-subsequent-allowed="true" date-revised="2014-10-01" status="published"><classification-symbol>B42D25/337</classification-symbol><class-title><title-part><text>Guilloche patterns</text></title-part></class-title></classification-item>
<classification-item breakdown-code="false" not-allocatable="false" level="9" additional-only="false" sort-key="B42D25/342" definition-exists="false" ipc-concordant="B42D25/342" c-set-base-allowed="false" c-set-subsequent-allowed="true" date-revised="2014-10-01" status="published"><classification-symbol>B42D25/342</classification-symbol><class-title><title-part><text>Moir&#233; effects</text></title-part></class-title></classification-item>
<classification-item breakdown-code="false" not-allocatable="false" level="9" additional-only="false" sort-key="B42D25/346" definition-exists="false" ipc-concordant="B42D25/346" c-set-base-allowed="false" c-set-subsequent-allowed="true" date-revised="2014-10-01" status="published"><classification-symbol>B42D25/346</classification-symbol><class-title><title-part><text>Perforations</text></title-part></class-title></classification-item>
<classification-item breakdown-code="false" not-allocatable="false" level="9" additional-only="false" sort-key="B42D25/351" definition-exists="false" ipc-concordant="B42D25/351" c-set-base-allowed="false" c-set-subsequent-allowed="true" date-revised="2014-10-01" status="published"><classification-symbol>B42D25/351</classification-symbol><class-title><title-part><text>Translucent or partly translucent parts, e.g. windows</text></title-part></class-title></classification-item>
<classification-item breakdown-code="false" not-allocatable="false" level="9" additional-only="false" sort-key="B42D25/355" definition-exists="false" ipc-concordant="B42D25/355" c-set-base-allowed="false" c-set-subsequent-allowed="true" date-revised="2014-10-01" status="published"><classification-symbol>B42D25/355</classification-symbol><class-title><title-part><text>Security threads</text></title-part></class-title></classification-item>
<classification-item breakdown-code="false" not-allocatable="false" level="9" additional-only="false" sort-key="B42D25/36" definition-exists="false" ipc-concordant="B42D25/36" c-set-base-allowed="false" c-set-subsequent-allowed="true" date-revised="2014-10-01" status="published"><classification-symbol>B42D25/36</classification-symbol><class-title><title-part><text>comprising special materials</text></title-part></class-title>
<classification-item breakdown-code="false" not-allocatable="false" level="10" additional-only="false" sort-key="B42D25/364" definition-exists="false" ipc-concordant="B42D25/364" c-set-base-allowed="false" c-set-subsequent-allowed="true" date-revised="2014-10-01" status="published"><classification-symbol>B42D25/364</classification-symbol><class-title><title-part><text>Liquid crystals</text></title-part></class-title></classification-item>
<classification-item breakdown-code="false" not-allocatable="false" level="10" additional-only="false" sort-key="B42D25/369" definition-exists="false" ipc-concordant="B42D25/369" c-set-base-allowed="false" c-set-subsequent-allowed="true" date-revised="2014-10-01" status="published"><classification-symbol>B42D25/369</classification-symbol><class-title><title-part><text>Magnetised or magnetisable materials</text></title-part></class-title></classification-item>
<classification-item breakdown-code="false" not-allocatable="false" level="10" additional-only="false" sort-key="B42D25/373" definition-exists="false" ipc-concordant="B42D25/373" c-set-base-allowed="false" c-set-subsequent-allowed="true" date-revised="2014-10-01" status="published"><classification-symbol>B42D25/373</classification-symbol><class-title><title-part><text>Metallic materials</text></title-part></class-title></classification-item>
<classification-item breakdown-code="false" not-allocatable="false" level="10" additional-only="false" sort-key="B42D25/378" definition-exists="false" ipc-concordant="B42D25/378" c-set-base-allowed="false" c-set-subsequent-allowed="true" date-revised="2014-10-01" status="published"><classification-symbol>B42D25/378</classification-symbol><class-title><title-part><text>Special inks</text></title-part></class-title>
<classification-item breakdown-code="false" not-allocatable="false" level="11" additional-only="false" sort-key="B42D25/382" definition-exists="false" ipc-concordant="B42D25/382" c-set-base-allowed="false" c-set-subsequent-allowed="true" date-revised="2023-08-01" status="published"><classification-symbol>B42D25/382</classification-symbol><class-title date-revised="2023-08-01"><title-part><text>absorbing or reflecting infrared light</text></title-part></class-title></classification-item>
<classification-item breakdown-code="false" not-allocatable="false" level="11" additional-only="false" sort-key="B42D25/387" definition-exists="false" ipc-concordant="B42D25/387" c-set-base-allowed="false" c-set-subsequent-allowed="true" date-revised="2023-08-01" status="published"><classification-symbol>B42D25/387</classification-symbol><class-title date-revised="2023-08-01"><title-part><text>absorbing or reflecting ultraviolet light</text></title-part></class-title></classification-item>
<classification-item breakdown-code="false" not-allocatable="false" level="11" additional-only="false" sort-key="B42D25/391" definition-exists="false" ipc-concordant="B42D25/391" c-set-base-allowed="false" c-set-subsequent-allowed="true" date-revised="2014-10-01" status="published"><classification-symbol>B42D25/391</classification-symbol><class-title><title-part><text>absorbing or reflecting polarised light</text></title-part></class-title></classification-item></classification-item></classification-item></classification-item>
<classification-item breakdown-code="false" not-allocatable="false" level="8" additional-only="false" sort-key="B42D25/40" definition-exists="false" ipc-concordant="B42D25/40" c-set-base-allowed="false" c-set-subsequent-allowed="true" date-revised="2014-10-01" status="published"><classification-symbol>B42D25/40</classification-symbol><class-title><title-part><text>Manufacture</text></title-part></class-title>
<classification-item breakdown-code="false" not-allocatable="false" level="9" additional-only="false" sort-key="B42D25/405" definition-exists="false" ipc-concordant="B42D25/405" c-set-base-allowed="false" c-set-subsequent-allowed="true" date-revised="2014-10-01" status="published"><classification-symbol>B42D25/405</classification-symbol><class-title><title-part><text>Marking</text></title-part></class-title>
<classification-item breakdown-code="false" not-allocatable="false" level="10" additional-only="false" sort-key="B42D25/41" definition-exists="true" ipc-concordant="B42D25/41" c-set-base-allowed="false" c-set-subsequent-allowed="true" date-revised="2014-10-01" status="published"><classification-symbol>B42D25/41</classification-symbol><class-title><title-part><text>using electromagnetic radiation </text><reference><text><class-ref scheme="cpc">B42D25/435</class-ref> takes precedence</text></reference></title-part></class-title></classification-item>
<classification-item breakdown-code="false" not-allocatable="false" level="10" additional-only="false" sort-key="B42D25/415" definition-exists="true" ipc-concordant="B42D25/415" c-set-base-allowed="false" c-set-subsequent-allowed="true" date-revised="2014-10-01" status="published"><classification-symbol>B42D25/415</classification-symbol><class-title><title-part><text>using chemicals </text><reference><text><class-ref scheme="cpc">B42D25/445</class-ref> takes precedence</text></reference></title-part></class-title>
<classification-item breakdown-code="false" not-allocatable="false" level="11" additional-only="false" sort-key="B42D25/42" definition-exists="false" ipc-concordant="B42D25/42" c-set-base-allowed="false" c-set-subsequent-allowed="true" date-revised="2014-10-01" status="published"><classification-symbol>B42D25/42</classification-symbol><class-title><title-part><text>by photographic processes</text></title-part></class-title></classification-item></classification-item>
<classification-item breakdown-code="false" not-allocatable="false" level="10" additional-only="false" sort-key="B42D25/425" definition-exists="false" ipc-concordant="B42D25/425" c-set-base-allowed="false" c-set-subsequent-allowed="true" date-revised="2014-10-01" status="published"><classification-symbol>B42D25/425</classification-symbol><class-title><title-part><text>by deformation, e.g. embossing</text></title-part></class-title></classification-item>
<classification-item breakdown-code="false" not-allocatable="false" level="10" additional-only="false" sort-key="B42D25/43" definition-exists="false" ipc-concordant="B42D25/43" c-set-base-allowed="false" c-set-subsequent-allowed="true" date-revised="2014-10-01" status="published"><classification-symbol>B42D25/43</classification-symbol><class-title><title-part><text>by removal of material</text></title-part></class-title>
<classification-item breakdown-code="false" not-allocatable="false" level="11" additional-only="false" sort-key="B42D25/435" definition-exists="false" ipc-concordant="B42D25/435" c-set-base-allowed="false" c-set-subsequent-allowed="true" date-revised="2014-10-01" status="published"><classification-symbol>B42D25/435</classification-symbol><class-title><title-part><text>using electromagnetic radiation, e.g. laser</text></title-part></class-title></classification-item>
<classification-item breakdown-code="false" not-allocatable="false" level="11" additional-only="false" sort-key="B42D25/44" definition-exists="false" ipc-concordant="B42D25/44" c-set-base-allowed="false" c-set-subsequent-allowed="true" date-revised="2014-10-01" status="published"><classification-symbol>B42D25/44</classification-symbol><class-title><title-part><text>using mechanical means, e.g. engraving</text></title-part></class-title></classification-item>
<classification-item breakdown-code="false" not-allocatable="false" level="11" additional-only="false" sort-key="B42D25/445" definition-exists="false" ipc-concordant="B42D25/445" c-set-base-allowed="false" c-set-subsequent-allowed="true" date-revised="2014-10-01" status="published"><classification-symbol>B42D25/445</classification-symbol><class-title><title-part><text>using chemical means, e.g. etching</text></title-part></class-title></classification-item></classification-item></classification-item>
<classification-item breakdown-code="false" not-allocatable="false" level="9" additional-only="false" sort-key="B42D25/45" definition-exists="false" ipc-concordant="B42D25/45" c-set-base-allowed="false" c-set-subsequent-allowed="true" date-revised="2014-10-01" status="published"><classification-symbol>B42D25/45</classification-symbol><class-title><title-part><text>Associating two or more layers</text></title-part></class-title>
<classification-item breakdown-code="false" not-allocatable="false" level="10" additional-only="false" sort-key="B42D25/455" definition-exists="false" ipc-concordant="B42D25/455" c-set-base-allowed="false" c-set-subsequent-allowed="true" date-revised="2014-10-01" status="published"><classification-symbol>B42D25/455</classification-symbol><class-title><title-part><text>using heat</text></title-part></class-title></classification-item>
<classification-item breakdown-code="false" not-allocatable="false" level="10" additional-only="false" sort-key="B42D25/46" definition-exists="false" ipc-concordant="B42D25/46" c-set-base-allowed="false" c-set-subsequent-allowed="true" date-revised="2014-10-01" status="published"><classification-symbol>B42D25/46</classification-symbol><class-title><title-part><text>using pressure</text></title-part></class-title></classification-item>
<classification-item breakdown-code="false" not-allocatable="false" level="10" additional-only="false" sort-key="B42D25/465" definition-exists="false" ipc-concordant="B42D25/465" c-set-base-allowed="false" c-set-subsequent-allowed="true" date-revised="2014-10-01" status="published"><classification-symbol>B42D25/465</classification-symbol><class-title><title-part><text>using chemicals or adhesives</text></title-part></class-title>
<classification-item breakdown-code="false" not-allocatable="false" level="11" additional-only="false" sort-key="B42D25/47" definition-exists="false" ipc-concordant="B42D25/47" c-set-base-allowed="false" c-set-subsequent-allowed="true" date-revised="2014-10-01" status="published"><classification-symbol>B42D25/47</classification-symbol><class-title><title-part><text>using adhesives</text></title-part></class-title></classification-item></classification-item></classification-item>
<classification-item breakdown-code="false" not-allocatable="false" level="9" additional-only="false" sort-key="B42D25/475" definition-exists="false" ipc-concordant="B42D25/475" c-set-base-allowed="false" c-set-subsequent-allowed="true" date-revised="2014-10-01" status="published"><classification-symbol>B42D25/475</classification-symbol><class-title><title-part><text>Cutting cards</text></title-part></class-title></classification-item>
<classification-item breakdown-code="false" not-allocatable="false" level="9" additional-only="false" sort-key="B42D25/48" definition-exists="false" ipc-concordant="B42D25/48" c-set-base-allowed="false" c-set-subsequent-allowed="true" date-revised="2014-10-01" status="published"><classification-symbol>B42D25/48</classification-symbol><class-title><title-part><text>Controlling the manufacturing process</text></title-part></class-title>
<classification-item breakdown-code="false" not-allocatable="false" level="10" additional-only="false" sort-key="B42D25/485" definition-exists="false" ipc-concordant="B42D25/485" c-set-base-allowed="false" c-set-subsequent-allowed="true" date-revised="2014-10-01" status="published"><classification-symbol>B42D25/485</classification-symbol><class-title><title-part><text>by electronic processing means</text></title-part></class-title></classification-item></classification-item></classification-item></classification-item></classification-item></classification-item></class-scheme>