<?xml version="1.0" encoding="UTF-8"?>
<class-scheme publication-date="2023-08-01" scheme-type="cpc" publication-type="official">
<classification-item breakdown-code="false" not-allocatable="true" level="5" additional-only="false" sort-key="B27C" definition-exists="true" date-revised="2018-08-01" status="published"><classification-symbol>B27C</classification-symbol><class-title date-revised="2013-01-01"><title-part><text>PLANING, DRILLING, MILLING, TURNING OR UNIVERSAL MACHINES FOR WOOD OR SIMILAR MATERIAL </text><reference><text>machine tools in general <class-ref scheme="cpc">B23</class-ref>; working wood using abrasive, e.g. sanding, devices <class-ref scheme="cpc">B24</class-ref>; tools for these purposes <class-ref scheme="cpc">B27G</class-ref></text></reference></title-part></class-title><notes-and-warnings><note type="warning"><note-paragraph>In this subclass non-limiting references (in the sense of paragraph 39 of the Guide to the IPC) may still be displayed in the scheme.</note-paragraph></note></notes-and-warnings>
<classification-item breakdown-code="false" not-allocatable="true" level="6" additional-only="false" sort-key="B27C1/00" date-revised="2013-01-01" status="published"><classification-symbol>B27C1/00</classification-symbol>
<classification-item breakdown-code="false" not-allocatable="false" level="7" additional-only="false" sort-key="B27C1/00" definition-exists="true" ipc-concordant="B27C1/00" c-set-base-allowed="false" c-set-subsequent-allowed="true" date-revised="2013-01-01" status="published"><classification-symbol>B27C1/00</classification-symbol><class-title date-revised="2013-01-01"><title-part><text>Machines for producing flat surfaces, e.g. by rotary cutters</text></title-part><title-part><text>Equipment therefor</text></title-part></class-title>
<classification-item breakdown-code="false" not-allocatable="false" level="8" additional-only="false" sort-key="B27C1/002" definition-exists="false" ipc-concordant="B27C1/00" c-set-base-allowed="false" c-set-subsequent-allowed="true" date-revised="2013-01-01" status="published"><classification-symbol>B27C1/002</classification-symbol><class-title date-revised="2013-01-01"><title-part><CPC-specific-text><text>with non-rotating tools</text></CPC-specific-text></title-part></class-title></classification-item>
<classification-item breakdown-code="false" not-allocatable="false" level="8" additional-only="false" sort-key="B27C1/005" definition-exists="false" ipc-concordant="B27C1/00" c-set-base-allowed="false" c-set-subsequent-allowed="true" date-revised="2013-01-01" status="published"><classification-symbol>B27C1/005</classification-symbol><class-title date-revised="2013-01-01"><title-part><CPC-specific-text><text>with tools having a rotational vector which is perpendicular to the working surface</text></CPC-specific-text></title-part></class-title></classification-item>
<classification-item breakdown-code="false" not-allocatable="false" level="8" additional-only="false" sort-key="B27C1/007" definition-exists="false" ipc-concordant="B27C1/00" c-set-base-allowed="false" c-set-subsequent-allowed="true" date-revised="2013-01-01" status="published"><classification-symbol>B27C1/007</classification-symbol><class-title date-revised="2013-01-01"><title-part><CPC-specific-text><text>For cutting through a work-piece with a tool having a rotational vector which is parallel to the surfaces generated by cutting</text></CPC-specific-text></title-part></class-title></classification-item>
<classification-item breakdown-code="false" not-allocatable="false" level="8" additional-only="false" sort-key="B27C1/02" definition-exists="false" ipc-concordant="B27C1/02" c-set-base-allowed="false" c-set-subsequent-allowed="true" date-revised="2013-01-01" status="published"><classification-symbol>B27C1/02</classification-symbol><class-title date-revised="2013-01-01"><title-part><text>Smoothing, i.e. working one side only</text></title-part></class-title></classification-item>
<classification-item breakdown-code="false" not-allocatable="false" level="8" additional-only="false" sort-key="B27C1/04" definition-exists="false" ipc-concordant="B27C1/04" c-set-base-allowed="false" c-set-subsequent-allowed="true" date-revised="2013-01-01" status="published"><classification-symbol>B27C1/04</classification-symbol><class-title date-revised="2013-01-01"><title-part><text>Thicknessing machines</text></title-part></class-title></classification-item>
<classification-item breakdown-code="false" not-allocatable="false" level="8" additional-only="false" sort-key="B27C1/06" definition-exists="false" ipc-concordant="B27C1/06" c-set-base-allowed="false" c-set-subsequent-allowed="true" date-revised="2013-01-01" status="published"><classification-symbol>B27C1/06</classification-symbol><class-title date-revised="2013-01-01"><title-part><text>Machines for smoothing and subsequent thicknessing</text></title-part></class-title></classification-item>
<classification-item breakdown-code="false" not-allocatable="false" level="8" additional-only="false" sort-key="B27C1/08" definition-exists="false" ipc-concordant="B27C1/08" c-set-base-allowed="false" c-set-subsequent-allowed="true" date-revised="2013-01-01" status="published"><classification-symbol>B27C1/08</classification-symbol><class-title date-revised="2013-01-01"><title-part><text>Machines for working several sides of work simultaneously</text></title-part></class-title></classification-item>
<classification-item breakdown-code="false" not-allocatable="false" level="8" additional-only="false" sort-key="B27C1/10" definition-exists="false" ipc-concordant="B27C1/10" c-set-base-allowed="false" c-set-subsequent-allowed="true" date-revised="2013-01-01" status="published"><classification-symbol>B27C1/10</classification-symbol><class-title date-revised="2013-01-01"><title-part><text>Hand planes equipped with power-driven cutter blocks</text></title-part></class-title></classification-item>
<classification-item breakdown-code="false" not-allocatable="false" level="8" additional-only="false" sort-key="B27C1/12" definition-exists="false" ipc-concordant="B27C1/12" c-set-base-allowed="false" c-set-subsequent-allowed="true" date-revised="2013-01-01" status="published"><classification-symbol>B27C1/12</classification-symbol><class-title date-revised="2013-01-01"><title-part><text>Arrangements for feeding work</text></title-part></class-title></classification-item>
<classification-item breakdown-code="false" not-allocatable="false" level="8" additional-only="false" sort-key="B27C1/14" definition-exists="false" ipc-concordant="B27C1/14" c-set-base-allowed="false" c-set-subsequent-allowed="true" date-revised="2013-01-01" status="published"><classification-symbol>B27C1/14</classification-symbol><class-title date-revised="2013-01-01"><title-part><text>Other details or accessories</text></title-part></class-title></classification-item></classification-item>
<classification-item breakdown-code="false" not-allocatable="false" level="7" additional-only="false" sort-key="B27C3/00" definition-exists="true" ipc-concordant="B27C3/00" c-set-base-allowed="false" c-set-subsequent-allowed="true" date-revised="2013-01-01" status="published"><classification-symbol>B27C3/00</classification-symbol><class-title date-revised="2013-01-01"><title-part><text>Drilling machines or drilling devices</text></title-part><title-part><text>Equipment therefor </text><reference><text><class-ref scheme="cpc">B23B</class-ref> takes precedence</text></reference></title-part></class-title>
<classification-item breakdown-code="false" not-allocatable="false" level="8" additional-only="false" sort-key="B27C3/02" definition-exists="false" ipc-concordant="B27C3/02" c-set-base-allowed="false" c-set-subsequent-allowed="true" date-revised="2013-01-01" status="published"><classification-symbol>B27C3/02</classification-symbol><class-title date-revised="2013-01-01"><title-part><text>Stationary drilling machines with a single working spindle</text></title-part></class-title></classification-item>
<classification-item breakdown-code="false" not-allocatable="false" level="8" additional-only="false" sort-key="B27C3/04" definition-exists="false" ipc-concordant="B27C3/04" c-set-base-allowed="false" c-set-subsequent-allowed="true" date-revised="2013-01-01" status="published"><classification-symbol>B27C3/04</classification-symbol><class-title date-revised="2013-01-01"><title-part><text>Stationary drilling machines with a plurality of working spindles</text></title-part></class-title></classification-item>
<classification-item breakdown-code="false" not-allocatable="false" level="8" additional-only="false" sort-key="B27C3/06" definition-exists="false" ipc-concordant="B27C3/06" c-set-base-allowed="false" c-set-subsequent-allowed="true" date-revised="2013-01-01" status="published"><classification-symbol>B27C3/06</classification-symbol><class-title date-revised="2013-01-01"><title-part><text>Drilling machines or devices for making dowel holes</text></title-part></class-title></classification-item>
<classification-item breakdown-code="false" not-allocatable="false" level="8" additional-only="false" sort-key="B27C3/08" definition-exists="false" ipc-concordant="B27C3/08" c-set-base-allowed="false" c-set-subsequent-allowed="true" date-revised="2013-01-01" status="published"><classification-symbol>B27C3/08</classification-symbol><class-title date-revised="2013-01-01"><title-part><text>Operator-supported drilling machines or devices</text></title-part></class-title></classification-item></classification-item>
<classification-item breakdown-code="false" not-allocatable="false" level="7" additional-only="false" sort-key="B27C5/00" definition-exists="true" ipc-concordant="B27C5/00" c-set-base-allowed="false" c-set-subsequent-allowed="true" date-revised="2013-01-01" status="published"><classification-symbol>B27C5/00</classification-symbol><class-title date-revised="2013-01-01"><title-part><text>Machines designed for producing special profiles or shaped work, e.g. by rotary cutters</text></title-part><title-part><text>Equipment therefor </text><reference><text>turning <class-ref scheme="cpc">B27C7/00</class-ref>; features of copying devices <class-ref scheme="cpc">B23Q35/00</class-ref>; slotting, mortising, making tongues or grooves <class-ref scheme="cpc">B27F</class-ref></text></reference></title-part></class-title>
<classification-item breakdown-code="false" not-allocatable="false" level="8" additional-only="false" sort-key="B27C5/003" definition-exists="false" ipc-concordant="B27C5/00" c-set-base-allowed="false" c-set-subsequent-allowed="true" date-revised="2013-01-01" status="published"><classification-symbol>B27C5/003</classification-symbol><class-title date-revised="2013-01-01"><title-part><CPC-specific-text><text>copy milling</text></CPC-specific-text></title-part></class-title></classification-item>
<classification-item breakdown-code="false" not-allocatable="false" level="8" additional-only="false" sort-key="B27C5/006" definition-exists="false" ipc-concordant="B27C5/00" c-set-base-allowed="false" c-set-subsequent-allowed="true" date-revised="2013-01-01" status="published"><classification-symbol>B27C5/006</classification-symbol><class-title date-revised="2013-01-01"><title-part><CPC-specific-text><text>with non-rotating tools</text></CPC-specific-text></title-part></class-title></classification-item>
<classification-item breakdown-code="false" not-allocatable="false" level="8" additional-only="false" sort-key="B27C5/02" definition-exists="false" ipc-concordant="B27C5/02" c-set-base-allowed="false" c-set-subsequent-allowed="true" date-revised="2013-01-01" status="published"><classification-symbol>B27C5/02</classification-symbol><class-title date-revised="2013-01-01"><title-part><text>Machines with table</text></title-part></class-title>
<classification-item breakdown-code="false" not-allocatable="false" level="9" additional-only="false" sort-key="B27C5/04" definition-exists="false" ipc-concordant="B27C5/04" c-set-base-allowed="false" c-set-subsequent-allowed="true" date-revised="2013-01-01" status="published"><classification-symbol>B27C5/04</classification-symbol><class-title date-revised="2013-01-01"><title-part><text>Guide fences for work</text></title-part></class-title></classification-item>
<classification-item breakdown-code="false" not-allocatable="false" level="9" additional-only="false" sort-key="B27C5/06" definition-exists="false" ipc-concordant="B27C5/06" c-set-base-allowed="false" c-set-subsequent-allowed="true" date-revised="2013-01-01" status="published"><classification-symbol>B27C5/06</classification-symbol><class-title date-revised="2013-01-01"><title-part><text>Arrangements for clamping or feeding work</text></title-part></class-title></classification-item></classification-item>
<classification-item breakdown-code="false" not-allocatable="false" level="8" additional-only="false" sort-key="B27C5/08" definition-exists="false" ipc-concordant="B27C5/08" c-set-base-allowed="false" c-set-subsequent-allowed="true" date-revised="2013-01-01" status="published"><classification-symbol>B27C5/08</classification-symbol><class-title date-revised="2013-01-01"><title-part><text>Rounding machines</text></title-part></class-title></classification-item>
<classification-item breakdown-code="false" not-allocatable="false" level="8" additional-only="false" sort-key="B27C5/10" definition-exists="false" ipc-concordant="B27C5/10" c-set-base-allowed="false" c-set-subsequent-allowed="true" date-revised="2013-01-01" status="published"><classification-symbol>B27C5/10</classification-symbol><class-title date-revised="2013-01-01"><title-part><text>Portable hand-operated wood-milling machines</text></title-part><title-part><text>Routers</text></title-part></class-title></classification-item></classification-item>
<classification-item breakdown-code="false" not-allocatable="false" level="7" additional-only="false" sort-key="B27C7/00" definition-exists="true" ipc-concordant="B27C7/00" c-set-base-allowed="false" c-set-subsequent-allowed="true" date-revised="2013-01-01" status="published"><classification-symbol>B27C7/00</classification-symbol><class-title date-revised="2013-01-01"><title-part><text>Wood-turning machines</text></title-part><title-part><text>Equipment therefor </text><reference><text><class-ref scheme="cpc">B23B</class-ref>, <class-ref scheme="cpc">B23G</class-ref>, <class-ref scheme="cpc">B23Q</class-ref>, take precedence; features of copying devices <class-ref scheme="cpc">B23Q35/00</class-ref></text></reference></title-part></class-title>
<classification-item breakdown-code="false" not-allocatable="false" level="8" additional-only="false" sort-key="B27C7/005" definition-exists="false" ipc-concordant="B27C7/00" c-set-base-allowed="false" c-set-subsequent-allowed="true" date-revised="2013-01-01" status="published"><classification-symbol>B27C7/005</classification-symbol><class-title date-revised="2013-01-01"><title-part><CPC-specific-text><text>by means of a rotating tool</text></CPC-specific-text></title-part></class-title></classification-item>
<classification-item breakdown-code="false" not-allocatable="false" level="8" additional-only="false" sort-key="B27C7/02" definition-exists="false" ipc-concordant="B27C7/02" c-set-base-allowed="false" c-set-subsequent-allowed="true" date-revised="2013-01-01" status="published"><classification-symbol>B27C7/02</classification-symbol><class-title date-revised="2013-01-01"><title-part><text>Lathes for hand turning</text></title-part></class-title></classification-item>
<classification-item breakdown-code="false" not-allocatable="false" level="8" additional-only="false" sort-key="B27C7/04" definition-exists="false" ipc-concordant="B27C7/04" c-set-base-allowed="false" c-set-subsequent-allowed="true" date-revised="2013-01-01" status="published"><classification-symbol>B27C7/04</classification-symbol><class-title date-revised="2013-01-01"><title-part><text>Devices for centering or chucking work</text></title-part></class-title></classification-item>
<classification-item breakdown-code="false" not-allocatable="false" level="8" additional-only="false" sort-key="B27C7/06" definition-exists="false" ipc-concordant="B27C7/06" c-set-base-allowed="false" c-set-subsequent-allowed="true" date-revised="2013-01-01" status="published"><classification-symbol>B27C7/06</classification-symbol><class-title date-revised="2013-01-01"><title-part><text>Arrangements for guiding or supporting the tool, e.g. tool rests</text></title-part></class-title></classification-item></classification-item>
<classification-item breakdown-code="false" not-allocatable="false" level="7" additional-only="false" sort-key="B27C9/00" definition-exists="true" ipc-concordant="B27C9/00" c-set-base-allowed="false" c-set-subsequent-allowed="true" date-revised="2013-01-01" status="published"><classification-symbol>B27C9/00</classification-symbol><class-title date-revised="2013-01-01"><title-part><text>Multi-purpose machines</text></title-part><title-part><text>Universal machines</text></title-part><title-part><text>Equipment therefor</text></title-part></class-title>
<classification-item breakdown-code="false" not-allocatable="false" level="8" additional-only="false" sort-key="B27C9/005" definition-exists="false" ipc-concordant="B27C9/00" c-set-base-allowed="false" c-set-subsequent-allowed="true" date-revised="2013-01-01" status="published"><classification-symbol>B27C9/005</classification-symbol><class-title date-revised="2013-01-01"><title-part><CPC-specific-text><text>portable</text></CPC-specific-text></title-part></class-title></classification-item>
<classification-item breakdown-code="false" not-allocatable="false" level="8" additional-only="false" sort-key="B27C9/02" definition-exists="false" ipc-concordant="B27C9/02" c-set-base-allowed="false" c-set-subsequent-allowed="true" date-revised="2013-01-01" status="published"><classification-symbol>B27C9/02</classification-symbol><class-title date-revised="2013-01-01"><title-part><text>with a single working spindle</text></title-part></class-title></classification-item>
<classification-item breakdown-code="false" not-allocatable="false" level="8" additional-only="false" sort-key="B27C9/04" definition-exists="false" ipc-concordant="B27C9/04" c-set-base-allowed="false" c-set-subsequent-allowed="true" date-revised="2013-01-01" status="published"><classification-symbol>B27C9/04</classification-symbol><class-title date-revised="2013-01-01"><title-part><text>with a plurality of working spindles</text></title-part></class-title></classification-item></classification-item></classification-item></classification-item></class-scheme>