<?xml version="1.0" encoding="UTF-8"?>
<class-scheme publication-date="2023-08-01" scheme-type="cpc" publication-type="official">
<classification-item breakdown-code="false" not-allocatable="true" level="5" additional-only="false" sort-key="A01C" definition-exists="true" date-revised="2022-01-01" status="published"><classification-symbol>A01C</classification-symbol><class-title date-revised="2022-01-01"><title-part><text>PLANTING</text></title-part><title-part><text>SOWING</text></title-part><title-part><text>FERTILISING </text><reference><text>parts, details or accessories of agricultural machines or implements, in general <class-ref scheme="cpc">A01B51/00</class-ref>&#160;-&#160;<class-ref scheme="cpc">A01B75/00</class-ref></text></reference></title-part></class-title>
<classification-item breakdown-code="false" not-allocatable="true" level="6" additional-only="false" sort-key="A01C1/00" date-revised="2013-01-01" status="published"><classification-symbol>A01C1/00</classification-symbol>
<classification-item breakdown-code="false" not-allocatable="false" level="7" additional-only="false" sort-key="A01C1/00" definition-exists="true" ipc-concordant="A01C1/00" c-set-base-allowed="false" c-set-subsequent-allowed="true" date-revised="2022-01-01" status="published"><classification-symbol>A01C1/00</classification-symbol><class-title date-revised="2022-01-01"><title-part><text>Apparatus, or methods of use thereof, for testing or treating seed, roots, or the like, prior to sowing or planting</text></title-part></class-title>
<classification-item breakdown-code="false" not-allocatable="false" level="8" additional-only="false" sort-key="A01C1/005" definition-exists="false" ipc-concordant="A01C1/00" c-set-base-allowed="false" c-set-subsequent-allowed="true" date-revised="2013-01-01" status="published"><classification-symbol>A01C1/005</classification-symbol><class-title date-revised="2013-01-01"><title-part><CPC-specific-text><text>Potato seed cutters</text></CPC-specific-text></title-part></class-title></classification-item>
<classification-item breakdown-code="false" not-allocatable="false" level="8" additional-only="false" sort-key="A01C1/02" definition-exists="true" ipc-concordant="A01C1/02" c-set-base-allowed="false" c-set-subsequent-allowed="true" date-revised="2022-01-01" status="published"><classification-symbol>A01C1/02</classification-symbol><class-title date-revised="2022-01-01"><title-part><text>Germinating apparatus</text></title-part><title-part><text>Determining germination capacity of seeds or the like</text></title-part></class-title>
<classification-item breakdown-code="false" not-allocatable="false" level="9" additional-only="false" sort-key="A01C1/025" definition-exists="true" ipc-concordant="A01C1/02" c-set-base-allowed="false" c-set-subsequent-allowed="true" date-revised="2013-01-01" status="published"><classification-symbol>A01C1/025</classification-symbol><class-title date-revised="2013-01-01"><title-part><CPC-specific-text><text>Testing seeds for determining their viability or germination capacity</text></CPC-specific-text></title-part></class-title></classification-item></classification-item>
<classification-item breakdown-code="false" not-allocatable="false" level="8" additional-only="false" sort-key="A01C1/04" definition-exists="false" ipc-concordant="A01C1/04" c-set-base-allowed="false" c-set-subsequent-allowed="true" date-revised="2023-05-01" status="published"><classification-symbol>A01C1/04</classification-symbol><class-title date-revised="2023-05-01"><title-part><text>Arranging seed on carriers, e.g. on tapes, on cords </text><CPC-specific-text><text>; Carrier compositions</text></CPC-specific-text></title-part></class-title>
<classification-item breakdown-code="false" not-allocatable="false" level="9" additional-only="false" sort-key="A01C1/042" definition-exists="false" ipc-concordant="A01C1/04" c-set-base-allowed="false" c-set-subsequent-allowed="true" date-revised="2013-01-01" status="published"><classification-symbol>A01C1/042</classification-symbol><class-title date-revised="2013-01-01"><title-part><CPC-specific-text><text>Tapes, bands or cords</text></CPC-specific-text></title-part></class-title></classification-item>
<classification-item breakdown-code="false" not-allocatable="false" level="9" additional-only="false" sort-key="A01C1/044" definition-exists="false" ipc-concordant="A01C1/04" c-set-base-allowed="false" c-set-subsequent-allowed="true" date-revised="2013-01-01" status="published"><classification-symbol>A01C1/044</classification-symbol><class-title date-revised="2013-01-01"><title-part><CPC-specific-text><text>Sheets, multiple sheets or mats</text></CPC-specific-text></title-part></class-title></classification-item>
<classification-item breakdown-code="false" not-allocatable="false" level="9" additional-only="false" sort-key="A01C1/046" definition-exists="true" ipc-concordant="A01C1/04" c-set-base-allowed="false" c-set-subsequent-allowed="true" date-revised="2013-01-01" status="published"><classification-symbol>A01C1/046</classification-symbol><class-title date-revised="2013-01-01"><title-part><CPC-specific-text><text>Carrier compositions</text></CPC-specific-text></title-part></class-title></classification-item>
<classification-item breakdown-code="true" not-allocatable="false" level="9" additional-only="true" sort-key="A01C1/048" definition-exists="false" ipc-concordant="A01C1/04" c-set-base-allowed="false" c-set-subsequent-allowed="true" date-revised="2013-01-01" status="published"><classification-symbol>A01C2001/048</classification-symbol><class-title date-revised="2013-01-01"><title-part><CPC-specific-text><text>Machines</text></CPC-specific-text></title-part></class-title></classification-item></classification-item>
<classification-item breakdown-code="false" not-allocatable="false" level="8" additional-only="false" sort-key="A01C1/06" definition-exists="true" ipc-concordant="A01C1/06" c-set-base-allowed="false" c-set-subsequent-allowed="true" date-revised="2022-01-01" status="published"><classification-symbol>A01C1/06</classification-symbol><class-title date-revised="2022-01-01"><title-part><text>Coating or dressing seed</text></title-part></class-title></classification-item>
<classification-item breakdown-code="false" not-allocatable="false" level="8" additional-only="false" sort-key="A01C1/08" definition-exists="true" ipc-concordant="A01C1/08" c-set-base-allowed="false" c-set-subsequent-allowed="true" date-revised="2013-01-01" status="published"><classification-symbol>A01C1/08</classification-symbol><class-title date-revised="2013-01-01"><title-part><text>Immunising seed</text></title-part></class-title></classification-item></classification-item>
<classification-item breakdown-code="false" not-allocatable="false" level="7" additional-only="false" sort-key="A01C3/00" definition-exists="true" ipc-concordant="A01C3/00" c-set-base-allowed="false" c-set-subsequent-allowed="true" date-revised="2022-01-01" status="published"><classification-symbol>A01C3/00</classification-symbol><class-title date-revised="2022-01-01"><title-part><text>Treating manure</text></title-part><title-part><text>Manuring</text></title-part></class-title>
<classification-item breakdown-code="false" not-allocatable="false" level="8" additional-only="false" sort-key="A01C3/02" definition-exists="true" ipc-concordant="A01C3/02" c-set-base-allowed="false" c-set-subsequent-allowed="true" date-revised="2022-01-01" status="published"><classification-symbol>A01C3/02</classification-symbol><class-title date-revised="2022-01-01"><title-part><text>Storage places for manure, e.g. cisterns for liquid manure</text></title-part><title-part><text>Installations for fermenting manure</text></title-part></class-title>
<classification-item breakdown-code="false" not-allocatable="false" level="9" additional-only="false" sort-key="A01C3/021" definition-exists="false" ipc-concordant="A01C3/02" c-set-base-allowed="false" c-set-subsequent-allowed="true" date-revised="2013-01-01" status="published"><classification-symbol>A01C3/021</classification-symbol><class-title date-revised="2013-01-01"><title-part><CPC-specific-text><text>for composted manure</text></CPC-specific-text></title-part></class-title></classification-item>
<classification-item breakdown-code="false" not-allocatable="false" level="9" additional-only="false" sort-key="A01C3/023" definition-exists="true" ipc-concordant="A01C3/02" c-set-base-allowed="false" c-set-subsequent-allowed="true" date-revised="2013-01-01" status="published"><classification-symbol>A01C3/023</classification-symbol><class-title date-revised="2013-01-01"><title-part><CPC-specific-text><text>Digesters</text></CPC-specific-text></title-part></class-title></classification-item>
<classification-item breakdown-code="false" not-allocatable="false" level="9" additional-only="false" sort-key="A01C3/025" definition-exists="true" ipc-concordant="A01C3/02" c-set-base-allowed="false" c-set-subsequent-allowed="true" date-revised="2013-01-01" status="published"><classification-symbol>A01C3/025</classification-symbol><class-title date-revised="2013-01-01"><title-part><CPC-specific-text><text>with heat recuperation means</text></CPC-specific-text></title-part></class-title></classification-item>
<classification-item breakdown-code="false" not-allocatable="false" level="9" additional-only="false" sort-key="A01C3/026" definition-exists="true" ipc-concordant="A01C3/02" c-set-base-allowed="false" c-set-subsequent-allowed="true" date-revised="2013-01-01" status="published"><classification-symbol>A01C3/026</classification-symbol><class-title date-revised="2013-01-01"><title-part><CPC-specific-text><text>with mixing or agitating devices</text></CPC-specific-text></title-part></class-title></classification-item>
<classification-item breakdown-code="false" not-allocatable="false" level="9" additional-only="false" sort-key="A01C3/028" definition-exists="true" ipc-concordant="A01C3/02" c-set-base-allowed="false" c-set-subsequent-allowed="true" date-revised="2022-01-01" status="published"><classification-symbol>A01C3/028</classification-symbol><class-title date-revised="2022-01-01"><title-part><CPC-specific-text><text>Covers, roofs or other structures for covering manure storage places</text></CPC-specific-text></title-part></class-title></classification-item></classification-item>
<classification-item breakdown-code="false" not-allocatable="false" level="8" additional-only="false" sort-key="A01C3/04" definition-exists="true" ipc-concordant="A01C3/04" c-set-base-allowed="false" c-set-subsequent-allowed="true" date-revised="2022-01-01" status="published"><classification-symbol>A01C3/04</classification-symbol><class-title date-revised="2022-01-01"><title-part><text>Manure loaders</text></title-part></class-title></classification-item>
<classification-item breakdown-code="false" not-allocatable="false" level="8" additional-only="false" sort-key="A01C3/06" definition-exists="false" ipc-concordant="A01C3/06" c-set-base-allowed="false" c-set-subsequent-allowed="true" date-revised="2013-01-01" status="published"><classification-symbol>A01C3/06</classification-symbol><class-title date-revised="2013-01-01"><title-part><text>Manure distributors, e.g. dung distributors</text></title-part></class-title>
<classification-item breakdown-code="false" not-allocatable="false" level="9" additional-only="false" sort-key="A01C3/063" definition-exists="false" ipc-concordant="A01C3/06" c-set-base-allowed="false" c-set-subsequent-allowed="true" date-revised="2013-01-01" status="published"><classification-symbol>A01C3/063</classification-symbol><class-title date-revised="2013-01-01"><title-part><CPC-specific-text><text>Side-spreaders</text></CPC-specific-text></title-part></class-title></classification-item>
<classification-item breakdown-code="false" not-allocatable="false" level="9" additional-only="false" sort-key="A01C3/066" definition-exists="false" ipc-concordant="A01C3/06" c-set-base-allowed="false" c-set-subsequent-allowed="true" date-revised="2013-01-01" status="published"><classification-symbol>A01C3/066</classification-symbol><class-title date-revised="2013-01-01"><title-part><CPC-specific-text><text>Spreading by using worm or screw conveyors</text></CPC-specific-text></title-part></class-title></classification-item>
<classification-item breakdown-code="false" not-allocatable="false" level="9" additional-only="false" sort-key="A01C3/08" definition-exists="false" ipc-concordant="A01C3/08" c-set-base-allowed="false" c-set-subsequent-allowed="true" date-revised="2013-01-01" status="published"><classification-symbol>A01C3/08</classification-symbol><class-title date-revised="2013-01-01"><title-part><text>for manure already laying on the soil</text></title-part></class-title></classification-item></classification-item></classification-item>
<classification-item breakdown-code="false" not-allocatable="false" level="7" additional-only="false" sort-key="A01C5/00" definition-exists="true" ipc-concordant="A01C5/00" c-set-base-allowed="false" c-set-subsequent-allowed="true" date-revised="2020-08-01" status="published"><classification-symbol>A01C5/00</classification-symbol><class-title date-revised="2020-08-01"><title-part><text>Making or covering furrows or holes for sowing, planting or manuring </text><reference><text>ploughs for making ridges <class-ref scheme="cpc">A01B13/02</class-ref></text></reference></title-part></class-title>
<classification-item breakdown-code="false" not-allocatable="false" level="8" additional-only="false" sort-key="A01C5/02" definition-exists="true" ipc-concordant="A01C5/02" c-set-base-allowed="false" c-set-subsequent-allowed="true" date-revised="2022-01-01" status="published"><classification-symbol>A01C5/02</classification-symbol><class-title date-revised="2022-01-01"><title-part><text>Hand tools for making holes for sowing, planting or manuring</text></title-part></class-title></classification-item>
<classification-item breakdown-code="false" not-allocatable="false" level="8" additional-only="false" sort-key="A01C5/04" definition-exists="false" ipc-concordant="A01C5/04" c-set-base-allowed="false" c-set-subsequent-allowed="true" date-revised="2013-01-01" status="published"><classification-symbol>A01C5/04</classification-symbol><class-title date-revised="2013-01-01"><title-part><text>Machines for making or covering holes for sowing or planting</text></title-part></class-title>
<classification-item breakdown-code="false" not-allocatable="false" level="9" additional-only="false" sort-key="A01C5/045" definition-exists="true" ipc-concordant="A01C5/04" c-set-base-allowed="false" c-set-subsequent-allowed="true" date-revised="2022-01-01" status="published"><classification-symbol>A01C5/045</classification-symbol><class-title date-revised="2022-01-01"><title-part><CPC-specific-text><text>with piercing buckets</text></CPC-specific-text></title-part></class-title></classification-item></classification-item>
<classification-item breakdown-code="false" not-allocatable="false" level="8" additional-only="false" sort-key="A01C5/06" definition-exists="true" ipc-concordant="A01C5/06" c-set-base-allowed="false" c-set-subsequent-allowed="true" date-revised="2020-08-01" status="published"><classification-symbol>A01C5/06</classification-symbol><class-title date-revised="2020-08-01"><title-part><text>Machines for making or covering drills or furrows for sowing or planting</text></title-part></class-title>
<classification-item breakdown-code="false" not-allocatable="false" level="9" additional-only="false" sort-key="A01C5/062" definition-exists="false" ipc-concordant="A01C5/06" c-set-base-allowed="false" c-set-subsequent-allowed="true" date-revised="2013-01-01" status="published"><classification-symbol>A01C5/062</classification-symbol><class-title date-revised="2013-01-01"><title-part><CPC-specific-text><text>Devices for making drills or furrows</text></CPC-specific-text></title-part></class-title>
<classification-item breakdown-code="false" not-allocatable="false" level="10" additional-only="false" sort-key="A01C5/064" definition-exists="false" ipc-concordant="A01C5/06" c-set-base-allowed="false" c-set-subsequent-allowed="true" date-revised="2013-01-01" status="published"><classification-symbol>A01C5/064</classification-symbol><class-title date-revised="2013-01-01"><title-part><CPC-specific-text><text>with rotating tools</text></CPC-specific-text></title-part></class-title></classification-item></classification-item>
<classification-item breakdown-code="false" not-allocatable="false" level="9" additional-only="false" sort-key="A01C5/066" definition-exists="false" ipc-concordant="A01C5/06" c-set-base-allowed="false" c-set-subsequent-allowed="true" date-revised="2013-01-01" status="published"><classification-symbol>A01C5/066</classification-symbol><class-title date-revised="2013-01-01"><title-part><CPC-specific-text><text>Devices for covering drills or furrows</text></CPC-specific-text></title-part></class-title>
<classification-item breakdown-code="false" not-allocatable="false" level="10" additional-only="false" sort-key="A01C5/068" definition-exists="true" ipc-concordant="A01C5/06" c-set-base-allowed="false" c-set-subsequent-allowed="true" date-revised="2013-01-01" status="published"><classification-symbol>A01C5/068</classification-symbol><class-title date-revised="2013-01-01"><title-part><CPC-specific-text><text>Furrow packing devices, e.g. press wheels</text></CPC-specific-text></title-part></class-title></classification-item></classification-item></classification-item>
<classification-item breakdown-code="false" not-allocatable="false" level="8" additional-only="false" sort-key="A01C5/08" definition-exists="false" ipc-concordant="A01C5/08" c-set-base-allowed="false" c-set-subsequent-allowed="true" date-revised="2013-01-01" status="published"><classification-symbol>A01C5/08</classification-symbol><class-title date-revised="2013-01-01"><title-part><text>Machines for both manuring and sowing or both manuring and planting</text></title-part></class-title></classification-item></classification-item>
<classification-item breakdown-code="false" not-allocatable="false" level="7" additional-only="false" sort-key="A01C7/00" definition-exists="true" ipc-concordant="A01C7/00" c-set-base-allowed="false" c-set-subsequent-allowed="true" date-revised="2022-01-01" status="published"><classification-symbol>A01C7/00</classification-symbol><class-title date-revised="2022-01-01"><title-part><text>Sowing</text></title-part></class-title>
<classification-item breakdown-code="false" not-allocatable="false" level="8" additional-only="false" sort-key="A01C7/002" definition-exists="false" ipc-concordant="A01C7/00" c-set-base-allowed="false" c-set-subsequent-allowed="true" date-revised="2013-01-01" status="published"><classification-symbol>A01C7/002</classification-symbol><class-title date-revised="2013-01-01"><title-part><CPC-specific-text><text>Dibble seeders</text></CPC-specific-text></title-part></class-title></classification-item>
<classification-item breakdown-code="false" not-allocatable="false" level="8" additional-only="false" sort-key="A01C7/004" definition-exists="false" ipc-concordant="A01C7/00" c-set-base-allowed="false" c-set-subsequent-allowed="true" date-revised="2013-01-01" status="published"><classification-symbol>A01C7/004</classification-symbol><class-title date-revised="2013-01-01"><title-part><CPC-specific-text><text>using liquid seeding techniques</text></CPC-specific-text></title-part></class-title></classification-item>
<classification-item breakdown-code="false" not-allocatable="false" level="8" additional-only="false" sort-key="A01C7/006" definition-exists="true" ipc-concordant="A01C7/00" c-set-base-allowed="false" c-set-subsequent-allowed="true" date-revised="2013-01-01" status="published"><classification-symbol>A01C7/006</classification-symbol><class-title date-revised="2013-01-01"><title-part><CPC-specific-text><text>Minimum till seeding</text></CPC-specific-text></title-part></class-title></classification-item>
<classification-item breakdown-code="false" not-allocatable="false" level="8" additional-only="false" sort-key="A01C7/008" definition-exists="false" ipc-concordant="A01C7/00" c-set-base-allowed="false" c-set-subsequent-allowed="true" date-revised="2013-01-01" status="published"><classification-symbol>A01C7/008</classification-symbol><class-title date-revised="2013-01-01"><title-part><CPC-specific-text><text>Sod or grassland seeding </text><reference><text><class-ref scheme="cpc">A01C7/08</class-ref> takes precedence</text></reference></CPC-specific-text></title-part></class-title></classification-item>
<classification-item breakdown-code="false" not-allocatable="false" level="8" additional-only="false" sort-key="A01C7/02" definition-exists="true" ipc-concordant="A01C7/02" c-set-base-allowed="false" c-set-subsequent-allowed="true" date-revised="2022-01-01" status="published"><classification-symbol>A01C7/02</classification-symbol><class-title date-revised="2022-01-01"><title-part><text>Hand sowing implements</text></title-part></class-title></classification-item>
<classification-item breakdown-code="false" not-allocatable="false" level="8" additional-only="false" sort-key="A01C7/04" definition-exists="true" ipc-concordant="A01C7/04" c-set-base-allowed="false" c-set-subsequent-allowed="true" date-revised="2022-01-01" status="published"><classification-symbol>A01C7/04</classification-symbol><class-title date-revised="2022-01-01"><title-part><text>Single-grain seeders with or without suction devices</text></title-part></class-title>
<classification-item breakdown-code="false" not-allocatable="false" level="9" additional-only="false" sort-key="A01C7/042" definition-exists="true" ipc-concordant="A01C7/04" c-set-base-allowed="false" c-set-subsequent-allowed="true" date-revised="2023-05-01" status="published"><classification-symbol>A01C7/042</classification-symbol><class-title date-revised="2013-01-01"><title-part><CPC-specific-text><text>using pneumatic means</text></CPC-specific-text></title-part></class-title><notes-and-warnings><note type="warning"><note-paragraph warning-type="reclass-source">Group <class-ref scheme="cpc">A01C7/042</class-ref> is impacted by reclassification into groups <class-ref scheme="cpc">A01C7/0443</class-ref> and <class-ref scheme="cpc">A01C7/0445</class-ref>.<br/>Groups <class-ref scheme="cpc">A01C7/042</class-ref>, <class-ref scheme="cpc">A01C7/0443</class-ref> and <class-ref scheme="cpc">A01C7/0445</class-ref> should be considered in order to perform a complete search.</note-paragraph></note></notes-and-warnings>
<classification-item breakdown-code="false" not-allocatable="false" level="10" additional-only="false" sort-key="A01C7/044" definition-exists="false" ipc-concordant="A01C7/04" c-set-base-allowed="false" c-set-subsequent-allowed="true" date-revised="2023-05-01" status="published"><classification-symbol>A01C7/044</classification-symbol><class-title date-revised="2013-01-01"><title-part><CPC-specific-text><text>Pneumatic seed wheels</text></CPC-specific-text></title-part></class-title><notes-and-warnings><note type="warning"><note-paragraph warning-type="reclass-source">Group <class-ref scheme="cpc">A01C7/044</class-ref> is impacted by reclassification into groups <class-ref scheme="cpc">A01C7/0445</class-ref> and <class-ref scheme="cpc">A01C7/0443</class-ref>.<br/>Groups <class-ref scheme="cpc">A01C7/044</class-ref>, <class-ref scheme="cpc">A01C7/0445</class-ref> and <class-ref scheme="cpc">A01C7/0443</class-ref> should be considered in order to perform a complete search.</note-paragraph></note></notes-and-warnings>
<classification-item breakdown-code="false" not-allocatable="false" level="11" additional-only="false" sort-key="A01C7/0443" definition-exists="true" ipc-concordant="A01C7/04" c-set-base-allowed="false" c-set-subsequent-allowed="true" date-revised="2023-05-01" status="published"><classification-symbol>A01C7/0443</classification-symbol><class-title date-revised="2023-05-01"><title-part><CPC-specific-text><text>Seed singulators</text></CPC-specific-text></title-part></class-title><notes-and-warnings><note type="warning"><note-paragraph warning-type="reclass-destination">Group <class-ref scheme="cpc">A01C7/0443</class-ref> is incomplete pending reclassification of documents from groups <class-ref scheme="cpc">A01C7/042</class-ref>, <class-ref scheme="cpc">A01C7/044</class-ref> and <class-ref scheme="cpc">A01C7/046</class-ref>.<br/>All groups listed in this Warning should be considered in order to perform a complete search.</note-paragraph></note></notes-and-warnings></classification-item>
<classification-item breakdown-code="false" not-allocatable="false" level="11" additional-only="false" sort-key="A01C7/0445" definition-exists="true" ipc-concordant="A01C7/04" c-set-base-allowed="false" c-set-subsequent-allowed="true" date-revised="2023-05-01" status="published"><classification-symbol>A01C7/0445</classification-symbol><class-title date-revised="2023-05-01"><title-part><CPC-specific-text><text>Seed ejectors</text></CPC-specific-text></title-part></class-title><notes-and-warnings><note type="warning"><note-paragraph warning-type="reclass-destination">Group <class-ref scheme="cpc">A01C7/0445</class-ref> is incomplete pending reclassification of documents from groups <class-ref scheme="cpc">A01C7/042</class-ref>, <class-ref scheme="cpc">A01C7/044</class-ref> and <class-ref scheme="cpc">A01C7/046</class-ref>.<br/>All groups listed in this Warning should be considered in order to perform a complete search.</note-paragraph></note></notes-and-warnings></classification-item>
<classification-item breakdown-code="false" not-allocatable="false" level="11" additional-only="false" sort-key="A01C7/046" definition-exists="false" ipc-concordant="A01C7/04" c-set-base-allowed="false" c-set-subsequent-allowed="true" date-revised="2023-05-01" status="published"><classification-symbol>A01C7/046</classification-symbol><class-title date-revised="2013-01-01"><title-part><CPC-specific-text><text>with perforated seeding discs</text></CPC-specific-text></title-part></class-title><notes-and-warnings><note type="warning"><note-paragraph warning-type="reclass-source">Group <class-ref scheme="cpc">A01C7/046</class-ref> is impacted by reclassification into groups <class-ref scheme="cpc">A01C7/0445</class-ref> and <class-ref scheme="cpc">A01C7/0443</class-ref>.<br/>Groups <class-ref scheme="cpc">A01C7/046</class-ref>, <class-ref scheme="cpc">A01C7/0445</class-ref> and <class-ref scheme="cpc">A01C7/0443</class-ref> should be considered in order to perform a complete search.</note-paragraph></note></notes-and-warnings></classification-item></classification-item></classification-item>
<classification-item breakdown-code="false" not-allocatable="false" level="9" additional-only="false" sort-key="A01C7/048" definition-exists="false" ipc-concordant="A01C7/04" c-set-base-allowed="false" c-set-subsequent-allowed="true" date-revised="2013-01-01" status="published"><classification-symbol>A01C7/048</classification-symbol><class-title date-revised="2013-01-01"><title-part><CPC-specific-text><text>Seed tape planters</text></CPC-specific-text></title-part></class-title></classification-item></classification-item>
<classification-item breakdown-code="false" not-allocatable="false" level="8" additional-only="false" sort-key="A01C7/06" definition-exists="true" ipc-concordant="A01C7/06" c-set-base-allowed="false" c-set-subsequent-allowed="true" date-revised="2022-01-01" status="published"><classification-symbol>A01C7/06</classification-symbol><class-title date-revised="2022-01-01"><title-part><text>Seeders combined with fertilising apparatus</text></title-part></class-title></classification-item>
<classification-item breakdown-code="false" not-allocatable="false" level="8" additional-only="false" sort-key="A01C7/08" definition-exists="false" ipc-concordant="A01C7/08" c-set-base-allowed="false" c-set-subsequent-allowed="true" date-revised="2022-01-01" status="published"><classification-symbol>A01C7/08</classification-symbol><class-title date-revised="2022-01-01"><title-part><text>Broadcast seeders</text></title-part><title-part><text>Seeders depositing seeds in rows</text></title-part></class-title>
<classification-item breakdown-code="false" not-allocatable="false" level="9" additional-only="false" sort-key="A01C7/081" definition-exists="true" ipc-concordant="A01C7/08" c-set-base-allowed="false" c-set-subsequent-allowed="true" date-revised="2013-01-01" status="published"><classification-symbol>A01C7/081</classification-symbol><class-title date-revised="2013-01-01"><title-part><CPC-specific-text><text>Seeders depositing seeds in rows using pneumatic means</text></CPC-specific-text></title-part></class-title>
<classification-item breakdown-code="false" not-allocatable="false" level="10" additional-only="false" sort-key="A01C7/082" definition-exists="true" ipc-concordant="A01C7/08" c-set-base-allowed="false" c-set-subsequent-allowed="true" date-revised="2022-01-01" status="published"><classification-symbol>A01C7/082</classification-symbol><class-title date-revised="2022-01-01"><title-part><CPC-specific-text><text>Ducts, distribution pipes or details thereof for pneumatic seeders</text></CPC-specific-text></title-part></class-title></classification-item>
<classification-item breakdown-code="false" not-allocatable="false" level="10" additional-only="false" sort-key="A01C7/084" definition-exists="false" ipc-concordant="A01C7/08" c-set-base-allowed="false" c-set-subsequent-allowed="true" date-revised="2013-01-01" status="published"><classification-symbol>A01C7/084</classification-symbol><class-title date-revised="2013-01-01"><title-part><CPC-specific-text><text>Pneumatic distribution heads for seeders</text></CPC-specific-text></title-part></class-title></classification-item></classification-item>
<classification-item breakdown-code="false" not-allocatable="false" level="9" additional-only="false" sort-key="A01C7/085" definition-exists="false" ipc-concordant="A01C7/08" c-set-base-allowed="false" c-set-subsequent-allowed="true" date-revised="2013-01-01" status="published"><classification-symbol>A01C7/085</classification-symbol><class-title date-revised="2013-01-01"><title-part><CPC-specific-text><text>Broadcast seeders</text></CPC-specific-text></title-part></class-title></classification-item>
<classification-item breakdown-code="false" not-allocatable="false" level="9" additional-only="false" sort-key="A01C7/087" definition-exists="false" ipc-concordant="A01C7/08" c-set-base-allowed="false" c-set-subsequent-allowed="true" date-revised="2013-01-01" status="published"><classification-symbol>A01C7/087</classification-symbol><class-title date-revised="2013-01-01"><title-part><CPC-specific-text><text>Tramlining</text></CPC-specific-text></title-part></class-title></classification-item>
<classification-item breakdown-code="false" not-allocatable="false" level="9" additional-only="false" sort-key="A01C7/088" definition-exists="false" ipc-concordant="A01C7/08" c-set-base-allowed="false" c-set-subsequent-allowed="true" date-revised="2013-01-01" status="published"><classification-symbol>A01C7/088</classification-symbol><class-title date-revised="2013-01-01"><title-part><CPC-specific-text><text>Sectional seeding</text></CPC-specific-text></title-part></class-title></classification-item>
<classification-item breakdown-code="false" not-allocatable="false" level="9" additional-only="false" sort-key="A01C7/10" definition-exists="false" ipc-concordant="A01C7/10" c-set-base-allowed="false" c-set-subsequent-allowed="true" date-revised="2023-05-01" status="published"><classification-symbol>A01C7/10</classification-symbol><class-title date-revised="2023-05-01"><title-part><text>Devices for adjusting the seed-box </text><CPC-specific-text><text>; Regulation of machines for depositing quantities at intervals</text></CPC-specific-text></title-part></class-title>
<classification-item breakdown-code="false" not-allocatable="false" level="10" additional-only="false" sort-key="A01C7/102" definition-exists="false" ipc-concordant="A01C7/10" c-set-base-allowed="false" c-set-subsequent-allowed="true" date-revised="2013-01-01" status="published"><classification-symbol>A01C7/102</classification-symbol><class-title date-revised="2013-01-01"><title-part><CPC-specific-text><text>Regulating or controlling the seed rate</text></CPC-specific-text></title-part></class-title>
<classification-item breakdown-code="false" not-allocatable="false" level="11" additional-only="false" sort-key="A01C7/105" definition-exists="true" ipc-concordant="A01C7/10" c-set-base-allowed="false" c-set-subsequent-allowed="true" date-revised="2013-01-01" status="published"><classification-symbol>A01C7/105</classification-symbol><class-title date-revised="2013-01-01"><title-part><CPC-specific-text><text>Seed sensors</text></CPC-specific-text></title-part></class-title></classification-item></classification-item>
<classification-item breakdown-code="false" not-allocatable="false" level="10" additional-only="false" sort-key="A01C7/107" definition-exists="false" ipc-concordant="A01C7/10" c-set-base-allowed="false" c-set-subsequent-allowed="true" date-revised="2013-01-01" status="published"><classification-symbol>A01C7/107</classification-symbol><class-title date-revised="2013-01-01"><title-part><CPC-specific-text><text>Calibration of the seed rate</text></CPC-specific-text></title-part></class-title></classification-item></classification-item>
<classification-item breakdown-code="false" not-allocatable="false" level="9" additional-only="false" sort-key="A01C7/12" definition-exists="false" ipc-concordant="A01C7/12" c-set-base-allowed="false" c-set-subsequent-allowed="true" date-revised="2013-01-01" status="published"><classification-symbol>A01C7/12</classification-symbol><class-title date-revised="2013-01-01"><title-part><text>Seeders with feeding wheels</text></title-part></class-title>
<classification-item breakdown-code="false" not-allocatable="false" level="10" additional-only="false" sort-key="A01C7/121" definition-exists="false" ipc-concordant="A01C7/12" c-set-base-allowed="false" c-set-subsequent-allowed="true" date-revised="2013-01-01" status="published"><classification-symbol>A01C7/121</classification-symbol><class-title date-revised="2013-01-01"><title-part><CPC-specific-text><text>for sowing seeds of different sizes</text></CPC-specific-text></title-part></class-title>
<classification-item breakdown-code="false" not-allocatable="false" level="11" additional-only="false" sort-key="A01C7/122" definition-exists="false" ipc-concordant="A01C7/12" c-set-base-allowed="false" c-set-subsequent-allowed="true" date-revised="2013-01-01" status="published"><classification-symbol>A01C7/122</classification-symbol><class-title date-revised="2013-01-01"><title-part><CPC-specific-text><text>using more than one feeding wheel; using double-run feeding wheels</text></CPC-specific-text></title-part></class-title></classification-item></classification-item>
<classification-item breakdown-code="false" not-allocatable="false" level="10" additional-only="false" sort-key="A01C7/123" definition-exists="false" ipc-concordant="A01C7/12" c-set-base-allowed="false" c-set-subsequent-allowed="true" date-revised="2013-01-01" status="published"><classification-symbol>A01C7/123</classification-symbol><class-title date-revised="2013-01-01"><title-part><CPC-specific-text><text>Housings for feed rollers or wheels</text></CPC-specific-text></title-part></class-title>
<classification-item breakdown-code="false" not-allocatable="false" level="11" additional-only="false" sort-key="A01C7/124" definition-exists="false" ipc-concordant="A01C7/12" c-set-base-allowed="false" c-set-subsequent-allowed="true" date-revised="2013-01-01" status="published"><classification-symbol>A01C7/124</classification-symbol><class-title date-revised="2013-01-01"><title-part><CPC-specific-text><text>with top delivery of the seeds</text></CPC-specific-text></title-part></class-title></classification-item>
<classification-item breakdown-code="false" not-allocatable="false" level="11" additional-only="false" sort-key="A01C7/125" definition-exists="false" ipc-concordant="A01C7/12" c-set-base-allowed="false" c-set-subsequent-allowed="true" date-revised="2013-01-01" status="published"><classification-symbol>A01C7/125</classification-symbol><class-title date-revised="2013-01-01"><title-part><CPC-specific-text><text>with bottom delivery of the seeds</text></CPC-specific-text></title-part></class-title></classification-item></classification-item>
<classification-item breakdown-code="false" not-allocatable="false" level="10" additional-only="false" sort-key="A01C7/126" definition-exists="false" ipc-concordant="A01C7/12" c-set-base-allowed="false" c-set-subsequent-allowed="true" date-revised="2013-01-01" status="published"><classification-symbol>A01C7/126</classification-symbol><class-title date-revised="2013-01-01"><title-part><CPC-specific-text><text>Stubbed rollers or wheels</text></CPC-specific-text></title-part></class-title></classification-item>
<classification-item breakdown-code="false" not-allocatable="false" level="10" additional-only="false" sort-key="A01C7/127" definition-exists="false" ipc-concordant="A01C7/12" c-set-base-allowed="false" c-set-subsequent-allowed="true" date-revised="2013-01-01" status="published"><classification-symbol>A01C7/127</classification-symbol><class-title date-revised="2013-01-01"><title-part><CPC-specific-text><text>Cell rollers, wheels, discs or belts</text></CPC-specific-text></title-part></class-title>
<classification-item breakdown-code="false" not-allocatable="false" level="11" additional-only="false" sort-key="A01C7/128" definition-exists="false" ipc-concordant="A01C7/12" c-set-base-allowed="false" c-set-subsequent-allowed="true" date-revised="2013-01-01" status="published"><classification-symbol>A01C7/128</classification-symbol><class-title date-revised="2013-01-01"><title-part><CPC-specific-text><text>Cell discs</text></CPC-specific-text></title-part></class-title></classification-item></classification-item>
<classification-item breakdown-code="false" not-allocatable="false" level="10" additional-only="false" sort-key="A01C7/14" definition-exists="false" ipc-concordant="A01C7/14" c-set-base-allowed="false" c-set-subsequent-allowed="true" date-revised="2013-01-01" status="published"><classification-symbol>A01C7/14</classification-symbol><class-title date-revised="2013-01-01"><title-part><text>Seeders with spoon or bucket wheels</text></title-part></class-title></classification-item></classification-item>
<classification-item breakdown-code="false" not-allocatable="false" level="9" additional-only="false" sort-key="A01C7/16" definition-exists="true" ipc-concordant="A01C7/16" c-set-base-allowed="false" c-set-subsequent-allowed="true" date-revised="2022-01-01" status="published"><classification-symbol>A01C7/16</classification-symbol><class-title date-revised="2022-01-01"><title-part><text>Seeders with other distributing devices, e.g. brushes, discs, screws or slides</text></title-part></class-title>
<classification-item breakdown-code="false" not-allocatable="false" level="10" additional-only="false" sort-key="A01C7/163" definition-exists="true" ipc-concordant="A01C7/16" c-set-base-allowed="false" c-set-subsequent-allowed="true" date-revised="2013-01-01" status="published"><classification-symbol>A01C7/163</classification-symbol><class-title date-revised="2013-01-01"><title-part><CPC-specific-text><text>Gravity distributors</text></CPC-specific-text></title-part></class-title></classification-item>
<classification-item breakdown-code="false" not-allocatable="false" level="10" additional-only="false" sort-key="A01C7/166" definition-exists="true" ipc-concordant="A01C7/16" c-set-base-allowed="false" c-set-subsequent-allowed="true" date-revised="2023-05-01" status="frozen"><classification-symbol>A01C7/166</classification-symbol><class-title date-revised="2022-01-01"><title-part><CPC-specific-text><text>Centrifugal distributors</text></CPC-specific-text></title-part></class-title><notes-and-warnings><note type="warning"><note-paragraph warning-type="reclass-source">Group <class-ref scheme="cpc">A01C7/166</class-ref> is no longer used for the classification of documents as of <reclassification-date>2023-05-01</reclassification-date>. <br/>The content of this group is being reclassified into groups <class-ref scheme="cpc">A01C17/00</class-ref>, <class-ref scheme="cpc">A01C17/001</class-ref>, <class-ref scheme="cpc">A01C17/003</class-ref>, <class-ref scheme="cpc">A01C17/005</class-ref>, <class-ref scheme="cpc">A01C17/006</class-ref> and <class-ref scheme="cpc">A01C17/008</class-ref>.<br/>All groups listed in this Warning should be considered in order to perform a complete search.</note-paragraph></note></notes-and-warnings></classification-item></classification-item></classification-item>
<classification-item breakdown-code="false" not-allocatable="false" level="8" additional-only="false" sort-key="A01C7/18" definition-exists="true" ipc-concordant="A01C7/18" c-set-base-allowed="false" c-set-subsequent-allowed="true" date-revised="2022-01-01" status="published"><classification-symbol>A01C7/18</classification-symbol><class-title date-revised="2022-01-01"><title-part><text>Machines for depositing quantities of seed at intervals</text></title-part></class-title>
<classification-item breakdown-code="false" not-allocatable="false" level="9" additional-only="false" sort-key="A01C7/185" definition-exists="false" ipc-concordant="A01C7/18" c-set-base-allowed="false" c-set-subsequent-allowed="true" date-revised="2013-01-01" status="published"><classification-symbol>A01C7/185</classification-symbol><class-title date-revised="2013-01-01"><title-part><CPC-specific-text><text>Foot valves</text></CPC-specific-text></title-part></class-title></classification-item></classification-item>
<classification-item breakdown-code="false" not-allocatable="false" level="8" additional-only="false" sort-key="A01C7/20" definition-exists="true" ipc-concordant="A01C7/20" c-set-base-allowed="false" c-set-subsequent-allowed="true" date-revised="2022-01-01" status="published"><classification-symbol>A01C7/20</classification-symbol><class-title date-revised="2022-01-01"><title-part><text>Parts of seeders for conducting and depositing seed</text></title-part></class-title>
<classification-item breakdown-code="false" not-allocatable="false" level="9" additional-only="false" sort-key="A01C7/201" definition-exists="false" ipc-concordant="A01C7/20" c-set-base-allowed="false" c-set-subsequent-allowed="true" date-revised="2013-01-01" status="published"><classification-symbol>A01C7/201</classification-symbol><class-title date-revised="2013-01-01"><title-part><CPC-specific-text><text>Mounting of the seeding tools</text></CPC-specific-text></title-part></class-title>
<classification-item breakdown-code="false" not-allocatable="false" level="10" additional-only="false" sort-key="A01C7/203" definition-exists="false" ipc-concordant="A01C7/20" c-set-base-allowed="false" c-set-subsequent-allowed="true" date-revised="2013-01-01" status="published"><classification-symbol>A01C7/203</classification-symbol><class-title date-revised="2013-01-01"><title-part><CPC-specific-text><text>comprising depth regulation means</text></CPC-specific-text></title-part></class-title></classification-item>
<classification-item breakdown-code="false" not-allocatable="false" level="10" additional-only="false" sort-key="A01C7/205" definition-exists="true" ipc-concordant="A01C7/20" c-set-base-allowed="false" c-set-subsequent-allowed="true" date-revised="2013-01-01" status="published"><classification-symbol>A01C7/205</classification-symbol><class-title date-revised="2013-01-01"><title-part><CPC-specific-text><text>comprising pressure regulation means</text></CPC-specific-text></title-part></class-title></classification-item></classification-item>
<classification-item breakdown-code="false" not-allocatable="false" level="9" additional-only="false" sort-key="A01C7/206" definition-exists="false" ipc-concordant="A01C7/20" c-set-base-allowed="false" c-set-subsequent-allowed="true" date-revised="2013-01-01" status="published"><classification-symbol>A01C7/206</classification-symbol><class-title date-revised="2013-01-01"><title-part><CPC-specific-text><text>Seed pipes</text></CPC-specific-text></title-part></class-title></classification-item>
<classification-item breakdown-code="false" not-allocatable="false" level="9" additional-only="false" sort-key="A01C7/208" definition-exists="true" ipc-concordant="A01C7/20" c-set-base-allowed="false" c-set-subsequent-allowed="true" date-revised="2022-01-01" status="published"><classification-symbol>A01C7/208</classification-symbol><class-title date-revised="2022-01-01"><title-part><CPC-specific-text><text>Chassis; Coupling means to a tractor or the like; Lifting means; Side markers</text></CPC-specific-text></title-part></class-title></classification-item></classification-item></classification-item>
<classification-item breakdown-code="false" not-allocatable="false" level="7" additional-only="false" sort-key="A01C9/00" definition-exists="true" ipc-concordant="A01C9/00" c-set-base-allowed="false" c-set-subsequent-allowed="true" date-revised="2022-01-01" status="published"><classification-symbol>A01C9/00</classification-symbol><class-title date-revised="2022-01-01"><title-part><text>Potato planters</text></title-part></class-title>
<classification-item breakdown-code="false" not-allocatable="false" level="8" additional-only="false" sort-key="A01C9/02" definition-exists="false" ipc-concordant="A01C9/02" c-set-base-allowed="false" c-set-subsequent-allowed="true" date-revised="2016-05-01" status="published"><classification-symbol>A01C9/02</classification-symbol><class-title date-revised="2016-05-01"><title-part><text>with conveyor belts</text></title-part></class-title></classification-item>
<classification-item breakdown-code="false" not-allocatable="false" level="8" additional-only="false" sort-key="A01C9/04" definition-exists="true" ipc-concordant="A01C9/04" c-set-base-allowed="false" c-set-subsequent-allowed="true" date-revised="2022-01-01" status="published"><classification-symbol>A01C9/04</classification-symbol><class-title date-revised="2022-01-01"><title-part><text>with bucket wheels</text></title-part></class-title></classification-item>
<classification-item breakdown-code="false" not-allocatable="false" level="8" additional-only="false" sort-key="A01C9/06" definition-exists="false" ipc-concordant="A01C9/06" c-set-base-allowed="false" c-set-subsequent-allowed="true" date-revised="2013-01-01" status="published"><classification-symbol>A01C9/06</classification-symbol><class-title date-revised="2013-01-01"><title-part><text>with piercing or grasping devices</text></title-part></class-title></classification-item>
<classification-item breakdown-code="false" not-allocatable="false" level="8" additional-only="false" sort-key="A01C9/08" definition-exists="true" ipc-concordant="A01C9/08" c-set-base-allowed="false" c-set-subsequent-allowed="true" date-revised="2022-01-01" status="published"><classification-symbol>A01C9/08</classification-symbol><class-title date-revised="2022-01-01"><title-part><text>with other distributing devices, e.g. flaps, screws, horizontal turning plates</text></title-part></class-title></classification-item></classification-item>
<classification-item breakdown-code="false" not-allocatable="false" level="7" additional-only="false" sort-key="A01C11/00" definition-exists="true" ipc-concordant="A01C11/00" c-set-base-allowed="false" c-set-subsequent-allowed="true" date-revised="2022-01-01" status="published"><classification-symbol>A01C11/00</classification-symbol><class-title date-revised="2022-01-01"><title-part><text>Transplanting machines</text></title-part></class-title>
<classification-item breakdown-code="false" not-allocatable="false" level="8" additional-only="false" sort-key="A01C11/003" definition-exists="false" ipc-concordant="A01C11/00" c-set-base-allowed="false" c-set-subsequent-allowed="true" date-revised="2013-01-01" status="published"><classification-symbol>A01C11/003</classification-symbol><class-title date-revised="2013-01-01"><title-part><CPC-specific-text><text>for aquatic plants; for planting underwater, e.g. rice</text></CPC-specific-text></title-part></class-title></classification-item>
<classification-item breakdown-code="false" not-allocatable="false" level="8" additional-only="false" sort-key="A01C11/006" definition-exists="true" ipc-concordant="A01C11/00" c-set-base-allowed="false" c-set-subsequent-allowed="true" date-revised="2013-01-01" status="published"><classification-symbol>A01C11/006</classification-symbol><class-title date-revised="2013-01-01"><title-part><CPC-specific-text><text>Other parts or details or planting machines</text></CPC-specific-text></title-part></class-title></classification-item>
<classification-item breakdown-code="false" not-allocatable="false" level="8" additional-only="false" sort-key="A01C11/02" definition-exists="false" ipc-concordant="A01C11/02" c-set-base-allowed="false" c-set-subsequent-allowed="true" date-revised="2013-01-01" status="published"><classification-symbol>A01C11/02</classification-symbol><class-title date-revised="2013-01-01"><title-part><text>for seedlings</text></title-part></class-title>
<classification-item breakdown-code="false" not-allocatable="false" level="9" additional-only="false" sort-key="A01C11/025" definition-exists="false" ipc-concordant="A01C11/02" c-set-base-allowed="false" c-set-subsequent-allowed="true" date-revised="2013-01-01" status="published"><classification-symbol>A01C11/025</classification-symbol><class-title date-revised="2013-01-01"><title-part><CPC-specific-text><text>Transplanting machines using seedling trays; Devices for removing the seedlings from the trays</text></CPC-specific-text></title-part></class-title></classification-item></classification-item>
<classification-item breakdown-code="false" not-allocatable="false" level="8" additional-only="false" sort-key="A01C11/04" definition-exists="false" ipc-concordant="A01C11/04" c-set-base-allowed="false" c-set-subsequent-allowed="true" date-revised="2013-01-01" status="published"><classification-symbol>A01C11/04</classification-symbol><class-title date-revised="2013-01-01"><title-part><text>for deeper setting or shifting of plants</text></title-part></class-title></classification-item></classification-item>
<classification-item breakdown-code="false" not-allocatable="false" level="7" additional-only="false" sort-key="A01C13/00" definition-exists="false" ipc-concordant="A01C13/00" c-set-base-allowed="false" c-set-subsequent-allowed="true" date-revised="2013-01-01" status="published"><classification-symbol>A01C13/00</classification-symbol><class-title date-revised="2013-01-01"><title-part><text>Machines or apparatus for consolidating soil around plants</text></title-part></class-title></classification-item>
<classification-item breakdown-code="false" not-allocatable="false" level="7" additional-only="false" sort-key="A01C14/00" definition-exists="false" ipc-concordant="A01C14/00" c-set-base-allowed="false" c-set-subsequent-allowed="true" date-revised="2013-01-01" status="published"><classification-symbol>A01C14/00</classification-symbol><class-title date-revised="2013-01-01"><title-part><text>Methods or apparatus for planting not provided for in other groups of this subclass</text></title-part></class-title></classification-item>
<classification-item breakdown-code="false" not-allocatable="false" level="7" additional-only="false" sort-key="A01C15/00" definition-exists="true" ipc-concordant="A01C15/00" c-set-base-allowed="false" c-set-subsequent-allowed="true" date-revised="2022-01-01" status="published"><classification-symbol>A01C15/00</classification-symbol><class-title date-revised="2022-01-01"><title-part><text>Fertiliser distributors </text><reference><CPC-specific-text><text>combined with seeders</text></CPC-specific-text><text> <class-ref scheme="cpc">A01C7/06</class-ref></text></reference></title-part></class-title>
<classification-item breakdown-code="false" not-allocatable="false" level="8" additional-only="false" sort-key="A01C15/001" definition-exists="false" ipc-concordant="A01C15/00" c-set-base-allowed="false" c-set-subsequent-allowed="true" date-revised="2013-01-01" status="published"><classification-symbol>A01C15/001</classification-symbol><class-title date-revised="2013-01-01"><title-part><CPC-specific-text><text>with slowly turning wheels</text></CPC-specific-text></title-part></class-title></classification-item>
<classification-item breakdown-code="false" not-allocatable="false" level="8" additional-only="false" sort-key="A01C15/002" definition-exists="false" ipc-concordant="A01C15/00" c-set-base-allowed="false" c-set-subsequent-allowed="true" date-revised="2013-01-01" status="published"><classification-symbol>A01C15/002</classification-symbol><class-title date-revised="2013-01-01"><title-part><CPC-specific-text><text>with oscillating distributing spouts</text></CPC-specific-text></title-part></class-title></classification-item>
<classification-item breakdown-code="false" not-allocatable="false" level="8" additional-only="false" sort-key="A01C15/003" definition-exists="false" ipc-concordant="A01C15/00" c-set-base-allowed="false" c-set-subsequent-allowed="true" date-revised="2013-01-01" status="published"><classification-symbol>A01C15/003</classification-symbol><class-title date-revised="2013-01-01"><title-part><CPC-specific-text><text>Bulk fertiliser or grain handling in the field or on the farm</text></CPC-specific-text></title-part></class-title></classification-item>
<classification-item breakdown-code="false" not-allocatable="false" level="8" additional-only="false" sort-key="A01C15/005" definition-exists="false" ipc-concordant="A01C15/00" c-set-base-allowed="false" c-set-subsequent-allowed="true" date-revised="2013-01-01" status="published"><classification-symbol>A01C15/005</classification-symbol><class-title date-revised="2013-01-01"><title-part><CPC-specific-text><text>Undercarriages, tanks, hoppers, stirrers specially adapted for seeders or fertiliser distributors</text></CPC-specific-text></title-part></class-title>
<classification-item breakdown-code="false" not-allocatable="false" level="9" additional-only="false" sort-key="A01C15/006" definition-exists="true" ipc-concordant="A01C15/00" c-set-base-allowed="false" c-set-subsequent-allowed="true" date-revised="2013-01-01" status="published"><classification-symbol>A01C15/006</classification-symbol><class-title date-revised="2013-01-01"><title-part><CPC-specific-text><text>Hoppers</text></CPC-specific-text></title-part></class-title>
<classification-item breakdown-code="false" not-allocatable="false" level="10" additional-only="false" sort-key="A01C15/007" definition-exists="false" ipc-concordant="A01C15/00" c-set-base-allowed="false" c-set-subsequent-allowed="true" date-revised="2013-01-01" status="published"><classification-symbol>A01C15/007</classification-symbol><class-title date-revised="2013-01-01"><title-part><CPC-specific-text><text>with agitators in the hopper</text></CPC-specific-text></title-part></class-title></classification-item></classification-item>
<classification-item breakdown-code="false" not-allocatable="false" level="9" additional-only="false" sort-key="A01C15/008" definition-exists="false" ipc-concordant="A01C15/00" c-set-base-allowed="false" c-set-subsequent-allowed="true" date-revised="2013-01-01" status="published"><classification-symbol>A01C15/008</classification-symbol><class-title date-revised="2013-01-01"><title-part><CPC-specific-text><text>Aprons; Deflecting plates; Band-spreading attachments</text></CPC-specific-text></title-part></class-title></classification-item></classification-item>
<classification-item breakdown-code="false" not-allocatable="false" level="8" additional-only="false" sort-key="A01C15/02" definition-exists="true" ipc-concordant="A01C15/02" c-set-base-allowed="false" c-set-subsequent-allowed="true" date-revised="2022-01-01" status="published"><classification-symbol>A01C15/02</classification-symbol><class-title date-revised="2022-01-01"><title-part><text>for hand use</text></title-part></class-title></classification-item>
<classification-item breakdown-code="false" not-allocatable="false" level="8" additional-only="false" sort-key="A01C15/04" definition-exists="true" ipc-concordant="A01C15/04" c-set-base-allowed="false" c-set-subsequent-allowed="true" date-revised="2013-01-01" status="published"><classification-symbol>A01C15/04</classification-symbol><class-title date-revised="2013-01-01"><title-part><text>using blowers</text></title-part></class-title></classification-item>
<classification-item breakdown-code="false" not-allocatable="false" level="8" additional-only="false" sort-key="A01C15/06" definition-exists="false" ipc-concordant="A01C15/06" c-set-base-allowed="false" c-set-subsequent-allowed="true" date-revised="2022-01-01" status="published"><classification-symbol>A01C15/06</classification-symbol><class-title date-revised="2022-01-01"><title-part><text>with distributing slots </text><CPC-specific-text><text>, e.g. adjustable openings for dosing</text></CPC-specific-text></title-part></class-title>
<classification-item breakdown-code="false" not-allocatable="false" level="9" additional-only="false" sort-key="A01C15/08" definition-exists="false" ipc-concordant="A01C15/08" c-set-base-allowed="false" c-set-subsequent-allowed="true" date-revised="2013-01-01" status="published"><classification-symbol>A01C15/08</classification-symbol><class-title date-revised="2013-01-01"><title-part><text>with pushers or stirrers in the slots</text></title-part></class-title>
<classification-item breakdown-code="false" not-allocatable="false" level="10" additional-only="false" sort-key="A01C15/10" definition-exists="true" ipc-concordant="A01C15/10" c-set-base-allowed="false" c-set-subsequent-allowed="true" date-revised="2022-01-01" status="published"><classification-symbol>A01C15/10</classification-symbol><class-title date-revised="2022-01-01"><title-part><text>with reciprocating pushers </text><CPC-specific-text><text>or stirrers in front of the slots</text></CPC-specific-text></title-part></class-title></classification-item></classification-item></classification-item>
<classification-item breakdown-code="false" not-allocatable="false" level="8" additional-only="false" sort-key="A01C15/12" definition-exists="false" ipc-concordant="A01C15/12" c-set-base-allowed="false" c-set-subsequent-allowed="true" date-revised="2013-01-01" status="published"><classification-symbol>A01C15/12</classification-symbol><class-title date-revised="2013-01-01"><title-part><text>with movable parts of the receptacle</text></title-part></class-title>
<classification-item breakdown-code="false" not-allocatable="false" level="9" additional-only="false" sort-key="A01C15/122" definition-exists="true" ipc-concordant="A01C15/12" c-set-base-allowed="false" c-set-subsequent-allowed="true" date-revised="2022-01-01" status="published"><classification-symbol>A01C15/122</classification-symbol><class-title date-revised="2022-01-01"><title-part><CPC-specific-text><text>with moving floor parts</text></CPC-specific-text></title-part></class-title></classification-item>
<classification-item breakdown-code="false" not-allocatable="false" level="9" additional-only="false" sort-key="A01C15/124" definition-exists="false" ipc-concordant="A01C15/12" c-set-base-allowed="false" c-set-subsequent-allowed="true" date-revised="2013-01-01" status="published"><classification-symbol>A01C15/124</classification-symbol><class-title date-revised="2013-01-01"><title-part><CPC-specific-text><text>with adjustable shutters or slits</text></CPC-specific-text></title-part></class-title>
<classification-item breakdown-code="false" not-allocatable="false" level="10" additional-only="false" sort-key="A01C15/126" definition-exists="false" ipc-concordant="A01C15/12" c-set-base-allowed="false" c-set-subsequent-allowed="true" date-revised="2013-01-01" status="published"><classification-symbol>A01C15/126</classification-symbol><class-title date-revised="2013-01-01"><title-part><CPC-specific-text><text>with pushers or stirrers in the slits</text></CPC-specific-text></title-part></class-title></classification-item>
<classification-item breakdown-code="false" not-allocatable="false" level="10" additional-only="false" sort-key="A01C15/128" definition-exists="true" ipc-concordant="A01C15/12" c-set-base-allowed="false" c-set-subsequent-allowed="true" date-revised="2013-01-01" status="published"><classification-symbol>A01C15/128</classification-symbol><class-title date-revised="2013-01-01"><title-part><CPC-specific-text><text>with pushers or stirrers in front of the slits </text><reference><text>with endless chains <class-ref scheme="cpc">A01C15/18</class-ref></text></reference></CPC-specific-text></title-part></class-title></classification-item></classification-item></classification-item>
<classification-item breakdown-code="false" not-allocatable="false" level="8" additional-only="false" sort-key="A01C15/14" definition-exists="true" ipc-concordant="A01C15/14" c-set-base-allowed="false" c-set-subsequent-allowed="true" date-revised="2022-01-01" status="published"><classification-symbol>A01C15/14</classification-symbol><class-title date-revised="2022-01-01"><title-part><text>with means for lifting out the fertiliser</text></title-part></class-title></classification-item>
<classification-item breakdown-code="false" not-allocatable="false" level="8" additional-only="false" sort-key="A01C15/16" definition-exists="false" ipc-concordant="A01C15/16" c-set-base-allowed="false" c-set-subsequent-allowed="true" date-revised="2013-01-01" status="published"><classification-symbol>A01C15/16</classification-symbol><class-title date-revised="2013-01-01"><title-part><text>with means for pushing out the fertiliser, e.g. by a roller</text></title-part></class-title></classification-item>
<classification-item breakdown-code="false" not-allocatable="false" level="8" additional-only="false" sort-key="A01C15/18" definition-exists="false" ipc-concordant="A01C15/18" c-set-base-allowed="false" c-set-subsequent-allowed="true" date-revised="2017-08-01" status="published"><classification-symbol>A01C15/18</classification-symbol><class-title date-revised="2017-08-01"><title-part><text>with endless chains </text><CPC-specific-text><text>, i.e. side transporting elements, e.g. auger or screw conveyors, swash plates</text></CPC-specific-text></title-part></class-title></classification-item></classification-item>
<classification-item breakdown-code="false" not-allocatable="false" level="7" additional-only="false" sort-key="A01C17/00" definition-exists="true" ipc-concordant="A01C17/00" c-set-base-allowed="false" c-set-subsequent-allowed="true" date-revised="2023-05-01" status="published"><classification-symbol>A01C17/00</classification-symbol><class-title date-revised="2022-01-01"><title-part><text>Fertilisers or seeders with centrifugal wheels</text></title-part></class-title><notes-and-warnings><note type="warning"><note-paragraph warning-type="reclass-destination">Groups <class-ref scheme="cpc">A01C17/00</class-ref> - <class-ref scheme="cpc">A01C17/008</class-ref> are incomplete pending reclassification of documents from group <class-ref scheme="cpc">A01C7/166</class-ref>.<br/>All groups listed in this Warning should be considered in order to perform a complete search.</note-paragraph></note></notes-and-warnings>
<classification-item breakdown-code="false" not-allocatable="false" level="8" additional-only="false" sort-key="A01C17/001" definition-exists="false" ipc-concordant="A01C17/00" c-set-base-allowed="false" c-set-subsequent-allowed="true" date-revised="2013-01-01" status="published"><classification-symbol>A01C17/001</classification-symbol><class-title date-revised="2013-01-01"><title-part><CPC-specific-text><text>Centrifugal throwing devices with a vertical axis</text></CPC-specific-text></title-part></class-title></classification-item>
<classification-item breakdown-code="false" not-allocatable="false" level="8" additional-only="false" sort-key="A01C17/003" definition-exists="false" ipc-concordant="A01C17/00" c-set-base-allowed="false" c-set-subsequent-allowed="true" date-revised="2013-01-01" status="published"><classification-symbol>A01C17/003</classification-symbol><class-title date-revised="2013-01-01"><title-part><CPC-specific-text><text>Centrifugal throwing devices with a horizontal axis</text></CPC-specific-text></title-part></class-title></classification-item>
<classification-item breakdown-code="false" not-allocatable="false" level="8" additional-only="false" sort-key="A01C17/005" definition-exists="false" ipc-concordant="A01C17/00" c-set-base-allowed="false" c-set-subsequent-allowed="true" date-revised="2013-01-01" status="published"><classification-symbol>A01C17/005</classification-symbol><class-title date-revised="2013-01-01"><title-part><CPC-specific-text><text>Driving mechanisms for the throwing devices</text></CPC-specific-text></title-part></class-title></classification-item>
<classification-item breakdown-code="false" not-allocatable="false" level="8" additional-only="false" sort-key="A01C17/006" definition-exists="true" ipc-concordant="A01C17/00" c-set-base-allowed="false" c-set-subsequent-allowed="true" date-revised="2013-01-01" status="published"><classification-symbol>A01C17/006</classification-symbol><class-title date-revised="2013-01-01"><title-part><CPC-specific-text><text>Regulating or dosing devices</text></CPC-specific-text></title-part></class-title>
<classification-item breakdown-code="false" not-allocatable="false" level="9" additional-only="false" sort-key="A01C17/008" definition-exists="true" ipc-concordant="A01C17/00" c-set-base-allowed="false" c-set-subsequent-allowed="true" date-revised="2013-01-01" status="published"><classification-symbol>A01C17/008</classification-symbol><class-title date-revised="2013-01-01"><title-part><CPC-specific-text><text>Devices controlling the quantity or the distribution pattern</text></CPC-specific-text></title-part></class-title></classification-item></classification-item></classification-item>
<classification-item breakdown-code="false" not-allocatable="false" level="7" additional-only="false" sort-key="A01C19/00" definition-exists="true" ipc-concordant="A01C19/00" c-set-base-allowed="false" c-set-subsequent-allowed="true" date-revised="2013-01-01" status="published"><classification-symbol>A01C19/00</classification-symbol><class-title date-revised="2013-01-01"><title-part><text>Arrangements for driving working parts of fertilisers or seeders </text><CPC-specific-text><reference><text><class-ref scheme="cpc">A01C17/005</class-ref> takes precedence</text></reference></CPC-specific-text></title-part></class-title>
<classification-item breakdown-code="false" not-allocatable="false" level="8" additional-only="false" sort-key="A01C19/02" definition-exists="false" ipc-concordant="A01C19/02" c-set-base-allowed="false" c-set-subsequent-allowed="true" date-revised="2013-01-01" status="published"><classification-symbol>A01C19/02</classification-symbol><class-title date-revised="2013-01-01"><title-part><text>by a motor</text></title-part></class-title></classification-item>
<classification-item breakdown-code="false" not-allocatable="false" level="8" additional-only="false" sort-key="A01C19/04" definition-exists="true" ipc-concordant="A01C19/04" c-set-base-allowed="false" c-set-subsequent-allowed="true" date-revised="2013-01-01" status="published"><classification-symbol>A01C19/04</classification-symbol><class-title date-revised="2013-01-01"><title-part><text>by a ground-engaging wheel</text></title-part></class-title>
<classification-item breakdown-code="false" not-allocatable="false" level="9" additional-only="false" sort-key="A01C19/045" definition-exists="false" ipc-concordant="A01C19/04" c-set-base-allowed="false" c-set-subsequent-allowed="true" date-revised="2013-01-01" status="published"><classification-symbol>A01C19/045</classification-symbol><class-title date-revised="2013-01-01"><title-part><CPC-specific-text><text>the drive coupling being controlled by lifting or lowering of the seeding tools</text></CPC-specific-text></title-part></class-title></classification-item></classification-item></classification-item>
<classification-item breakdown-code="false" not-allocatable="false" level="7" additional-only="false" sort-key="A01C21/00" definition-exists="true" ipc-concordant="A01C21/00" c-set-base-allowed="false" c-set-subsequent-allowed="true" date-revised="2022-01-01" status="published"><classification-symbol>A01C21/00</classification-symbol><class-title date-revised="2022-01-01"><title-part><text>Methods of fertilising </text><CPC-specific-text><text>, sowing or planting</text></CPC-specific-text></title-part></class-title>
<classification-item breakdown-code="false" not-allocatable="false" level="8" additional-only="false" sort-key="A01C21/002" definition-exists="false" ipc-concordant="A01C21/00" c-set-base-allowed="false" c-set-subsequent-allowed="true" date-revised="2013-01-01" status="published"><classification-symbol>A01C21/002</classification-symbol><class-title date-revised="2013-01-01"><title-part><CPC-specific-text><text>Apparatus for sowing fertiliser; Fertiliser drill</text></CPC-specific-text></title-part></class-title></classification-item>
<classification-item breakdown-code="false" not-allocatable="false" level="8" additional-only="false" sort-key="A01C21/005" definition-exists="false" ipc-concordant="A01C21/00" c-set-base-allowed="false" c-set-subsequent-allowed="true" date-revised="2022-01-01" status="published"><classification-symbol>A01C21/005</classification-symbol><class-title date-revised="2022-01-01"><title-part><CPC-specific-text><text>Following a specific plan, e.g. pattern</text></CPC-specific-text></title-part></class-title></classification-item>
<classification-item breakdown-code="false" not-allocatable="false" level="8" additional-only="false" sort-key="A01C21/007" definition-exists="false" ipc-concordant="A01C21/00" c-set-base-allowed="false" c-set-subsequent-allowed="true" date-revised="2013-01-01" status="published"><classification-symbol>A01C21/007</classification-symbol><class-title date-revised="2013-01-01"><title-part><CPC-specific-text><text>Determining fertilization requirements</text></CPC-specific-text></title-part></class-title></classification-item></classification-item>
<classification-item breakdown-code="false" not-allocatable="false" level="7" additional-only="false" sort-key="A01C23/00" definition-exists="true" ipc-concordant="A01C23/00" c-set-base-allowed="false" c-set-subsequent-allowed="true" date-revised="2022-01-01" status="published"><classification-symbol>A01C23/00</classification-symbol><class-title date-revised="2022-01-01"><title-part><text>Distributing devices specially adapted for liquid manure or other fertilising liquid, including ammonia, e.g. transport tanks or sprinkling wagons</text></title-part></class-title>
<classification-item breakdown-code="false" not-allocatable="false" level="8" additional-only="false" sort-key="A01C23/001" definition-exists="false" ipc-concordant="A01C23/00" c-set-base-allowed="false" c-set-subsequent-allowed="true" date-revised="2013-01-01" status="published"><classification-symbol>A01C23/001</classification-symbol><class-title date-revised="2013-01-01"><title-part><CPC-specific-text><text>Sludge spreaders, e.g. liquid manure spreaders</text></CPC-specific-text></title-part></class-title>
<classification-item breakdown-code="false" not-allocatable="false" level="9" additional-only="false" sort-key="A01C23/002" definition-exists="false" ipc-concordant="A01C23/00" c-set-base-allowed="false" c-set-subsequent-allowed="true" date-revised="2013-01-01" status="published"><classification-symbol>A01C23/002</classification-symbol><class-title date-revised="2013-01-01"><title-part><CPC-specific-text><text>provided with auxiliary arrangements, e.g. pumps, agitators, cutters</text></CPC-specific-text></title-part></class-title></classification-item>
<classification-item breakdown-code="false" not-allocatable="false" level="9" additional-only="false" sort-key="A01C23/003" definition-exists="false" ipc-concordant="A01C23/00" c-set-base-allowed="false" c-set-subsequent-allowed="true" date-revised="2013-01-01" status="published"><classification-symbol>A01C23/003</classification-symbol><class-title date-revised="2013-01-01"><title-part><CPC-specific-text><text>Distributing devices, e.g. for rotating, throwing</text></CPC-specific-text></title-part></class-title>
<classification-item breakdown-code="false" not-allocatable="false" level="10" additional-only="false" sort-key="A01C23/005" definition-exists="false" ipc-concordant="A01C23/00" c-set-base-allowed="false" c-set-subsequent-allowed="true" date-revised="2013-01-01" status="published"><classification-symbol>A01C23/005</classification-symbol><class-title date-revised="2013-01-01"><title-part><CPC-specific-text><text>Nozzles, valves, splash plates</text></CPC-specific-text></title-part></class-title></classification-item></classification-item></classification-item>
<classification-item breakdown-code="false" not-allocatable="false" level="8" additional-only="false" sort-key="A01C23/006" definition-exists="true" ipc-concordant="A01C23/00" c-set-base-allowed="false" c-set-subsequent-allowed="true" date-revised="2022-01-01" status="published"><classification-symbol>A01C23/006</classification-symbol><class-title date-revised="2022-01-01"><title-part><CPC-specific-text><text>Distribution of liquid fertilisers by gravity flow</text></CPC-specific-text></title-part></class-title></classification-item>
<classification-item breakdown-code="false" not-allocatable="false" level="8" additional-only="false" sort-key="A01C23/007" definition-exists="false" ipc-concordant="A01C23/00" c-set-base-allowed="false" c-set-subsequent-allowed="true" date-revised="2013-01-01" status="published"><classification-symbol>A01C23/007</classification-symbol><class-title date-revised="2013-01-01"><title-part><CPC-specific-text><text>Metering or regulating systems</text></CPC-specific-text></title-part></class-title></classification-item>
<classification-item breakdown-code="false" not-allocatable="false" level="8" additional-only="false" sort-key="A01C23/008" definition-exists="false" ipc-concordant="A01C23/00" c-set-base-allowed="false" c-set-subsequent-allowed="true" date-revised="2013-01-01" status="published"><classification-symbol>A01C23/008</classification-symbol><class-title date-revised="2013-01-01"><title-part><CPC-specific-text><text>Tanks, chassis or related parts</text></CPC-specific-text></title-part></class-title></classification-item>
<classification-item breakdown-code="false" not-allocatable="false" level="8" additional-only="false" sort-key="A01C23/02" definition-exists="false" ipc-concordant="A01C23/02" c-set-base-allowed="false" c-set-subsequent-allowed="true" date-revised="2013-01-01" status="published"><classification-symbol>A01C23/02</classification-symbol><class-title date-revised="2013-01-01"><title-part><text>Special arrangements for delivering the liquid directly into the soil</text></title-part></class-title>
<classification-item breakdown-code="false" not-allocatable="false" level="9" additional-only="false" sort-key="A01C23/021" definition-exists="false" ipc-concordant="A01C23/02" c-set-base-allowed="false" c-set-subsequent-allowed="true" date-revised="2013-01-01" status="published"><classification-symbol>A01C23/021</classification-symbol><class-title date-revised="2013-01-01"><title-part><CPC-specific-text><text>Sludge injectors, i.e. liquid manure injectors</text></CPC-specific-text></title-part></class-title>
<classification-item breakdown-code="false" not-allocatable="false" level="10" additional-only="false" sort-key="A01C23/022" definition-exists="true" ipc-concordant="A01C23/02" c-set-base-allowed="false" c-set-subsequent-allowed="true" date-revised="2022-01-01" status="published"><classification-symbol>A01C23/022</classification-symbol><class-title date-revised="2022-01-01"><title-part><CPC-specific-text><text>Continuous injection tools</text></CPC-specific-text></title-part></class-title></classification-item></classification-item>
<classification-item breakdown-code="false" not-allocatable="false" level="9" additional-only="false" sort-key="A01C23/023" definition-exists="false" ipc-concordant="A01C23/02" c-set-base-allowed="false" c-set-subsequent-allowed="true" date-revised="2013-01-01" status="published"><classification-symbol>A01C23/023</classification-symbol><class-title date-revised="2013-01-01"><title-part><CPC-specific-text><text>for liquid or gas fertilisers</text></CPC-specific-text></title-part></class-title>
<classification-item breakdown-code="false" not-allocatable="false" level="10" additional-only="false" sort-key="A01C23/024" definition-exists="false" ipc-concordant="A01C23/02" c-set-base-allowed="false" c-set-subsequent-allowed="true" date-revised="2013-01-01" status="published"><classification-symbol>A01C23/024</classification-symbol><class-title date-revised="2013-01-01"><title-part><CPC-specific-text><text>for ammonia</text></CPC-specific-text></title-part></class-title></classification-item>
<classification-item breakdown-code="false" not-allocatable="false" level="10" additional-only="false" sort-key="A01C23/025" definition-exists="false" ipc-concordant="A01C23/02" c-set-base-allowed="false" c-set-subsequent-allowed="true" date-revised="2013-01-01" status="published"><classification-symbol>A01C23/025</classification-symbol><class-title date-revised="2013-01-01"><title-part><CPC-specific-text><text>Continuous injection tools</text></CPC-specific-text></title-part></class-title></classification-item>
<classification-item breakdown-code="false" not-allocatable="false" level="10" additional-only="false" sort-key="A01C23/026" definition-exists="false" ipc-concordant="A01C23/02" c-set-base-allowed="false" c-set-subsequent-allowed="true" date-revised="2013-01-01" status="published"><classification-symbol>A01C23/026</classification-symbol><class-title date-revised="2013-01-01"><title-part><CPC-specific-text><text>Localised non-continuous injection tools, e.g. pal injectors, spike wheels</text></CPC-specific-text></title-part></class-title></classification-item></classification-item>
<classification-item breakdown-code="false" not-allocatable="false" level="9" additional-only="false" sort-key="A01C23/027" definition-exists="true" ipc-concordant="A01C23/02" c-set-base-allowed="false" c-set-subsequent-allowed="true" date-revised="2022-01-01" status="published"><classification-symbol>A01C23/027</classification-symbol><class-title date-revised="2022-01-01"><title-part><CPC-specific-text><text>Other methods for delivering fertiliser into the soil</text></CPC-specific-text></title-part></class-title>
<classification-item breakdown-code="false" not-allocatable="false" level="10" additional-only="false" sort-key="A01C23/028" definition-exists="false" ipc-concordant="A01C23/02" c-set-base-allowed="false" c-set-subsequent-allowed="true" date-revised="2013-01-01" status="published"><classification-symbol>A01C23/028</classification-symbol><class-title date-revised="2013-01-01"><title-part><CPC-specific-text><text>Contactless injection into the soil</text></CPC-specific-text></title-part></class-title></classification-item></classification-item></classification-item>
<classification-item breakdown-code="false" not-allocatable="false" level="8" additional-only="false" sort-key="A01C23/04" definition-exists="false" ipc-concordant="A01C23/04" c-set-base-allowed="false" c-set-subsequent-allowed="true" date-revised="2013-01-01" status="published"><classification-symbol>A01C23/04</classification-symbol><class-title date-revised="2013-01-01"><title-part><text>Distributing under pressure</text></title-part><title-part><text>Distributing mud</text></title-part><title-part><text>Adaptation of watering systems for fertilising-liquids</text></title-part></class-title>
<classification-item breakdown-code="false" not-allocatable="false" level="9" additional-only="false" sort-key="A01C23/042" definition-exists="true" ipc-concordant="A01C23/04" c-set-base-allowed="false" c-set-subsequent-allowed="true" date-revised="2022-01-01" status="published"><classification-symbol>A01C23/042</classification-symbol><class-title date-revised="2022-01-01"><title-part><CPC-specific-text><text>Adding fertiliser to watering systems</text></CPC-specific-text></title-part></class-title></classification-item>
<classification-item breakdown-code="false" not-allocatable="false" level="9" additional-only="false" sort-key="A01C23/045" definition-exists="true" ipc-concordant="A01C23/04" c-set-base-allowed="false" c-set-subsequent-allowed="true" date-revised="2022-01-01" status="published"><classification-symbol>A01C23/045</classification-symbol><class-title date-revised="2022-01-01"><title-part><CPC-specific-text><text>Filling devices for liquid manure or slurry tanks</text></CPC-specific-text></title-part></class-title></classification-item>
<classification-item breakdown-code="false" not-allocatable="false" level="9" additional-only="false" sort-key="A01C23/047" definition-exists="true" ipc-concordant="A01C23/04" c-set-base-allowed="false" c-set-subsequent-allowed="true" date-revised="2022-01-01" status="published"><classification-symbol>A01C23/047</classification-symbol><class-title date-revised="2022-01-01"><title-part><CPC-specific-text><text>Spraying of liquid fertilisers</text></CPC-specific-text></title-part></class-title></classification-item></classification-item></classification-item></classification-item></classification-item></class-scheme>