<?xml version="1.0" encoding="UTF-8"?>
<class-scheme publication-date="2023-08-01" scheme-type="cpc" publication-type="official">
<classification-item breakdown-code="false" not-allocatable="true" level="5" additional-only="false" sort-key="D06Q" definition-exists="true" date-revised="2020-01-01" status="published"><classification-symbol>D06Q</classification-symbol><class-title date-revised="2020-01-01"><title-part><text>DECORATING TEXTILES </text><reference><text>textile threads, filaments, yarns or tow, glued on macromolecular material <class-ref scheme="cpc">D06N7/00</class-ref></text></reference></title-part></class-title><notes-and-warnings date-revised="2013-01-01"><note type="note"><note-paragraph>In this subclass, the following term is used with the meaning indicated: <subnote type="bullet"><note-paragraph>&quot;decorating&quot; means &quot;local treatment&quot; or &quot;local effects produced&quot;  as to change, e.g. optically, the appearance or the properties  of textile materials</note-paragraph></subnote></note-paragraph><note-paragraph>This subclass <u>does not cover</u> treatment of textiles by purely mechanical means, which is covered by subclasses <class-ref scheme="cpc">D06B</class-ref> - <class-ref scheme="cpc">D06J</class-ref>.</note-paragraph></note><note type="warning"><note-paragraph><CPC-specific-note>In this subclass non-limiting references (in the sense of paragraph 39 of the Guide to the IPC) may still be displayed in the scheme.</CPC-specific-note></note-paragraph></note></notes-and-warnings>
<classification-item breakdown-code="false" not-allocatable="true" level="6" additional-only="false" sort-key="D06Q1/00" date-revised="2013-01-01" status="published"><classification-symbol>D06Q1/00</classification-symbol>
<classification-item breakdown-code="false" not-allocatable="false" level="7" additional-only="false" sort-key="D06Q1/00" definition-exists="true" ipc-concordant="D06Q1/00" c-set-base-allowed="false" c-set-subsequent-allowed="true" date-revised="2020-01-01" status="published"><classification-symbol>D06Q1/00</classification-symbol><class-title date-revised="2020-01-01"><title-part><text>Decorating textiles</text></title-part></class-title>
<classification-item breakdown-code="false" not-allocatable="false" level="8" additional-only="false" sort-key="D06Q1/005" definition-exists="false" ipc-concordant="D06Q1/00" c-set-base-allowed="false" c-set-subsequent-allowed="true" date-revised="2013-01-01" status="published"><classification-symbol>D06Q1/005</classification-symbol><class-title date-revised="2013-01-01"><title-part><CPC-specific-text><text>Producing embroidered textiles by chemical means; Transferring embroidered products to textiles </text><reference><text>embroidered products <class-ref scheme="cpc">D05C17/00</class-ref></text></reference></CPC-specific-text></title-part></class-title></classification-item>
<classification-item breakdown-code="false" not-allocatable="false" level="8" additional-only="false" sort-key="D06Q1/02" definition-exists="true" ipc-concordant="D06Q1/02" c-set-base-allowed="false" c-set-subsequent-allowed="true" date-revised="2013-01-01" status="published"><classification-symbol>D06Q1/02</classification-symbol><class-title date-revised="2013-01-01"><title-part><text>Producing patterns by locally destroying or modifying the fibres of a web by chemical actions, e.g. making translucent</text></title-part></class-title></classification-item>
<classification-item breakdown-code="false" not-allocatable="false" level="8" additional-only="false" sort-key="D06Q1/04" definition-exists="true" ipc-concordant="D06Q1/04" c-set-base-allowed="false" c-set-subsequent-allowed="true" date-revised="2013-01-01" status="published"><classification-symbol>D06Q1/04</classification-symbol><class-title date-revised="2013-01-01"><title-part><text>by metallising </text><reference><text>transfer of metal particles <class-ref scheme="cpc">D06Q1/12</class-ref></text></reference></title-part></class-title></classification-item>
<classification-item breakdown-code="false" not-allocatable="false" level="8" additional-only="false" sort-key="D06Q1/06" definition-exists="true" ipc-concordant="D06Q1/06" c-set-base-allowed="false" c-set-subsequent-allowed="true" date-revised="2013-01-01" status="published"><classification-symbol>D06Q1/06</classification-symbol><class-title date-revised="2013-01-01"><title-part><text>by local treatment of pile fabrics with chemical means</text></title-part></class-title></classification-item>
<classification-item breakdown-code="false" not-allocatable="false" level="8" additional-only="false" sort-key="D06Q1/08" definition-exists="true" ipc-concordant="D06Q1/08" c-set-base-allowed="false" c-set-subsequent-allowed="true" date-revised="2013-01-01" status="published"><classification-symbol>D06Q1/08</classification-symbol><class-title date-revised="2013-01-01"><title-part><text>by fixation of mechanical effects, e.g. calendering, embossing or Chintz effects, using chemical means</text></title-part></class-title></classification-item>
<classification-item breakdown-code="false" not-allocatable="false" level="8" additional-only="false" sort-key="D06Q1/10" definition-exists="true" ipc-concordant="D06Q1/10" c-set-base-allowed="false" c-set-subsequent-allowed="true" date-revised="2013-01-01" status="published"><classification-symbol>D06Q1/10</classification-symbol><class-title date-revised="2013-01-01"><title-part><text>by treatment with, or fixation of, a particulate material, e.g. mica, glass beads </text><reference><text>by metallising <class-ref scheme="cpc">D06Q1/04</class-ref>; by transferring <class-ref scheme="cpc">D06Q1/12</class-ref></text></reference></title-part></class-title></classification-item>
<classification-item breakdown-code="false" not-allocatable="false" level="8" additional-only="false" sort-key="D06Q1/12" definition-exists="true" ipc-concordant="D06Q1/12" c-set-base-allowed="false" c-set-subsequent-allowed="true" date-revised="2013-01-01" status="published"><classification-symbol>D06Q1/12</classification-symbol><class-title date-revised="2013-01-01"><title-part><text>by transferring a chemical agent or a metallic or non-metallic material in particulate or other form, from a solid temporary carrier to the textile </text><CPC-specific-text><reference><text>for uniform treatment <class-ref scheme="cpc">D06M23/02</class-ref></text></reference></CPC-specific-text></title-part></class-title>
<classification-item breakdown-code="false" not-allocatable="false" level="9" additional-only="false" sort-key="D06Q1/14" definition-exists="true" ipc-concordant="D06Q1/14" c-set-base-allowed="false" c-set-subsequent-allowed="true" date-revised="2013-01-01" status="published"><classification-symbol>D06Q1/14</classification-symbol><class-title date-revised="2013-01-01"><title-part><text>by transferring fibres, or adhesives for fibres, to the textile</text></title-part></class-title></classification-item></classification-item></classification-item></classification-item></classification-item></class-scheme>