<?xml version="1.0" encoding="UTF-8"?>
<class-scheme publication-date="2023-08-01" scheme-type="cpc" publication-type="official">
<classification-item breakdown-code="false" not-allocatable="true" level="5" additional-only="false" sort-key="A01P" definition-exists="true" date-revised="2021-08-01" status="published"><classification-symbol>A01P</classification-symbol><class-title date-revised="2021-08-01"><title-part><text>BIOCIDAL, PEST REPELLANT, PEST ATTRACTANT OR PLANT GROWTH REGULATORY ACTIVITY OF CHEMICAL COMPOUNDS OR PREPARATIONS</text></title-part></class-title><notes-and-warnings><note type="note"><note-paragraph>This subclass <u>covers</u> biocidal, pest repellant, pest attractant or plant growth regulatory activity of chemical compounds or preparations already classified as such in subclasses <class-ref scheme="cpc">A01N</class-ref> or <class-ref scheme="cpc">C12N</class-ref>, or in classes <class-ref scheme="cpc">C01</class-ref>, <class-ref scheme="cpc">C07</class-ref>&#160;or <class-ref scheme="cpc">C08</class-ref>.</note-paragraph><note-paragraph>Attention is drawn to the notes following the title of subclass <class-ref scheme="cpc">A01N</class-ref>, which are also applicable to this subclass.</note-paragraph><note-paragraph>In this subclass, activity is classified in all appropriate places.</note-paragraph><note-paragraph>Attention is drawn to cases where the subject of the invention concerns only biocidal, pest repellant, pest attractant or plant growth regulatory activity of chemical compounds or preparations, and the chemical structure, compound, mixture or composition of this subject of the invention is known. In such cases, classification is made in both subclass <class-ref scheme="cpc">A01N</class-ref> and subclass <class-ref scheme="cpc">A01P</class-ref>&#160;as invention information. In addition, if the chemical structure, compound, mixture or composition or any individual ingredient of a mixture or composition is considered to represent information of interest for search, it may also be classified as additional information.</note-paragraph><note-paragraph>The classification symbols of this subclass are not listed first when assigned to patent documents.</note-paragraph></note></notes-and-warnings>
<classification-item breakdown-code="false" not-allocatable="true" level="6" additional-only="false" sort-key="A01P1/00" date-revised="2021-08-01" status="published"><classification-symbol>A01P1/00</classification-symbol>
<classification-item breakdown-code="false" not-allocatable="false" level="7" additional-only="false" sort-key="A01P1/00" definition-exists="true" ipc-concordant="A01P1/00" c-set-base-allowed="false" c-set-subsequent-allowed="true" date-revised="2021-08-01" status="published"><classification-symbol>A01P1/00</classification-symbol><class-title date-revised="2021-08-01"><title-part><text>Disinfectants</text></title-part><title-part><text>Antimicrobial compounds or mixtures thereof</text></title-part></class-title></classification-item>
<classification-item breakdown-code="false" not-allocatable="false" level="7" additional-only="false" sort-key="A01P3/00" definition-exists="true" ipc-concordant="A01P3/00" c-set-base-allowed="false" c-set-subsequent-allowed="true" date-revised="2021-08-01" status="published"><classification-symbol>A01P3/00</classification-symbol><class-title date-revised="2021-08-01"><title-part><text>Fungicides</text></title-part></class-title></classification-item>
<classification-item breakdown-code="false" not-allocatable="false" level="7" additional-only="false" sort-key="A01P5/00" definition-exists="true" ipc-concordant="A01P5/00" c-set-base-allowed="false" c-set-subsequent-allowed="true" date-revised="2021-08-01" status="published"><classification-symbol>A01P5/00</classification-symbol><class-title date-revised="2021-08-01"><title-part><text>Nematocides</text></title-part></class-title></classification-item>
<classification-item breakdown-code="false" not-allocatable="false" level="7" additional-only="false" sort-key="A01P7/00" definition-exists="true" ipc-concordant="A01P7/00" c-set-base-allowed="false" c-set-subsequent-allowed="true" date-revised="2021-08-01" status="published"><classification-symbol>A01P7/00</classification-symbol><class-title date-revised="2021-08-01"><title-part><text>Arthropodicides</text></title-part></class-title>
<classification-item breakdown-code="false" not-allocatable="false" level="8" additional-only="false" sort-key="A01P7/02" definition-exists="true" ipc-concordant="A01P7/02" c-set-base-allowed="false" c-set-subsequent-allowed="true" date-revised="2021-08-01" status="published"><classification-symbol>A01P7/02</classification-symbol><class-title date-revised="2021-08-01"><title-part><text>Acaricides</text></title-part></class-title></classification-item>
<classification-item breakdown-code="false" not-allocatable="false" level="8" additional-only="false" sort-key="A01P7/04" definition-exists="true" ipc-concordant="A01P7/04" c-set-base-allowed="false" c-set-subsequent-allowed="true" date-revised="2021-08-01" status="published"><classification-symbol>A01P7/04</classification-symbol><class-title date-revised="2021-08-01"><title-part><text>Insecticides</text></title-part></class-title></classification-item></classification-item>
<classification-item breakdown-code="false" not-allocatable="false" level="7" additional-only="false" sort-key="A01P9/00" definition-exists="true" ipc-concordant="A01P9/00" c-set-base-allowed="false" c-set-subsequent-allowed="true" date-revised="2021-08-01" status="published"><classification-symbol>A01P9/00</classification-symbol><class-title date-revised="2021-08-01"><title-part><text>Molluscicides</text></title-part></class-title></classification-item>
<classification-item breakdown-code="false" not-allocatable="false" level="7" additional-only="false" sort-key="A01P11/00" definition-exists="true" ipc-concordant="A01P11/00" c-set-base-allowed="false" c-set-subsequent-allowed="true" date-revised="2021-08-01" status="published"><classification-symbol>A01P11/00</classification-symbol><class-title date-revised="2021-08-01"><title-part><text>Rodenticides</text></title-part></class-title></classification-item>
<classification-item breakdown-code="false" not-allocatable="false" level="7" additional-only="false" sort-key="A01P13/00" definition-exists="true" ipc-concordant="A01P13/00" c-set-base-allowed="false" c-set-subsequent-allowed="true" date-revised="2021-08-01" status="published"><classification-symbol>A01P13/00</classification-symbol><class-title date-revised="2021-08-01"><title-part><text>Herbicides</text></title-part><title-part><text>Algicides</text></title-part></class-title>
<classification-item breakdown-code="false" not-allocatable="false" level="8" additional-only="false" sort-key="A01P13/02" definition-exists="true" ipc-concordant="A01P13/02" c-set-base-allowed="false" c-set-subsequent-allowed="true" date-revised="2021-08-01" status="published"><classification-symbol>A01P13/02</classification-symbol><class-title date-revised="2021-08-01"><title-part><text>selective</text></title-part></class-title></classification-item></classification-item>
<classification-item breakdown-code="false" not-allocatable="false" level="7" additional-only="false" sort-key="A01P15/00" definition-exists="true" ipc-concordant="A01P15/00" c-set-base-allowed="false" c-set-subsequent-allowed="true" date-revised="2021-08-01" status="published"><classification-symbol>A01P15/00</classification-symbol><class-title date-revised="2021-08-01"><title-part><text>Biocides for specific purposes not provided for in groups <class-ref scheme="cpc">A01P1/00</class-ref> - <class-ref scheme="cpc">A01P13/00</class-ref></text></title-part></class-title></classification-item>
<classification-item breakdown-code="false" not-allocatable="false" level="7" additional-only="false" sort-key="A01P17/00" definition-exists="true" ipc-concordant="A01P17/00" c-set-base-allowed="false" c-set-subsequent-allowed="true" date-revised="2021-08-01" status="published"><classification-symbol>A01P17/00</classification-symbol><class-title date-revised="2021-08-01"><title-part><text>Pest repellants</text></title-part></class-title></classification-item>
<classification-item breakdown-code="false" not-allocatable="false" level="7" additional-only="false" sort-key="A01P19/00" definition-exists="true" ipc-concordant="A01P19/00" c-set-base-allowed="false" c-set-subsequent-allowed="true" date-revised="2021-08-01" status="published"><classification-symbol>A01P19/00</classification-symbol><class-title date-revised="2021-08-01"><title-part><text>Pest attractants</text></title-part></class-title></classification-item>
<classification-item breakdown-code="false" not-allocatable="false" level="7" additional-only="false" sort-key="A01P21/00" definition-exists="true" ipc-concordant="A01P21/00" c-set-base-allowed="false" c-set-subsequent-allowed="true" date-revised="2021-08-01" status="published"><classification-symbol>A01P21/00</classification-symbol><class-title date-revised="2021-08-01"><title-part><text>Plant growth regulators</text></title-part></class-title></classification-item>
<classification-item breakdown-code="false" not-allocatable="false" level="7" additional-only="false" sort-key="A01P23/00" definition-exists="true" ipc-concordant="A01P23/00" c-set-base-allowed="false" c-set-subsequent-allowed="true" date-revised="2021-08-01" status="published"><classification-symbol>A01P23/00</classification-symbol><class-title date-revised="2021-08-01"><title-part><text>Chemosterilants</text></title-part></class-title></classification-item></classification-item></classification-item></class-scheme>