<?xml version="1.0" encoding="UTF-8"?>
<class-scheme publication-date="2023-08-01" scheme-type="cpc" publication-type="official">
<classification-item breakdown-code="false" not-allocatable="true" level="5" additional-only="false" sort-key="B33Y" definition-exists="true" date-revised="2021-02-01" status="published"><classification-symbol>B33Y</classification-symbol><class-title><title-part><text>ADDITIVE MANUFACTURING, i.e. MANUFACTURING OF THREE-DIMENSIONAL [3-D] OBJECTS BY ADDITIVE DEPOSITION, ADDITIVE AGGLOMERATION OR ADDITIVE LAYERING, e.g. BY 3-D PRINTING, STEREOLITHOGRAPHY OR SELECTIVE LASER SINTERING</text></title-part></class-title><notes-and-warnings><note type="note"><note-paragraph>This subclass <u>covers</u> additive manufacturing, irrespective of the process or material used.</note-paragraph><note-paragraph>This subclass is intended to enable a comprehensive search of subject matter related to additive manufacturing by combination of classification symbols of this subclass with classification symbols from other subclasses. Therefore this subclass <u>covers</u> aspects of additive manufacturing (e.g. 3D printing) that might also be entirely or partially covered elsewhere in CPC.</note-paragraph><note-paragraph>This subclass is for obligatory supplementary classification of subject matter already classified as such in other classification places, when the subject matter contains an aspect of additive manufacturing.</note-paragraph><note-paragraph>The classification symbols of this subclass are not listed first when assigned to patent documents.</note-paragraph></note></notes-and-warnings>
<classification-item breakdown-code="false" not-allocatable="true" level="6" additional-only="false" sort-key="B33Y10/00" date-revised="2014-12-01" status="published"><classification-symbol>B33Y10/00</classification-symbol>
<classification-item breakdown-code="false" not-allocatable="false" level="7" additional-only="false" sort-key="B33Y10/00" definition-exists="true" ipc-concordant="B33Y10/00" c-set-base-allowed="false" c-set-subsequent-allowed="true" date-revised="2015-01-15" status="published"><classification-symbol>B33Y10/00</classification-symbol><class-title><title-part><text>Processes of additive manufacturing</text></title-part></class-title></classification-item>
<classification-item breakdown-code="false" not-allocatable="false" level="7" additional-only="false" sort-key="B33Y30/00" definition-exists="true" ipc-concordant="B33Y30/00" c-set-base-allowed="false" c-set-subsequent-allowed="true" date-revised="2015-01-15" status="published"><classification-symbol>B33Y30/00</classification-symbol><class-title><title-part><text>Apparatus for additive manufacturing</text></title-part><title-part><text>Details thereof or accessories therefor</text></title-part></class-title></classification-item>
<classification-item breakdown-code="false" not-allocatable="false" level="7" additional-only="false" sort-key="B33Y40/00" definition-exists="true" ipc-concordant="B33Y40/00" c-set-base-allowed="false" c-set-subsequent-allowed="true" date-revised="2023-05-01" status="published"><classification-symbol>B33Y40/00</classification-symbol><class-title><title-part><text>Auxiliary operations or equipment, e.g. for material handling</text></title-part></class-title>
<classification-item breakdown-code="false" not-allocatable="false" level="8" additional-only="false" sort-key="B33Y40/10" definition-exists="false" ipc-concordant="B33Y40/10" c-set-base-allowed="false" c-set-subsequent-allowed="true" date-revised="2023-05-01" status="published"><classification-symbol>B33Y40/10</classification-symbol><class-title date-revised="2020-01-01"><title-part><text>Pre-treatment</text></title-part></class-title></classification-item>
<classification-item breakdown-code="false" not-allocatable="false" level="8" additional-only="false" sort-key="B33Y40/20" definition-exists="false" ipc-concordant="B33Y40/20" c-set-base-allowed="false" c-set-subsequent-allowed="true" date-revised="2023-05-01" status="published"><classification-symbol>B33Y40/20</classification-symbol><class-title date-revised="2020-01-01"><title-part><text>Post-treatment, e.g. curing, coating or polishing</text></title-part></class-title></classification-item></classification-item>
<classification-item breakdown-code="false" not-allocatable="false" level="7" additional-only="false" sort-key="B33Y50/00" definition-exists="true" ipc-concordant="B33Y50/00" c-set-base-allowed="false" c-set-subsequent-allowed="true" date-revised="2015-01-15" status="published"><classification-symbol>B33Y50/00</classification-symbol><class-title><title-part><text>Data acquisition or data processing for additive manufacturing</text></title-part></class-title>
<classification-item breakdown-code="false" not-allocatable="false" level="8" additional-only="false" sort-key="B33Y50/02" definition-exists="true" ipc-concordant="B33Y50/02" c-set-base-allowed="false" c-set-subsequent-allowed="true" date-revised="2015-01-15" status="published"><classification-symbol>B33Y50/02</classification-symbol><class-title><title-part><text>for controlling or regulating additive manufacturing processes</text></title-part></class-title></classification-item></classification-item>
<classification-item breakdown-code="false" not-allocatable="false" level="7" additional-only="false" sort-key="B33Y70/00" definition-exists="true" ipc-concordant="B33Y70/00" c-set-base-allowed="false" c-set-subsequent-allowed="true" date-revised="2023-05-01" status="published"><classification-symbol>B33Y70/00</classification-symbol><class-title><title-part><text>Materials specially adapted for additive manufacturing</text></title-part></class-title>
<classification-item breakdown-code="false" not-allocatable="false" level="8" additional-only="false" sort-key="B33Y70/10" definition-exists="false" ipc-concordant="B33Y70/10" c-set-base-allowed="false" c-set-subsequent-allowed="true" date-revised="2023-05-01" status="published"><classification-symbol>B33Y70/10</classification-symbol><class-title date-revised="2020-01-01"><title-part><text>Composites of different types of material, e.g. mixtures of ceramics and polymers or mixtures of metals and biomaterials</text></title-part></class-title></classification-item></classification-item>
<classification-item breakdown-code="false" not-allocatable="false" level="7" additional-only="false" sort-key="B33Y80/00" definition-exists="true" ipc-concordant="B33Y80/00" c-set-base-allowed="false" c-set-subsequent-allowed="true" date-revised="2015-01-15" status="published"><classification-symbol>B33Y80/00</classification-symbol><class-title><title-part><text>Products made by additive manufacturing</text></title-part></class-title></classification-item>
<classification-item breakdown-code="false" not-allocatable="false" level="7" additional-only="false" sort-key="B33Y99/00" definition-exists="false" ipc-concordant="B33Y99/00" c-set-base-allowed="false" c-set-subsequent-allowed="true" date-revised="2015-01-15" status="published"><classification-symbol>B33Y99/00</classification-symbol><class-title><title-part><text>Subject matter not provided for in other groups of this subclass</text></title-part></class-title></classification-item></classification-item></classification-item></class-scheme>