<?xml version="1.0" encoding="UTF-8"?>
<class-scheme publication-date="2023-08-01" scheme-type="cpc" publication-type="official">
<classification-item breakdown-code="false" not-allocatable="true" level="5" additional-only="false" sort-key="A63G" definition-exists="true" date-revised="2018-08-01" status="published"><classification-symbol>A63G</classification-symbol><class-title date-revised="2013-01-01"><title-part><text>MERRY-GO-ROUNDS</text></title-part><title-part><text>SWINGS</text></title-part><title-part><text>ROCKING-HORSES</text></title-part><title-part><text>CHUTES</text></title-part><title-part><text>SWITCHBACKS</text></title-part><title-part><text>SIMILAR DEVICES FOR PUBLIC AMUSEMENT</text></title-part></class-title><notes-and-warnings><note type="warning"><note-paragraph>In this subclass non-limiting references (in the sense of paragraph 39 of the Guide to the IPC) may still be displayed in the scheme.</note-paragraph></note></notes-and-warnings>
<classification-item breakdown-code="false" not-allocatable="true" level="6" additional-only="false" sort-key="A63G1/00" date-revised="2013-01-01" status="published"><classification-symbol>A63G1/00</classification-symbol><class-title date-revised="2013-01-01"><title-part><text>Merry-go-rounds or roundabouts</text></title-part></class-title>
<classification-item breakdown-code="false" not-allocatable="false" level="7" additional-only="false" sort-key="A63G1/00" definition-exists="false" ipc-concordant="A63G1/00" c-set-base-allowed="false" c-set-subsequent-allowed="true" date-revised="2013-01-01" status="published"><classification-symbol>A63G1/00</classification-symbol><class-title date-revised="2013-01-01"><title-part><text>Roundabouts</text></title-part></class-title>
<classification-item breakdown-code="false" not-allocatable="false" level="8" additional-only="false" sort-key="A63G1/02" definition-exists="false" ipc-concordant="A63G1/02" c-set-base-allowed="false" c-set-subsequent-allowed="true" date-revised="2013-01-01" status="published"><classification-symbol>A63G1/02</classification-symbol><class-title date-revised="2013-01-01"><title-part><text>with masking tunnels</text></title-part></class-title></classification-item>
<classification-item breakdown-code="false" not-allocatable="false" level="8" additional-only="false" sort-key="A63G1/04" definition-exists="false" ipc-concordant="A63G1/04" c-set-base-allowed="false" c-set-subsequent-allowed="true" date-revised="2013-01-01" status="published"><classification-symbol>A63G1/04</classification-symbol><class-title date-revised="2013-01-01"><title-part><text>with toboggans</text></title-part></class-title></classification-item>
<classification-item breakdown-code="false" not-allocatable="false" level="8" additional-only="false" sort-key="A63G1/06" definition-exists="false" ipc-concordant="A63G1/06" c-set-base-allowed="false" c-set-subsequent-allowed="true" date-revised="2013-01-01" status="published"><classification-symbol>A63G1/06</classification-symbol><class-title date-revised="2013-01-01"><title-part><text>with several concentric turntables</text></title-part></class-title></classification-item>
<classification-item breakdown-code="false" not-allocatable="false" level="8" additional-only="false" sort-key="A63G1/08" definition-exists="false" ipc-concordant="A63G1/08" c-set-base-allowed="false" c-set-subsequent-allowed="true" date-revised="2013-01-01" status="published"><classification-symbol>A63G1/08</classification-symbol><class-title date-revised="2013-01-01"><title-part><text>power-driven</text></title-part></class-title>
<classification-item breakdown-code="false" not-allocatable="false" level="9" additional-only="false" sort-key="A63G1/10" definition-exists="false" ipc-concordant="A63G1/10" c-set-base-allowed="false" c-set-subsequent-allowed="true" date-revised="2013-01-01" status="published"><classification-symbol>A63G1/10</classification-symbol><class-title date-revised="2013-01-01"><title-part><text>electrically driven</text></title-part></class-title></classification-item></classification-item>
<classification-item breakdown-code="false" not-allocatable="false" level="8" additional-only="false" sort-key="A63G1/12" definition-exists="true" ipc-concordant="A63G1/12" c-set-base-allowed="false" c-set-subsequent-allowed="true" date-revised="2013-01-01" status="published"><classification-symbol>A63G1/12</classification-symbol><class-title date-revised="2013-01-01"><title-part><text>rotated by the passengers themselves</text></title-part></class-title>
<classification-item breakdown-code="false" not-allocatable="false" level="9" additional-only="false" sort-key="A63G1/14" definition-exists="true" ipc-concordant="A63G1/14" c-set-base-allowed="false" c-set-subsequent-allowed="true" date-revised="2013-01-01" status="published"><classification-symbol>A63G1/14</classification-symbol><class-title date-revised="2013-01-01"><title-part><text>rotated by pushing the feet against a fixed surface or by running</text></title-part></class-title></classification-item>
<classification-item breakdown-code="false" not-allocatable="false" level="9" additional-only="false" sort-key="A63G1/16" definition-exists="true" ipc-concordant="A63G1/16" c-set-base-allowed="false" c-set-subsequent-allowed="true" date-revised="2013-01-01" status="published"><classification-symbol>A63G1/16</classification-symbol><class-title date-revised="2013-01-01"><title-part><text>rotated by means of grip-rings</text></title-part></class-title></classification-item>
<classification-item breakdown-code="false" not-allocatable="false" level="9" additional-only="false" sort-key="A63G1/18" definition-exists="true" ipc-concordant="A63G1/18" c-set-base-allowed="false" c-set-subsequent-allowed="true" date-revised="2013-01-01" status="published"><classification-symbol>A63G1/18</classification-symbol><class-title date-revised="2013-01-01"><title-part><text>rotated by oars</text></title-part></class-title></classification-item>
<classification-item breakdown-code="false" not-allocatable="false" level="9" additional-only="false" sort-key="A63G1/20" definition-exists="true" ipc-concordant="A63G1/20" c-set-base-allowed="false" c-set-subsequent-allowed="true" date-revised="2013-01-01" status="published"><classification-symbol>A63G1/20</classification-symbol><class-title date-revised="2013-01-01"><title-part><text>rotated by swinging or rocking</text></title-part></class-title></classification-item></classification-item>
<classification-item breakdown-code="false" not-allocatable="false" level="8" additional-only="false" sort-key="A63G1/22" definition-exists="false" ipc-concordant="A63G1/22" c-set-base-allowed="false" c-set-subsequent-allowed="true" date-revised="2013-01-01" status="published"><classification-symbol>A63G1/22</classification-symbol><class-title date-revised="2013-01-01"><title-part><text>with bicycles serving as seats</text></title-part></class-title></classification-item>
<classification-item breakdown-code="false" not-allocatable="false" level="8" additional-only="false" sort-key="A63G1/24" definition-exists="true" ipc-concordant="A63G1/24" c-set-base-allowed="false" c-set-subsequent-allowed="true" date-revised="2013-01-01" status="published"><classification-symbol>A63G1/24</classification-symbol><class-title date-revised="2013-01-01"><title-part><text>with seats performing movements in a horizontal plane, other than circular movements</text></title-part></class-title>
<classification-item breakdown-code="false" not-allocatable="false" level="9" additional-only="false" sort-key="A63G1/26" definition-exists="false" ipc-concordant="A63G1/26" c-set-base-allowed="false" c-set-subsequent-allowed="true" date-revised="2013-01-01" status="published"><classification-symbol>A63G1/26</classification-symbol><class-title date-revised="2013-01-01"><title-part><text>with seats moving with a planetary motion in a horizontal plane</text></title-part></class-title></classification-item></classification-item>
<classification-item breakdown-code="false" not-allocatable="false" level="8" additional-only="false" sort-key="A63G1/28" definition-exists="false" ipc-concordant="A63G1/28" c-set-base-allowed="false" c-set-subsequent-allowed="true" date-revised="2013-01-01" status="published"><classification-symbol>A63G1/28</classification-symbol><class-title date-revised="2013-01-01"><title-part><text>with centrifugally-swingable suspended seats</text></title-part></class-title></classification-item>
<classification-item breakdown-code="false" not-allocatable="false" level="8" additional-only="false" sort-key="A63G1/30" definition-exists="false" ipc-concordant="A63G1/30" c-set-base-allowed="false" c-set-subsequent-allowed="true" date-revised="2013-01-01" status="published"><classification-symbol>A63G1/30</classification-symbol><class-title date-revised="2013-01-01"><title-part><text>with seats moving up-and-down, e.g. figure-seats</text></title-part></class-title></classification-item>
<classification-item breakdown-code="false" not-allocatable="false" level="8" additional-only="false" sort-key="A63G1/32" definition-exists="false" ipc-concordant="A63G1/32" c-set-base-allowed="false" c-set-subsequent-allowed="true" date-revised="2013-01-01" status="published"><classification-symbol>A63G1/32</classification-symbol><class-title date-revised="2013-01-01"><title-part><text>with seats two or more of which form a see-saw</text></title-part></class-title></classification-item>
<classification-item breakdown-code="false" not-allocatable="false" level="8" additional-only="false" sort-key="A63G1/34" definition-exists="false" ipc-concordant="A63G1/34" c-set-base-allowed="false" c-set-subsequent-allowed="true" date-revised="2013-01-01" status="published"><classification-symbol>A63G1/34</classification-symbol><class-title date-revised="2013-01-01"><title-part><text>with seats moving in an undulating track</text></title-part></class-title></classification-item>
<classification-item breakdown-code="false" not-allocatable="false" level="8" additional-only="false" sort-key="A63G1/36" definition-exists="false" ipc-concordant="A63G1/36" c-set-base-allowed="false" c-set-subsequent-allowed="true" date-revised="2013-01-01" status="published"><classification-symbol>A63G1/36</classification-symbol><class-title date-revised="2013-01-01"><title-part><text>with movably-mounted swing-like seats not moving radially outwards</text></title-part></class-title></classification-item>
<classification-item breakdown-code="false" not-allocatable="false" level="8" additional-only="false" sort-key="A63G1/38" definition-exists="true" ipc-concordant="A63G1/38" c-set-base-allowed="false" c-set-subsequent-allowed="true" date-revised="2013-01-01" status="published"><classification-symbol>A63G1/38</classification-symbol><class-title date-revised="2013-01-01"><title-part><text>with rocking turntables</text></title-part></class-title>
<classification-item breakdown-code="false" not-allocatable="false" level="9" additional-only="false" sort-key="A63G1/40" definition-exists="true" ipc-concordant="A63G1/40" c-set-base-allowed="false" c-set-subsequent-allowed="true" date-revised="2013-01-01" status="published"><classification-symbol>A63G1/40</classification-symbol><class-title date-revised="2013-01-01"><title-part><text>and oblique masts</text></title-part></class-title></classification-item>
<classification-item breakdown-code="false" not-allocatable="false" level="9" additional-only="false" sort-key="A63G1/42" definition-exists="false" ipc-concordant="A63G1/42" c-set-base-allowed="false" c-set-subsequent-allowed="true" date-revised="2013-01-01" status="published"><classification-symbol>A63G1/42</classification-symbol><class-title date-revised="2013-01-01"><title-part><text>cone-like shaped</text></title-part></class-title></classification-item></classification-item>
<classification-item breakdown-code="false" not-allocatable="false" level="8" additional-only="false" sort-key="A63G1/44" definition-exists="true" ipc-concordant="A63G1/44" c-set-base-allowed="false" c-set-subsequent-allowed="true" date-revised="2013-01-01" status="published"><classification-symbol>A63G1/44</classification-symbol><class-title date-revised="2013-01-01"><title-part><text>with turntables moved up and down</text></title-part></class-title>
<classification-item breakdown-code="false" not-allocatable="false" level="9" additional-only="false" sort-key="A63G1/46" definition-exists="true" ipc-concordant="A63G1/46" c-set-base-allowed="false" c-set-subsequent-allowed="true" date-revised="2013-01-01" status="published"><classification-symbol>A63G1/46</classification-symbol><class-title date-revised="2013-01-01"><title-part><text>moved by a screw spindle</text></title-part></class-title></classification-item></classification-item>
<classification-item breakdown-code="false" not-allocatable="false" level="8" additional-only="false" sort-key="A63G1/48" definition-exists="true" ipc-concordant="A63G1/48" c-set-base-allowed="false" c-set-subsequent-allowed="true" date-revised="2013-01-01" status="published"><classification-symbol>A63G1/48</classification-symbol><class-title date-revised="2013-01-01"><title-part><text>with turntables and movably-mounted vehicles thereon which move to the outside when the roundabout is rotated</text></title-part></class-title></classification-item></classification-item>
<classification-item breakdown-code="false" not-allocatable="false" level="7" additional-only="false" sort-key="A63G3/00" definition-exists="true" ipc-concordant="A63G3/00" c-set-base-allowed="false" c-set-subsequent-allowed="true" date-revised="2013-01-01" status="published"><classification-symbol>A63G3/00</classification-symbol><class-title date-revised="2013-01-01"><title-part><text>Water roundabouts, e.g. freely floating</text></title-part></class-title>
<classification-item breakdown-code="false" not-allocatable="false" level="8" additional-only="false" sort-key="A63G3/02" definition-exists="false" ipc-concordant="A63G3/02" c-set-base-allowed="false" c-set-subsequent-allowed="true" date-revised="2013-01-01" status="published"><classification-symbol>A63G3/02</classification-symbol><class-title date-revised="2013-01-01"><title-part><text>with floating seats</text></title-part></class-title></classification-item>
<classification-item breakdown-code="false" not-allocatable="false" level="8" additional-only="false" sort-key="A63G3/04" definition-exists="false" ipc-concordant="A63G3/04" c-set-base-allowed="false" c-set-subsequent-allowed="true" date-revised="2013-01-01" status="published"><classification-symbol>A63G3/04</classification-symbol><class-title date-revised="2013-01-01"><title-part><text>for swimmers</text></title-part></class-title></classification-item>
<classification-item breakdown-code="false" not-allocatable="false" level="8" additional-only="false" sort-key="A63G3/06" definition-exists="false" ipc-concordant="A63G3/06" c-set-base-allowed="false" c-set-subsequent-allowed="true" date-revised="2013-01-01" status="published"><classification-symbol>A63G3/06</classification-symbol><class-title date-revised="2013-01-01"><title-part><text>Submarine roundabouts</text></title-part></class-title></classification-item></classification-item>
<classification-item breakdown-code="false" not-allocatable="false" level="7" additional-only="false" sort-key="A63G4/00" definition-exists="true" ipc-concordant="A63G4/00" c-set-base-allowed="false" c-set-subsequent-allowed="true" date-revised="2013-01-01" status="published"><classification-symbol>A63G4/00</classification-symbol><class-title date-revised="2013-01-01"><title-part><text>Accessories for roundabouts not restricted to one of groups <class-ref scheme="cpc">A63G1/00</class-ref> or <class-ref scheme="cpc">A63G3/00</class-ref></text></title-part></class-title></classification-item>
<classification-item breakdown-code="false" not-allocatable="false" level="7" additional-only="false" sort-key="A63G5/00" definition-exists="true" ipc-concordant="A63G5/00" c-set-base-allowed="false" c-set-subsequent-allowed="true" date-revised="2013-01-01" status="published"><classification-symbol>A63G5/00</classification-symbol><class-title date-revised="2013-01-01"><title-part><text>Games on roundabouts</text></title-part></class-title></classification-item>
<classification-item breakdown-code="false" not-allocatable="false" level="7" additional-only="false" sort-key="A63G7/00" definition-exists="true" ipc-concordant="A63G7/00" c-set-base-allowed="false" c-set-subsequent-allowed="true" date-revised="2013-01-01" status="published"><classification-symbol>A63G7/00</classification-symbol><class-title date-revised="2013-01-01"><title-part><text>Up-and-down hill tracks</text></title-part><title-part><text>Switchbacks</text></title-part></class-title></classification-item></classification-item>
<classification-item breakdown-code="false" not-allocatable="true" level="6" additional-only="false" sort-key="A63G9/00" date-revised="2013-01-01" status="published"><classification-symbol>A63G9/00</classification-symbol><class-title date-revised="2013-01-01"><title-part><text>Swings </text><reference><text>as nursery furniture <class-ref scheme="cpc">A47D13/10</class-ref></text></reference></title-part><title-part><text>Rocking horses </text><reference><text>rocking chairs as nursery furniture <class-ref scheme="cpc">A47D13/10</class-ref></text></reference></title-part><title-part><text>Other toy animals for riding</text></title-part></class-title>
<classification-item breakdown-code="false" not-allocatable="false" level="7" additional-only="false" sort-key="A63G9/00" definition-exists="true" ipc-concordant="A63G9/00" c-set-base-allowed="false" c-set-subsequent-allowed="true" date-revised="2013-01-01" status="published"><classification-symbol>A63G9/00</classification-symbol><class-title date-revised="2013-01-01"><title-part><text>Swings</text></title-part></class-title>
<classification-item breakdown-code="false" not-allocatable="false" level="8" additional-only="false" sort-key="A63G9/02" definition-exists="true" ipc-concordant="A63G9/02" c-set-base-allowed="false" c-set-subsequent-allowed="true" date-revised="2013-01-01" status="published"><classification-symbol>A63G9/02</classification-symbol><class-title date-revised="2013-01-01"><title-part><text>with two suspensory axles</text></title-part></class-title></classification-item>
<classification-item breakdown-code="false" not-allocatable="false" level="8" additional-only="false" sort-key="A63G9/04" definition-exists="true" ipc-concordant="A63G9/04" c-set-base-allowed="false" c-set-subsequent-allowed="true" date-revised="2013-01-01" status="published"><classification-symbol>A63G9/04</classification-symbol><class-title date-revised="2013-01-01"><title-part><text>with moving supporting-points</text></title-part></class-title></classification-item>
<classification-item breakdown-code="false" not-allocatable="false" level="8" additional-only="false" sort-key="A63G9/06" definition-exists="true" ipc-concordant="A63G9/06" c-set-base-allowed="false" c-set-subsequent-allowed="true" date-revised="2013-01-01" status="published"><classification-symbol>A63G9/06</classification-symbol><class-title date-revised="2013-01-01"><title-part><text>Climbing swings</text></title-part></class-title></classification-item>
<classification-item breakdown-code="false" not-allocatable="false" level="8" additional-only="false" sort-key="A63G9/08" definition-exists="true" ipc-concordant="A63G9/08" c-set-base-allowed="false" c-set-subsequent-allowed="true" date-revised="2013-01-01" status="published"><classification-symbol>A63G9/08</classification-symbol><class-title date-revised="2013-01-01"><title-part><text>Looping-the-loop swings</text></title-part></class-title></classification-item>
<classification-item breakdown-code="false" not-allocatable="false" level="8" additional-only="false" sort-key="A63G9/10" definition-exists="false" ipc-concordant="A63G9/10" c-set-base-allowed="false" c-set-subsequent-allowed="true" date-revised="2013-01-01" status="published"><classification-symbol>A63G9/10</classification-symbol><class-title date-revised="2013-01-01"><title-part><text>with seats shaped as riding horses, breeches, or the like</text></title-part></class-title></classification-item>
<classification-item breakdown-code="false" not-allocatable="false" level="8" additional-only="false" sort-key="A63G9/12" definition-exists="true" ipc-concordant="A63G9/12" c-set-base-allowed="false" c-set-subsequent-allowed="true" date-revised="2013-01-01" status="published"><classification-symbol>A63G9/12</classification-symbol><class-title date-revised="2013-01-01"><title-part><text>Special fastenings of the suspensory point</text></title-part></class-title></classification-item>
<classification-item breakdown-code="false" not-allocatable="false" level="8" additional-only="false" sort-key="A63G9/14" definition-exists="true" ipc-concordant="A63G9/14" c-set-base-allowed="false" c-set-subsequent-allowed="true" date-revised="2013-01-01" status="published"><classification-symbol>A63G9/14</classification-symbol><class-title date-revised="2013-01-01"><title-part><text>elastically suspended</text></title-part></class-title></classification-item>
<classification-item breakdown-code="false" not-allocatable="false" level="8" additional-only="false" sort-key="A63G9/16" definition-exists="true" ipc-concordant="A63G9/16" c-set-base-allowed="false" c-set-subsequent-allowed="true" date-revised="2013-01-01" status="published"><classification-symbol>A63G9/16</classification-symbol><class-title date-revised="2013-01-01"><title-part><text>Driving mechanisms, such as ropes, gear, belt, motor drive</text></title-part></class-title>
<classification-item breakdown-code="false" not-allocatable="false" level="9" additional-only="false" sort-key="A63G9/18" definition-exists="false" ipc-concordant="A63G9/18" c-set-base-allowed="false" c-set-subsequent-allowed="true" date-revised="2013-01-01" status="published"><classification-symbol>A63G9/18</classification-symbol><class-title date-revised="2013-01-01"><title-part><text>moved by rocking runners</text></title-part></class-title></classification-item>
<classification-item breakdown-code="false" not-allocatable="false" level="9" additional-only="false" sort-key="A63G9/20" definition-exists="true" ipc-concordant="A63G9/20" c-set-base-allowed="false" c-set-subsequent-allowed="true" date-revised="2013-01-01" status="published"><classification-symbol>A63G9/20</classification-symbol><class-title date-revised="2013-01-01"><title-part><text>Oar swings</text></title-part></class-title></classification-item></classification-item>
<classification-item breakdown-code="false" not-allocatable="false" level="8" additional-only="false" sort-key="A63G9/22" definition-exists="true" ipc-concordant="A63G9/22" c-set-base-allowed="false" c-set-subsequent-allowed="true" date-revised="2013-01-01" status="published"><classification-symbol>A63G9/22</classification-symbol><class-title date-revised="2013-01-01"><title-part><text>Brakes</text></title-part></class-title></classification-item></classification-item>
<classification-item breakdown-code="false" not-allocatable="false" level="7" additional-only="false" sort-key="A63G11/00" definition-exists="true" ipc-concordant="A63G11/00" c-set-base-allowed="false" c-set-subsequent-allowed="true" date-revised="2013-01-01" status="published"><classification-symbol>A63G11/00</classification-symbol><class-title date-revised="2013-01-01"><title-part><text>See-saws</text></title-part></class-title></classification-item>
<classification-item breakdown-code="false" not-allocatable="false" level="7" additional-only="false" sort-key="A63G13/00" definition-exists="true" ipc-concordant="A63G13/00" c-set-base-allowed="false" c-set-subsequent-allowed="true" date-revised="2013-01-01" status="published"><classification-symbol>A63G13/00</classification-symbol><class-title date-revised="2013-01-01"><title-part><text>Cradle swings</text></title-part><title-part><text>Rocking-horses</text></title-part><title-part><text>Like devices resting on the ground</text></title-part></class-title>
<classification-item breakdown-code="false" not-allocatable="false" level="8" additional-only="false" sort-key="A63G13/02" definition-exists="true" ipc-concordant="A63G13/02" c-set-base-allowed="false" c-set-subsequent-allowed="true" date-revised="2013-01-01" status="published"><classification-symbol>A63G13/02</classification-symbol><class-title date-revised="2013-01-01"><title-part><text>Cradle swings</text></title-part></class-title>
<classification-item breakdown-code="false" not-allocatable="false" level="9" additional-only="false" sort-key="A63G13/04" definition-exists="true" ipc-concordant="A63G13/04" c-set-base-allowed="false" c-set-subsequent-allowed="true" date-revised="2013-01-01" status="published"><classification-symbol>A63G13/04</classification-symbol><class-title date-revised="2013-01-01"><title-part><text>Spring-supported cradle swings</text></title-part></class-title></classification-item></classification-item>
<classification-item breakdown-code="false" not-allocatable="false" level="8" additional-only="false" sort-key="A63G13/06" definition-exists="false" ipc-concordant="A63G13/06" c-set-base-allowed="false" c-set-subsequent-allowed="true" date-revised="2013-01-01" status="published"><classification-symbol>A63G13/06</classification-symbol><class-title date-revised="2013-01-01"><title-part><text>Rocking-horses</text></title-part></class-title>
<classification-item breakdown-code="false" not-allocatable="false" level="9" additional-only="false" sort-key="A63G13/08" definition-exists="true" ipc-concordant="A63G13/08" c-set-base-allowed="false" c-set-subsequent-allowed="true" date-revised="2013-01-01" status="published"><classification-symbol>A63G13/08</classification-symbol><class-title date-revised="2013-01-01"><title-part><text>mounted on links or springs</text></title-part></class-title></classification-item>
<classification-item breakdown-code="false" not-allocatable="false" level="9" additional-only="false" sort-key="A63G13/10" definition-exists="true" ipc-concordant="A63G13/10" c-set-base-allowed="false" c-set-subsequent-allowed="true" date-revised="2013-01-01" status="published"><classification-symbol>A63G13/10</classification-symbol><class-title date-revised="2013-01-01"><title-part><text>with dismountable runners usable for other purposes</text></title-part></class-title></classification-item></classification-item></classification-item>
<classification-item breakdown-code="false" not-allocatable="false" level="7" additional-only="false" sort-key="A63G15/00" definition-exists="true" ipc-concordant="A63G15/00" c-set-base-allowed="false" c-set-subsequent-allowed="true" date-revised="2013-01-01" status="published"><classification-symbol>A63G15/00</classification-symbol><class-title date-revised="2013-01-01"><title-part><text>Rocking horses on runners adapted for progressive movement</text></title-part></class-title>
<classification-item breakdown-code="false" not-allocatable="false" level="8" additional-only="false" sort-key="A63G15/02" definition-exists="true" ipc-concordant="A63G15/02" c-set-base-allowed="false" c-set-subsequent-allowed="true" date-revised="2013-01-01" status="published"><classification-symbol>A63G15/02</classification-symbol><class-title date-revised="2013-01-01"><title-part><text>with divided runners</text></title-part></class-title></classification-item>
<classification-item breakdown-code="false" not-allocatable="false" level="8" additional-only="false" sort-key="A63G15/04" definition-exists="false" ipc-concordant="A63G15/04" c-set-base-allowed="false" c-set-subsequent-allowed="true" date-revised="2013-01-01" status="published"><classification-symbol>A63G15/04</classification-symbol><class-title date-revised="2013-01-01"><title-part><text>with arrangements for pushing forward</text></title-part></class-title></classification-item></classification-item>
<classification-item breakdown-code="false" not-allocatable="false" level="7" additional-only="false" sort-key="A63G17/00" definition-exists="true" ipc-concordant="A63G17/00" c-set-base-allowed="false" c-set-subsequent-allowed="true" date-revised="2013-01-01" status="published"><classification-symbol>A63G17/00</classification-symbol><class-title date-revised="2013-01-01"><title-part><text>Hobby-horses</text></title-part></class-title></classification-item>
<classification-item breakdown-code="false" not-allocatable="false" level="7" additional-only="false" sort-key="A63G19/00" definition-exists="true" ipc-concordant="A63G19/00" c-set-base-allowed="false" c-set-subsequent-allowed="true" date-revised="2013-01-01" status="published"><classification-symbol>A63G19/00</classification-symbol><class-title date-revised="2013-01-01"><title-part><text>Toy animals for riding</text></title-part></class-title>
<classification-item breakdown-code="false" not-allocatable="false" level="8" additional-only="false" sort-key="A63G19/02" definition-exists="false" ipc-concordant="A63G19/02" c-set-base-allowed="false" c-set-subsequent-allowed="true" date-revised="2013-01-01" status="published"><classification-symbol>A63G19/02</classification-symbol><class-title date-revised="2013-01-01"><title-part><text>made to travel by riding movements other than by ratchet wheels</text></title-part></class-title></classification-item>
<classification-item breakdown-code="false" not-allocatable="false" level="8" additional-only="false" sort-key="A63G19/04" definition-exists="true" ipc-concordant="A63G19/04" c-set-base-allowed="false" c-set-subsequent-allowed="true" date-revised="2013-01-01" status="published"><classification-symbol>A63G19/04</classification-symbol><class-title date-revised="2013-01-01"><title-part><text>with eccentric wheels</text></title-part></class-title></classification-item>
<classification-item breakdown-code="false" not-allocatable="false" level="8" additional-only="false" sort-key="A63G19/06" definition-exists="true" ipc-concordant="A63G19/06" c-set-base-allowed="false" c-set-subsequent-allowed="true" date-revised="2013-01-01" status="published"><classification-symbol>A63G19/06</classification-symbol><class-title date-revised="2013-01-01"><title-part><text>Swingably-mounted toy animals for riding made to travel by means of parallelogram-joints</text></title-part></class-title></classification-item>
<classification-item breakdown-code="false" not-allocatable="false" level="8" additional-only="false" sort-key="A63G19/08" definition-exists="true" ipc-concordant="A63G19/08" c-set-base-allowed="false" c-set-subsequent-allowed="true" date-revised="2013-01-01" status="published"><classification-symbol>A63G19/08</classification-symbol><class-title date-revised="2013-01-01"><title-part><text>made to travel by ratchet-wheels, e.g. by stretching the legs</text></title-part></class-title>
<classification-item breakdown-code="false" not-allocatable="false" level="9" additional-only="false" sort-key="A63G19/10" definition-exists="true" ipc-concordant="A63G19/10" c-set-base-allowed="false" c-set-subsequent-allowed="true" date-revised="2013-01-01" status="published"><classification-symbol>A63G19/10</classification-symbol><class-title date-revised="2013-01-01"><title-part><text>by pressing the seats or saddles up-and-down</text></title-part></class-title></classification-item>
<classification-item breakdown-code="false" not-allocatable="false" level="9" additional-only="false" sort-key="A63G19/12" definition-exists="true" ipc-concordant="A63G19/12" c-set-base-allowed="false" c-set-subsequent-allowed="true" date-revised="2013-01-01" status="published"><classification-symbol>A63G19/12</classification-symbol><class-title date-revised="2013-01-01"><title-part><text>by performing oscillations</text></title-part></class-title></classification-item>
<classification-item breakdown-code="false" not-allocatable="false" level="9" additional-only="false" sort-key="A63G19/14" definition-exists="true" ipc-concordant="A63G19/14" c-set-base-allowed="false" c-set-subsequent-allowed="true" date-revised="2013-01-01" status="published"><classification-symbol>A63G19/14</classification-symbol><class-title date-revised="2013-01-01"><title-part><text>by moving the stirrups or pedals</text></title-part></class-title></classification-item></classification-item>
<classification-item breakdown-code="false" not-allocatable="false" level="8" additional-only="false" sort-key="A63G19/16" definition-exists="true" ipc-concordant="A63G19/16" c-set-base-allowed="false" c-set-subsequent-allowed="true" date-revised="2013-01-01" status="published"><classification-symbol>A63G19/16</classification-symbol><class-title date-revised="2013-01-01"><title-part><text>made to travel by punting</text></title-part></class-title></classification-item>
<classification-item breakdown-code="false" not-allocatable="false" level="8" additional-only="false" sort-key="A63G19/18" definition-exists="true" ipc-concordant="A63G19/18" c-set-base-allowed="false" c-set-subsequent-allowed="true" date-revised="2013-01-01" status="published"><classification-symbol>A63G19/18</classification-symbol><class-title date-revised="2013-01-01"><title-part><text>made to travel by pacing</text></title-part></class-title></classification-item>
<classification-item breakdown-code="false" not-allocatable="false" level="8" additional-only="false" sort-key="A63G19/20" definition-exists="true" ipc-concordant="A63G19/20" c-set-base-allowed="false" c-set-subsequent-allowed="true" date-revised="2013-01-01" status="published"><classification-symbol>A63G19/20</classification-symbol><class-title date-revised="2013-01-01"><title-part><text>motor-driven</text></title-part></class-title></classification-item></classification-item></classification-item>
<classification-item breakdown-code="false" not-allocatable="true" level="6" additional-only="false" sort-key="A63G21/00" date-revised="2013-01-01" status="published"><classification-symbol>A63G21/00</classification-symbol><class-title date-revised="2013-01-01"><title-part><text>Chutes</text></title-part><title-part><text>Slides</text></title-part><title-part><text>Similar apparatus for public amusement</text></title-part></class-title>
<classification-item breakdown-code="false" not-allocatable="false" level="7" additional-only="false" sort-key="A63G21/00" definition-exists="true" ipc-concordant="A63G21/00" c-set-base-allowed="false" c-set-subsequent-allowed="true" date-revised="2013-01-01" status="published"><classification-symbol>A63G21/00</classification-symbol><class-title date-revised="2013-01-01"><title-part><text>Chutes</text></title-part><title-part><text>Helter-skelters</text></title-part></class-title>
<classification-item breakdown-code="false" not-allocatable="false" level="8" additional-only="false" sort-key="A63G21/02" definition-exists="true" ipc-concordant="A63G21/02" c-set-base-allowed="false" c-set-subsequent-allowed="true" date-revised="2013-01-01" status="published"><classification-symbol>A63G21/02</classification-symbol><class-title date-revised="2013-01-01"><title-part><text>without rails</text></title-part></class-title></classification-item>
<classification-item breakdown-code="false" not-allocatable="false" level="8" additional-only="false" sort-key="A63G21/04" definition-exists="true" ipc-concordant="A63G21/04" c-set-base-allowed="false" c-set-subsequent-allowed="true" date-revised="2013-01-01" status="published"><classification-symbol>A63G21/04</classification-symbol><class-title date-revised="2013-01-01"><title-part><text>with fixed rails</text></title-part></class-title></classification-item>
<classification-item breakdown-code="false" not-allocatable="false" level="8" additional-only="false" sort-key="A63G21/06" definition-exists="true" ipc-concordant="A63G21/06" c-set-base-allowed="false" c-set-subsequent-allowed="true" date-revised="2013-01-01" status="published"><classification-symbol>A63G21/06</classification-symbol><class-title date-revised="2013-01-01"><title-part><text>with passing arrangements for cars</text></title-part></class-title></classification-item>
<classification-item breakdown-code="false" not-allocatable="false" level="8" additional-only="false" sort-key="A63G21/08" definition-exists="true" ipc-concordant="A63G21/08" c-set-base-allowed="false" c-set-subsequent-allowed="true" date-revised="2013-01-01" status="published"><classification-symbol>A63G21/08</classification-symbol><class-title date-revised="2013-01-01"><title-part><text>with additional rotation of cars</text></title-part></class-title></classification-item>
<classification-item breakdown-code="false" not-allocatable="false" level="8" additional-only="false" sort-key="A63G21/10" definition-exists="true" ipc-concordant="A63G21/10" c-set-base-allowed="false" c-set-subsequent-allowed="true" date-revised="2013-01-01" status="published"><classification-symbol>A63G21/10</classification-symbol><class-title date-revised="2013-01-01"><title-part><text>with spiral tracks</text></title-part></class-title></classification-item>
<classification-item breakdown-code="false" not-allocatable="false" level="8" additional-only="false" sort-key="A63G21/12" definition-exists="true" ipc-concordant="A63G21/12" c-set-base-allowed="false" c-set-subsequent-allowed="true" date-revised="2013-01-01" status="published"><classification-symbol>A63G21/12</classification-symbol><class-title date-revised="2013-01-01"><title-part><text>with special cars, e.g. horse-shaped</text></title-part></class-title></classification-item>
<classification-item breakdown-code="false" not-allocatable="false" level="8" additional-only="false" sort-key="A63G21/14" definition-exists="true" ipc-concordant="A63G21/14" c-set-base-allowed="false" c-set-subsequent-allowed="true" date-revised="2013-01-01" status="published"><classification-symbol>A63G21/14</classification-symbol><class-title date-revised="2013-01-01"><title-part><text>with driven slideways</text></title-part></class-title></classification-item>
<classification-item breakdown-code="false" not-allocatable="false" level="8" additional-only="false" sort-key="A63G21/16" definition-exists="true" ipc-concordant="A63G21/16" c-set-base-allowed="false" c-set-subsequent-allowed="true" date-revised="2013-01-01" status="published"><classification-symbol>A63G21/16</classification-symbol><class-title date-revised="2013-01-01"><title-part><text>with forced removal of the passenger from the seat</text></title-part></class-title></classification-item>
<classification-item breakdown-code="false" not-allocatable="false" level="8" additional-only="false" sort-key="A63G21/18" definition-exists="true" ipc-concordant="A63G21/18" c-set-base-allowed="false" c-set-subsequent-allowed="true" date-revised="2013-01-01" status="published"><classification-symbol>A63G21/18</classification-symbol><class-title date-revised="2013-01-01"><title-part><text>Water-chutes</text></title-part></class-title></classification-item>
<classification-item breakdown-code="false" not-allocatable="false" level="8" additional-only="false" sort-key="A63G21/20" definition-exists="true" ipc-concordant="A63G21/20" c-set-base-allowed="false" c-set-subsequent-allowed="true" date-revised="2013-01-01" status="published"><classification-symbol>A63G21/20</classification-symbol><class-title date-revised="2013-01-01"><title-part><text>Slideways with movably suspended cars, or with cars moving on ropes, or the like</text></title-part></class-title></classification-item>
<classification-item breakdown-code="false" not-allocatable="false" level="8" additional-only="false" sort-key="A63G21/22" definition-exists="true" ipc-concordant="A63G21/22" c-set-base-allowed="false" c-set-subsequent-allowed="true" date-revised="2013-01-01" status="published"><classification-symbol>A63G21/22</classification-symbol><class-title date-revised="2013-01-01"><title-part><text>Suspended slideways</text></title-part></class-title></classification-item></classification-item>
<classification-item breakdown-code="false" not-allocatable="false" level="7" additional-only="false" sort-key="A63G23/00" definition-exists="true" ipc-concordant="A63G23/00" c-set-base-allowed="false" c-set-subsequent-allowed="true" date-revised="2017-08-01" status="published"><classification-symbol>A63G23/00</classification-symbol><class-title date-revised="2017-08-01"><title-part><text>Rotating or rocking pots </text><CPC-specific-text><text>, e.g. by moving the whole body </text><reference><text>rotating or rocking exercising for training agility or coordination of movements <class-ref scheme="cpc">A63B22/14</class-ref>, <class-ref scheme="cpc">A63B22/16</class-ref>, <class-ref scheme="cpc">A63B22/18</class-ref></text></reference></CPC-specific-text></title-part></class-title></classification-item>
<classification-item breakdown-code="false" not-allocatable="false" level="7" additional-only="false" sort-key="A63G25/00" definition-exists="true" ipc-concordant="A63G25/00" c-set-base-allowed="false" c-set-subsequent-allowed="true" date-revised="2013-01-01" status="published"><classification-symbol>A63G25/00</classification-symbol><class-title date-revised="2013-01-01"><title-part><text>Autocar-like self-drivers</text></title-part><title-part><text>Runways therefor</text></title-part></class-title></classification-item>
<classification-item breakdown-code="false" not-allocatable="false" level="7" additional-only="false" sort-key="A63G27/00" definition-exists="true" ipc-concordant="A63G27/00" c-set-base-allowed="false" c-set-subsequent-allowed="true" date-revised="2013-01-01" status="published"><classification-symbol>A63G27/00</classification-symbol><class-title date-revised="2013-01-01"><title-part><text>Russian swings</text></title-part><title-part><text>Great wheels, e.g. Ferris wheels</text></title-part></class-title>
<classification-item breakdown-code="false" not-allocatable="false" level="8" additional-only="false" sort-key="A63G27/02" definition-exists="true" ipc-concordant="A63G27/02" c-set-base-allowed="false" c-set-subsequent-allowed="true" date-revised="2013-01-01" status="published"><classification-symbol>A63G27/02</classification-symbol><class-title date-revised="2013-01-01"><title-part><text>with special movements of the seat-carriers</text></title-part></class-title></classification-item>
<classification-item breakdown-code="false" not-allocatable="false" level="8" additional-only="false" sort-key="A63G27/04" definition-exists="true" ipc-concordant="A63G27/04" c-set-base-allowed="false" c-set-subsequent-allowed="true" date-revised="2013-01-01" status="published"><classification-symbol>A63G27/04</classification-symbol><class-title date-revised="2013-01-01"><title-part><text>with tiltable axis</text></title-part></class-title></classification-item>
<classification-item breakdown-code="false" not-allocatable="false" level="8" additional-only="false" sort-key="A63G27/06" definition-exists="false" ipc-concordant="A63G27/06" c-set-base-allowed="false" c-set-subsequent-allowed="true" date-revised="2013-01-01" status="published"><classification-symbol>A63G27/06</classification-symbol><class-title date-revised="2013-01-01"><title-part><text>rolling on the level</text></title-part></class-title></classification-item>
<classification-item breakdown-code="false" not-allocatable="false" level="8" additional-only="false" sort-key="A63G27/08" definition-exists="true" ipc-concordant="A63G27/08" c-set-base-allowed="false" c-set-subsequent-allowed="true" date-revised="2013-01-01" status="published"><classification-symbol>A63G27/08</classification-symbol><class-title date-revised="2013-01-01"><title-part><text>mounted on roundabouts</text></title-part></class-title></classification-item></classification-item>
<classification-item breakdown-code="false" not-allocatable="false" level="7" additional-only="false" sort-key="A63G29/00" definition-exists="true" ipc-concordant="A63G29/00" c-set-base-allowed="false" c-set-subsequent-allowed="true" date-revised="2013-01-01" status="published"><classification-symbol>A63G29/00</classification-symbol><class-title date-revised="2013-01-01"><title-part><text>Rolling drums turning somersaults with or without rolling seats </text><CPC-specific-text><reference><text>hoop exercising apparatus driven by the user <class-ref scheme="cpc">A63B19/00</class-ref></text></reference></CPC-specific-text></title-part></class-title>
<classification-item breakdown-code="false" not-allocatable="false" level="8" additional-only="false" sort-key="A63G29/02" definition-exists="true" ipc-concordant="A63G29/02" c-set-base-allowed="false" c-set-subsequent-allowed="true" date-revised="2013-01-01" status="published"><classification-symbol>A63G29/02</classification-symbol><class-title date-revised="2013-01-01"><title-part><text>with seats staying at the bottom of the drum</text></title-part></class-title></classification-item></classification-item></classification-item>
<classification-item breakdown-code="false" not-allocatable="true" level="6" additional-only="false" sort-key="A63G31/00" date-revised="2013-01-01" status="published"><classification-symbol>A63G31/00</classification-symbol><class-title date-revised="2013-01-01"><title-part><text>Miscellaneous apparatus for public amusement</text></title-part></class-title>
<classification-item breakdown-code="false" not-allocatable="false" level="7" additional-only="false" sort-key="A63G31/00" definition-exists="true" ipc-concordant="A63G31/00" c-set-base-allowed="false" c-set-subsequent-allowed="true" date-revised="2013-01-01" status="published"><classification-symbol>A63G31/00</classification-symbol><class-title date-revised="2013-01-01"><title-part><text>Amusement arrangements </text><CPC-specific-text><reference><text>hoop exercising apparatus driven by the user <class-ref scheme="cpc">A63B19/00</class-ref></text></reference></CPC-specific-text></title-part></class-title>
<classification-item breakdown-code="true" not-allocatable="false" level="8" additional-only="true" sort-key="A63G31/002" definition-exists="false" ipc-concordant="A63G31/00" c-set-base-allowed="false" c-set-subsequent-allowed="true" date-revised="2013-01-01" status="published"><classification-symbol>A63G2031/002</classification-symbol><class-title date-revised="2013-01-01"><title-part><CPC-specific-text><text>Free-fall</text></CPC-specific-text></title-part></class-title></classification-item>
<classification-item breakdown-code="true" not-allocatable="false" level="8" additional-only="true" sort-key="A63G31/005" definition-exists="false" ipc-concordant="A63G31/00" c-set-base-allowed="false" c-set-subsequent-allowed="true" date-revised="2013-01-01" status="published"><classification-symbol>A63G2031/005</classification-symbol><class-title date-revised="2013-01-01"><title-part><CPC-specific-text><text>Skydiving</text></CPC-specific-text></title-part></class-title></classification-item>
<classification-item breakdown-code="false" not-allocatable="false" level="8" additional-only="false" sort-key="A63G31/007" definition-exists="true" ipc-concordant="A63G31/00" c-set-base-allowed="false" c-set-subsequent-allowed="true" date-revised="2016-11-01" status="published"><classification-symbol>A63G31/007</classification-symbol><class-title date-revised="2013-01-01"><title-part><CPC-specific-text><text>involving water</text></CPC-specific-text></title-part></class-title></classification-item>
<classification-item breakdown-code="false" not-allocatable="false" level="8" additional-only="false" sort-key="A63G31/02" definition-exists="false" ipc-concordant="A63G31/02" c-set-base-allowed="false" c-set-subsequent-allowed="true" date-revised="2013-01-01" status="published"><classification-symbol>A63G31/02</classification-symbol><class-title date-revised="2013-01-01"><title-part><text>with moving substructures</text></title-part></class-title>
<classification-item breakdown-code="false" not-allocatable="false" level="9" additional-only="false" sort-key="A63G31/04" definition-exists="true" ipc-concordant="A63G31/04" c-set-base-allowed="false" c-set-subsequent-allowed="true" date-revised="2013-01-01" status="published"><classification-symbol>A63G31/04</classification-symbol><class-title date-revised="2013-01-01"><title-part><text>with jolting substructures</text></title-part></class-title></classification-item>
<classification-item breakdown-code="false" not-allocatable="false" level="9" additional-only="false" sort-key="A63G31/06" definition-exists="true" ipc-concordant="A63G31/06" c-set-base-allowed="false" c-set-subsequent-allowed="true" date-revised="2013-01-01" status="published"><classification-symbol>A63G31/06</classification-symbol><class-title date-revised="2013-01-01"><title-part><text>with undulatory motion of the substructure</text></title-part></class-title></classification-item>
<classification-item breakdown-code="false" not-allocatable="false" level="9" additional-only="false" sort-key="A63G31/08" definition-exists="true" ipc-concordant="A63G31/08" c-set-base-allowed="false" c-set-subsequent-allowed="true" date-revised="2013-01-01" status="published"><classification-symbol>A63G31/08</classification-symbol><class-title date-revised="2013-01-01"><title-part><text>with looping, hopping, or throwing motions of the substructure</text></title-part></class-title></classification-item>
<classification-item breakdown-code="false" not-allocatable="false" level="9" additional-only="false" sort-key="A63G31/10" definition-exists="false" ipc-concordant="A63G31/10" c-set-base-allowed="false" c-set-subsequent-allowed="true" date-revised="2013-01-01" status="published"><classification-symbol>A63G31/10</classification-symbol><class-title date-revised="2013-01-01"><title-part><text>with escalators or similar moving substructures</text></title-part></class-title></classification-item>
<classification-item breakdown-code="false" not-allocatable="false" level="9" additional-only="false" sort-key="A63G31/12" definition-exists="true" ipc-concordant="A63G31/12" c-set-base-allowed="false" c-set-subsequent-allowed="true" date-revised="2013-01-01" status="published"><classification-symbol>A63G31/12</classification-symbol><class-title date-revised="2013-01-01"><title-part><text>with inflatable and movable substructures </text><reference><text>connection of valves to inflatable elastic bodies <class-ref scheme="cpc">B60C29/00</class-ref></text></reference></title-part></class-title></classification-item>
<classification-item breakdown-code="false" not-allocatable="false" level="9" additional-only="false" sort-key="A63G31/14" definition-exists="true" ipc-concordant="A63G31/14" c-set-base-allowed="false" c-set-subsequent-allowed="true" date-revised="2013-01-01" status="published"><classification-symbol>A63G31/14</classification-symbol><class-title date-revised="2013-01-01"><title-part><text>with planes mounted on springs</text></title-part><title-part><text>with movable planes</text></title-part></class-title></classification-item></classification-item>
<classification-item breakdown-code="false" not-allocatable="false" level="8" additional-only="false" sort-key="A63G31/16" definition-exists="true" ipc-concordant="A63G31/16" c-set-base-allowed="false" c-set-subsequent-allowed="true" date-revised="2013-01-01" status="published"><classification-symbol>A63G31/16</classification-symbol><class-title date-revised="2013-01-01"><title-part><text>creating illusions of travel</text></title-part></class-title></classification-item></classification-item>
<classification-item breakdown-code="false" not-allocatable="false" level="7" additional-only="false" sort-key="A63G33/00" definition-exists="true" ipc-concordant="A63G33/00" c-set-base-allowed="false" c-set-subsequent-allowed="true" date-revised="2013-01-01" status="published"><classification-symbol>A63G33/00</classification-symbol><class-title date-revised="2013-01-01"><title-part><text>Devices allowing competitions between several persons, not otherwise provided for</text></title-part></class-title></classification-item></classification-item>
<classification-item breakdown-code="true" not-allocatable="true" level="6" additional-only="true" sort-key="A63G200/00" date-revised="2013-01-01" status="published"><classification-symbol>A63G2200/00</classification-symbol>
<classification-item breakdown-code="true" not-allocatable="false" level="7" additional-only="true" sort-key="A63G200/00" definition-exists="false" ipc-concordant="CPCONLY" c-set-base-allowed="false" c-set-subsequent-allowed="true" date-revised="2013-01-01" status="published"><classification-symbol>A63G2200/00</classification-symbol><class-title date-revised="2013-01-01"><title-part><text>Means for transporting or storing public amusement arrangements</text></title-part></class-title></classification-item></classification-item></classification-item></class-scheme>