<?xml version="1.0" encoding="UTF-8"?>
<class-scheme publication-date="2023-08-01" scheme-type="cpc" publication-type="official">
<classification-item breakdown-code="false" not-allocatable="true" level="5" additional-only="false" sort-key="B82Y" definition-exists="true" date-revised="2021-01-01" status="published"><classification-symbol>B82Y</classification-symbol><class-title date-revised="2017-08-01"><title-part><text>SPECIFIC USES OR APPLICATIONS OF NANOSTRUCTURES</text></title-part><title-part><text>MEASUREMENT OR ANALYSIS OF NANOSTRUCTURES</text></title-part><title-part><text>MANUFACTURE OR TREATMENT OF NANOSTRUCTURES</text></title-part></class-title><notes-and-warnings date-revised="2013-01-01"><note type="note"><note-paragraph>This subclass <u>covers</u> applications and aspects of nanostructures which are produced by any method, and is not restricted to those that are formed by manipulation of individual atoms or molecules.</note-paragraph><note-paragraph>Attention is drawn to the Note following the title of class <class-ref scheme="cpc">B82</class-ref>, which defines the meaning of the terms &quot;nanosize&quot;, &quot;nanoscale&quot; and &quot;nanostructure&quot; in this subclass.</note-paragraph><note-paragraph>This subclass is intended to enable a comprehensive search of subject matter related to nanostructures by combination of classification symbols of this subclass with classification symbols from other subclasses. Therefore this subclass <u>covers</u> aspects of nanostructures that might also be entirely or partially covered elsewhere in the IPC.</note-paragraph><note-paragraph>This subclass is for secondary classification, i.e. obligatory supplementary classification of subject matter already classified as such in other classification places, e.g. :<table><row><entry><class-ref scheme="cpc">B82B</class-ref></entry><entry> Nanostructures formed by individual manipulation of atoms, molecules, or limited collections of atoms or molecules as discrete units; manufacture or treatment thereof </entry></row><row><entry><class-ref scheme="cpc">A61K9/51</class-ref></entry><entry> Nanocapsules for medicinal preparations </entry></row><row><entry><class-ref scheme="cpc">B05D1/20</class-ref></entry><entry> Langmuir-Blodgett films </entry></row><row><entry><class-ref scheme="cpc">C01B32/05</class-ref></entry><entry> Carbon nanostructures, e.g. bucky-balls, nanotubes, nanocoils, nanodoughnuts or nanoonions </entry></row><row><entry><class-ref scheme="cpc">G01Q</class-ref></entry><entry> Scanning probe techniques </entry></row><row><entry><class-ref scheme="cpc">G02F1/017</class-ref></entry><entry> Optical quantum wells or boxes </entry></row><row><entry><class-ref scheme="cpc">H01F10/32</class-ref></entry><entry> Nanostructured thin magnetic films </entry></row><row><entry><class-ref scheme="cpc">H01F41/30</class-ref></entry><entry> Molecular beam epitaxy [MBE] </entry></row><row><entry><class-ref scheme="cpc">H01L29/775</class-ref></entry><entry> Quantum wire FETs </entry></row></table></note-paragraph><note-paragraph>The classification symbols of this subclass are not listed first when assigned to patent documents.</note-paragraph></note></notes-and-warnings>
<classification-item breakdown-code="false" not-allocatable="true" level="6" additional-only="false" sort-key="B82Y5/00" date-revised="2013-01-01" status="published"><classification-symbol>B82Y5/00</classification-symbol>
<classification-item breakdown-code="false" not-allocatable="false" level="7" additional-only="false" sort-key="B82Y5/00" definition-exists="true" ipc-concordant="B82Y5/00" c-set-base-allowed="false" c-set-subsequent-allowed="true" date-revised="2017-08-01" status="published"><classification-symbol>B82Y5/00</classification-symbol><class-title date-revised="2017-08-01"><title-part><text>Nanobiotechnology or nanomedicine, e.g. protein engineering or drug delivery</text></title-part></class-title></classification-item>
<classification-item breakdown-code="false" not-allocatable="false" level="7" additional-only="false" sort-key="B82Y10/00" definition-exists="true" ipc-concordant="B82Y10/00" c-set-base-allowed="false" c-set-subsequent-allowed="true" date-revised="2017-08-01" status="published"><classification-symbol>B82Y10/00</classification-symbol><class-title date-revised="2017-08-01"><title-part><text>Nanotechnology for information processing, storage or transmission, e.g. quantum computing or single electron logic</text></title-part></class-title></classification-item>
<classification-item breakdown-code="false" not-allocatable="false" level="7" additional-only="false" sort-key="B82Y15/00" definition-exists="true" ipc-concordant="B82Y15/00" c-set-base-allowed="false" c-set-subsequent-allowed="true" date-revised="2017-08-01" status="published"><classification-symbol>B82Y15/00</classification-symbol><class-title date-revised="2017-08-01"><title-part><text>Nanotechnology for interacting, sensing or actuating, e.g. quantum dots as markers in protein assays or molecular motors</text></title-part></class-title></classification-item>
<classification-item breakdown-code="false" not-allocatable="false" level="7" additional-only="false" sort-key="B82Y20/00" definition-exists="true" ipc-concordant="B82Y20/00" c-set-base-allowed="false" c-set-subsequent-allowed="true" date-revised="2017-08-01" status="published"><classification-symbol>B82Y20/00</classification-symbol><class-title date-revised="2017-08-01"><title-part><text>Nanooptics, e.g. quantum optics or photonic crystals</text></title-part></class-title></classification-item>
<classification-item breakdown-code="false" not-allocatable="false" level="7" additional-only="false" sort-key="B82Y25/00" definition-exists="true" ipc-concordant="B82Y25/00" c-set-base-allowed="false" c-set-subsequent-allowed="true" date-revised="2017-08-01" status="published"><classification-symbol>B82Y25/00</classification-symbol><class-title date-revised="2017-08-01"><title-part><text>Nanomagnetism, e.g. magnetoimpedance, anisotropic magnetoresistance, giant magnetoresistance or tunneling magnetoresistance</text></title-part></class-title></classification-item>
<classification-item breakdown-code="false" not-allocatable="false" level="7" additional-only="false" sort-key="B82Y30/00" definition-exists="true" ipc-concordant="B82Y30/00" c-set-base-allowed="false" c-set-subsequent-allowed="true" date-revised="2017-08-01" status="published"><classification-symbol>B82Y30/00</classification-symbol><class-title date-revised="2017-08-01"><title-part><text>Nanotechnology for materials or surface science, e.g. nanocomposites</text></title-part></class-title></classification-item>
<classification-item breakdown-code="false" not-allocatable="false" level="7" additional-only="false" sort-key="B82Y35/00" definition-exists="true" ipc-concordant="B82Y35/00" c-set-base-allowed="false" c-set-subsequent-allowed="true" date-revised="2017-08-01" status="published"><classification-symbol>B82Y35/00</classification-symbol><class-title date-revised="2017-08-01"><title-part><text>Methods or apparatus for measurement or analysis of nanostructures</text></title-part></class-title></classification-item>
<classification-item breakdown-code="false" not-allocatable="false" level="7" additional-only="false" sort-key="B82Y40/00" definition-exists="true" ipc-concordant="B82Y40/00" c-set-base-allowed="false" c-set-subsequent-allowed="true" date-revised="2017-08-01" status="published"><classification-symbol>B82Y40/00</classification-symbol><class-title date-revised="2017-08-01"><title-part><text>Manufacture or treatment of nanostructures</text></title-part></class-title></classification-item>
<classification-item breakdown-code="false" not-allocatable="false" level="7" additional-only="false" sort-key="B82Y99/00" definition-exists="true" ipc-concordant="B82Y99/00" c-set-base-allowed="false" c-set-subsequent-allowed="true" date-revised="2013-01-01" status="published"><classification-symbol>B82Y99/00</classification-symbol><class-title date-revised="2013-01-01"><title-part><text>Subject matter not provided for in other groups of this subclass</text></title-part></class-title></classification-item></classification-item></classification-item></class-scheme>