<?xml version="1.0" encoding="UTF-8"?>
<class-scheme publication-date="2023-08-01" scheme-type="cpc" publication-type="official">
<classification-item breakdown-code="false" not-allocatable="true" level="5" additional-only="false" sort-key="A45B" definition-exists="true" date-revised="2020-05-01" status="published"><classification-symbol>A45B</classification-symbol><class-title date-revised="2017-08-01"><title-part><text>WALKING STICKS </text><reference><text>walking aids, e.g. sticks, for blind persons <class-ref scheme="cpc">A61H3/06</class-ref></text></reference></title-part><title-part><text>UMBRELLAS</text></title-part><title-part><text>LADIES&apos; OR LIKE FANS </text><reference><text>cane or umbrella stands or holders <class-ref scheme="cpc">A47G25/12</class-ref></text></reference></title-part></class-title><notes-and-warnings date-revised="2013-01-01"><note type="note"><note-paragraph>In this subclass, the following term is used with the meaning indicated: <subnote type="bullet"><note-paragraph>&quot;umbrellas&quot; also covers sunshades similar in construction to  umbrellas</note-paragraph></subnote></note-paragraph></note><note type="warning"><note-paragraph>In this subclass non-limiting references (in the sense of paragraph 39 of the Guide to the IPC) may still be displayed in the scheme.</note-paragraph></note></notes-and-warnings>
<classification-item breakdown-code="false" not-allocatable="true" level="6" additional-only="false" sort-key="A45B1/00" date-revised="2013-01-01" status="published"><classification-symbol>A45B1/00</classification-symbol><class-title date-revised="2013-01-01"><title-part><text>Walking sticks</text></title-part><title-part><text>Sticks for umbrellas </text><reference><text>walking aids, e.g. sticks, for blind persons <class-ref scheme="cpc">A61H3/06</class-ref>; walking sticks formed as supports or tripod stands <class-ref scheme="cpc">F16M13/08</class-ref></text></reference></title-part></class-title>
<classification-item breakdown-code="false" not-allocatable="false" level="7" additional-only="false" sort-key="A45B1/00" definition-exists="true" ipc-concordant="A45B1/00" c-set-base-allowed="false" c-set-subsequent-allowed="true" date-revised="2013-01-01" status="published"><classification-symbol>A45B1/00</classification-symbol><class-title date-revised="2013-01-01"><title-part><text>Sticks with supporting, hanging or carrying means</text></title-part></class-title>
<classification-item breakdown-code="false" not-allocatable="false" level="8" additional-only="false" sort-key="A45B1/02" definition-exists="true" ipc-concordant="A45B1/02" c-set-base-allowed="false" c-set-subsequent-allowed="true" date-revised="2013-01-01" status="published"><classification-symbol>A45B1/02</classification-symbol><class-title date-revised="2013-01-01"><title-part><text>Walking sticks with rollers for carrying parcels or the like</text></title-part></class-title></classification-item>
<classification-item breakdown-code="false" not-allocatable="false" level="8" additional-only="false" sort-key="A45B1/04" definition-exists="true" ipc-concordant="A45B1/04" c-set-base-allowed="false" c-set-subsequent-allowed="true" date-revised="2017-08-01" status="published"><classification-symbol>A45B1/04</classification-symbol><class-title date-revised="2017-08-01"><title-part><text>Walking sticks with means for hanging-up or with locks</text></title-part></class-title></classification-item></classification-item>
<classification-item breakdown-code="false" not-allocatable="false" level="7" additional-only="false" sort-key="A45B3/00" definition-exists="true" ipc-concordant="A45B3/00" c-set-base-allowed="false" c-set-subsequent-allowed="true" date-revised="2013-01-01" status="published"><classification-symbol>A45B3/00</classification-symbol><class-title date-revised="2013-01-01"><title-part><text>Sticks combined with other objects</text></title-part></class-title>
<classification-item breakdown-code="false" not-allocatable="false" level="8" additional-only="false" sort-key="A45B3/02" definition-exists="true" ipc-concordant="A45B3/02" c-set-base-allowed="false" c-set-subsequent-allowed="true" date-revised="2013-01-01" status="published"><classification-symbol>A45B3/02</classification-symbol><class-title date-revised="2013-01-01"><title-part><text>with illuminating devices</text></title-part></class-title>
<classification-item breakdown-code="false" not-allocatable="false" level="9" additional-only="false" sort-key="A45B3/04" definition-exists="true" ipc-concordant="A45B3/04" c-set-base-allowed="false" c-set-subsequent-allowed="true" date-revised="2013-01-01" status="published"><classification-symbol>A45B3/04</classification-symbol><class-title date-revised="2013-01-01"><title-part><text>electrical</text></title-part></class-title></classification-item></classification-item>
<classification-item breakdown-code="false" not-allocatable="false" level="8" additional-only="false" sort-key="A45B3/06" definition-exists="true" ipc-concordant="A45B3/06" c-set-base-allowed="false" c-set-subsequent-allowed="true" date-revised="2013-01-01" status="published"><classification-symbol>A45B3/06</classification-symbol><class-title date-revised="2013-01-01"><title-part><text>with coat-hangers</text></title-part></class-title></classification-item>
<classification-item breakdown-code="false" not-allocatable="false" level="8" additional-only="false" sort-key="A45B3/08" definition-exists="true" ipc-concordant="A45B3/08" c-set-base-allowed="false" c-set-subsequent-allowed="true" date-revised="2013-01-01" status="published"><classification-symbol>A45B3/08</classification-symbol><class-title date-revised="2013-01-01"><title-part><text>with measuring or weighing appliances</text></title-part></class-title></classification-item>
<classification-item breakdown-code="false" not-allocatable="false" level="8" additional-only="false" sort-key="A45B3/10" definition-exists="true" ipc-concordant="A45B3/10" c-set-base-allowed="false" c-set-subsequent-allowed="true" date-revised="2013-01-01" status="published"><classification-symbol>A45B3/10</classification-symbol><class-title date-revised="2013-01-01"><title-part><text>with purses</text></title-part></class-title></classification-item>
<classification-item breakdown-code="false" not-allocatable="false" level="8" additional-only="false" sort-key="A45B3/12" definition-exists="false" ipc-concordant="A45B3/12" c-set-base-allowed="false" c-set-subsequent-allowed="true" date-revised="2013-01-01" status="published"><classification-symbol>A45B3/12</classification-symbol><class-title date-revised="2013-01-01"><title-part><text>with telescopes</text></title-part></class-title></classification-item>
<classification-item breakdown-code="false" not-allocatable="false" level="8" additional-only="false" sort-key="A45B3/14" definition-exists="true" ipc-concordant="A45B3/14" c-set-base-allowed="false" c-set-subsequent-allowed="true" date-revised="2013-01-01" status="published"><classification-symbol>A45B3/14</classification-symbol><class-title date-revised="2013-01-01"><title-part><text>with weapons</text></title-part></class-title></classification-item>
<classification-item breakdown-code="false" not-allocatable="false" level="8" additional-only="false" sort-key="A45B3/16" definition-exists="true" ipc-concordant="A45B3/16" c-set-base-allowed="false" c-set-subsequent-allowed="true" date-revised="2013-01-01" status="published"><classification-symbol>A45B3/16</classification-symbol><class-title date-revised="2013-01-01"><title-part><text>with smoking appliances</text></title-part></class-title></classification-item></classification-item>
<classification-item breakdown-code="false" not-allocatable="false" level="7" additional-only="false" sort-key="A45B5/00" definition-exists="true" ipc-concordant="A45B5/00" c-set-base-allowed="false" c-set-subsequent-allowed="true" date-revised="2013-01-01" status="published"><classification-symbol>A45B5/00</classification-symbol><class-title date-revised="2013-01-01"><title-part><text>Walking sticks or umbrellas convertible into seats</text></title-part><title-part><text>Hunting sticks</text></title-part></class-title></classification-item>
<classification-item breakdown-code="false" not-allocatable="false" level="7" additional-only="false" sort-key="A45B7/00" definition-exists="true" ipc-concordant="A45B7/00" c-set-base-allowed="false" c-set-subsequent-allowed="true" date-revised="2013-01-01" status="published"><classification-symbol>A45B7/00</classification-symbol><class-title date-revised="2013-01-01"><title-part><text>Other sticks, e.g. of cranked shape</text></title-part></class-title>
<classification-item breakdown-code="false" not-allocatable="false" level="8" additional-only="false" sort-key="A45B7/005" definition-exists="true" ipc-concordant="A45B7/00" c-set-base-allowed="false" c-set-subsequent-allowed="true" date-revised="2013-01-01" status="published"><classification-symbol>A45B7/005</classification-symbol><class-title date-revised="2013-01-01"><title-part><CPC-specific-text><text>crank-shaped</text></CPC-specific-text></title-part></class-title></classification-item></classification-item>
<classification-item breakdown-code="false" not-allocatable="false" level="7" additional-only="false" sort-key="A45B9/00" definition-exists="true" ipc-concordant="A45B9/00" c-set-base-allowed="false" c-set-subsequent-allowed="true" date-revised="2013-01-01" status="published"><classification-symbol>A45B9/00</classification-symbol><class-title date-revised="2013-01-01"><title-part><text>Details</text></title-part></class-title>
<classification-item breakdown-code="true" not-allocatable="false" level="8" additional-only="true" sort-key="A45B9/002" definition-exists="false" ipc-concordant="A45B9/00" c-set-base-allowed="false" c-set-subsequent-allowed="true" date-revised="2013-01-01" status="published"><classification-symbol>A45B2009/002</classification-symbol><class-title date-revised="2013-01-01"><title-part><CPC-specific-text><text>Accessories</text></CPC-specific-text></title-part></class-title></classification-item>
<classification-item breakdown-code="true" not-allocatable="false" level="8" additional-only="true" sort-key="A45B9/005" definition-exists="false" ipc-concordant="A45B9/00" c-set-base-allowed="false" c-set-subsequent-allowed="true" date-revised="2013-01-01" status="published"><classification-symbol>A45B2009/005</classification-symbol><class-title date-revised="2013-01-01"><title-part><CPC-specific-text><text>Shafts</text></CPC-specific-text></title-part></class-title>
<classification-item breakdown-code="true" not-allocatable="false" level="9" additional-only="true" sort-key="A45B9/007" definition-exists="false" ipc-concordant="A45B9/00" c-set-base-allowed="false" c-set-subsequent-allowed="true" date-revised="2013-01-01" status="published"><classification-symbol>A45B2009/007</classification-symbol><class-title date-revised="2013-01-01"><title-part><CPC-specific-text><text>of adjustable length, e.g. telescopic shafts</text></CPC-specific-text></title-part></class-title></classification-item></classification-item>
<classification-item breakdown-code="false" not-allocatable="false" level="8" additional-only="false" sort-key="A45B9/02" definition-exists="true" ipc-concordant="A45B9/02" c-set-base-allowed="false" c-set-subsequent-allowed="true" date-revised="2013-01-01" status="published"><classification-symbol>A45B9/02</classification-symbol><class-title date-revised="2013-01-01"><title-part><text>Handles or heads</text></title-part></class-title>
<classification-item breakdown-code="true" not-allocatable="false" level="9" additional-only="true" sort-key="A45B9/025" definition-exists="false" ipc-concordant="A45B9/02" c-set-base-allowed="false" c-set-subsequent-allowed="true" date-revised="2013-01-01" status="published"><classification-symbol>A45B2009/025</classification-symbol><class-title date-revised="2013-01-01"><title-part><CPC-specific-text><text>releasably connected to a wrist strap or a glove</text></CPC-specific-text></title-part></class-title></classification-item></classification-item>
<classification-item breakdown-code="false" not-allocatable="false" level="8" additional-only="false" sort-key="A45B9/04" definition-exists="true" ipc-concordant="A45B9/04" c-set-base-allowed="false" c-set-subsequent-allowed="true" date-revised="2013-01-01" status="published"><classification-symbol>A45B9/04</classification-symbol><class-title date-revised="2013-01-01"><title-part><text>Ferrules or tips </text><CPC-specific-text><reference><text>for crutches <class-ref scheme="cpc">A61H3/0288</class-ref></text></reference></CPC-specific-text></title-part></class-title></classification-item>
<classification-item breakdown-code="false" not-allocatable="false" level="8" additional-only="false" sort-key="A45B9/06" definition-exists="true" ipc-concordant="A45B9/06" c-set-base-allowed="false" c-set-subsequent-allowed="true" date-revised="2013-01-01" status="published"><classification-symbol>A45B9/06</classification-symbol><class-title date-revised="2013-01-01"><title-part><text>Sticks with name-plates or the like</text></title-part></class-title></classification-item></classification-item></classification-item>
<classification-item breakdown-code="false" not-allocatable="true" level="6" additional-only="false" sort-key="A45B11/00" date-revised="2013-01-01" status="published"><classification-symbol>A45B11/00</classification-symbol><class-title date-revised="2013-01-01"><title-part><text>Umbrellas </text><reference><text>tables with means for holding umbrellas <class-ref scheme="cpc">A47B37/04</class-ref></text></reference></title-part></class-title>
<classification-item breakdown-code="false" not-allocatable="false" level="7" additional-only="false" sort-key="A45B11/00" definition-exists="true" ipc-concordant="A45B11/00" c-set-base-allowed="false" c-set-subsequent-allowed="true" date-revised="2013-01-01" status="published"><classification-symbol>A45B11/00</classification-symbol><class-title date-revised="2013-01-01"><title-part><text>Umbrellas characterised by their shape or attachment</text></title-part></class-title>
<classification-item breakdown-code="true" not-allocatable="false" level="8" additional-only="true" sort-key="A45B11/005" definition-exists="false" ipc-concordant="A45B11/00" c-set-base-allowed="false" c-set-subsequent-allowed="true" date-revised="2013-01-01" status="published"><classification-symbol>A45B2011/005</classification-symbol><class-title date-revised="2013-01-01"><title-part><CPC-specific-text><text>characterised by their shape</text></CPC-specific-text></title-part></class-title></classification-item>
<classification-item breakdown-code="false" not-allocatable="false" level="8" additional-only="false" sort-key="A45B11/02" definition-exists="true" ipc-concordant="A45B11/02" c-set-base-allowed="false" c-set-subsequent-allowed="true" date-revised="2013-01-01" status="published"><classification-symbol>A45B11/02</classification-symbol><class-title date-revised="2013-01-01"><title-part><text>attached to the body of the user</text></title-part></class-title></classification-item>
<classification-item breakdown-code="false" not-allocatable="false" level="8" additional-only="false" sort-key="A45B11/04" definition-exists="true" ipc-concordant="A45B11/04" c-set-base-allowed="false" c-set-subsequent-allowed="true" date-revised="2013-01-01" status="published"><classification-symbol>A45B11/04</classification-symbol><class-title date-revised="2013-01-01"><title-part><text>mounted on the head of the user</text></title-part></class-title></classification-item></classification-item>
<classification-item breakdown-code="false" not-allocatable="false" level="7" additional-only="false" sort-key="A45B13/00" definition-exists="true" ipc-concordant="A45B13/00" c-set-base-allowed="false" c-set-subsequent-allowed="true" date-revised="2013-01-01" status="published"><classification-symbol>A45B13/00</classification-symbol><class-title date-revised="2013-01-01"><title-part><text>Umbrellas made of paper</text></title-part></class-title></classification-item>
<classification-item breakdown-code="false" not-allocatable="false" level="7" additional-only="false" sort-key="A45B15/00" definition-exists="true" ipc-concordant="A45B15/00" c-set-base-allowed="false" c-set-subsequent-allowed="true" date-revised="2013-01-01" status="published"><classification-symbol>A45B15/00</classification-symbol><class-title date-revised="2013-01-01"><title-part><text>Umbrellas with detachable covers</text></title-part></class-title></classification-item>
<classification-item breakdown-code="false" not-allocatable="false" level="7" additional-only="false" sort-key="A45B17/00" definition-exists="true" ipc-concordant="A45B17/00" c-set-base-allowed="false" c-set-subsequent-allowed="true" date-revised="2013-01-01" status="published"><classification-symbol>A45B17/00</classification-symbol><class-title date-revised="2013-01-01"><title-part><text>Tiltable umbrellas</text></title-part></class-title>
<classification-item breakdown-code="true" not-allocatable="false" level="8" additional-only="true" sort-key="A45B17/005" definition-exists="false" ipc-concordant="A45B17/00" c-set-base-allowed="false" c-set-subsequent-allowed="true" date-revised="2013-01-01" status="published"><classification-symbol>A45B2017/005</classification-symbol><class-title date-revised="2013-01-01"><title-part><CPC-specific-text><text>with additional rotation about a vertical axis</text></CPC-specific-text></title-part></class-title></classification-item></classification-item>
<classification-item breakdown-code="false" not-allocatable="false" level="7" additional-only="false" sort-key="A45B19/00" definition-exists="true" ipc-concordant="A45B19/00" c-set-base-allowed="false" c-set-subsequent-allowed="true" date-revised="2013-01-01" status="published"><classification-symbol>A45B19/00</classification-symbol><class-title date-revised="2013-01-01"><title-part><text>Special folding or telescoping of umbrellas</text></title-part></class-title>
<classification-item breakdown-code="true" not-allocatable="false" level="8" additional-only="true" sort-key="A45B19/001" definition-exists="false" ipc-concordant="A45B19/00" c-set-base-allowed="false" c-set-subsequent-allowed="true" date-revised="2013-01-01" status="published"><classification-symbol>A45B2019/001</classification-symbol><class-title date-revised="2013-01-01"><title-part><CPC-specific-text><text>with elastic ribs</text></CPC-specific-text></title-part></class-title></classification-item>
<classification-item breakdown-code="true" not-allocatable="false" level="8" additional-only="true" sort-key="A45B19/002" definition-exists="false" ipc-concordant="A45B19/00" c-set-base-allowed="false" c-set-subsequent-allowed="true" date-revised="2013-01-01" status="published"><classification-symbol>A45B2019/002</classification-symbol><class-title date-revised="2013-01-01"><title-part><CPC-specific-text><text>Umbrellas stored inside the stick when closed, e.g. collapsible into the handle</text></CPC-specific-text></title-part></class-title></classification-item>
<classification-item breakdown-code="true" not-allocatable="false" level="8" additional-only="true" sort-key="A45B19/004" definition-exists="false" ipc-concordant="A45B19/00" c-set-base-allowed="false" c-set-subsequent-allowed="true" date-revised="2013-01-01" status="published"><classification-symbol>A45B2019/004</classification-symbol><class-title date-revised="2013-01-01"><title-part><CPC-specific-text><text>with rigid ribs</text></CPC-specific-text></title-part></class-title></classification-item>
<classification-item breakdown-code="true" not-allocatable="false" level="8" additional-only="true" sort-key="A45B19/005" definition-exists="false" ipc-concordant="A45B19/00" c-set-base-allowed="false" c-set-subsequent-allowed="true" date-revised="2013-01-01" status="published"><classification-symbol>A45B2019/005</classification-symbol><class-title date-revised="2013-01-01"><title-part><CPC-specific-text><text>without stick</text></CPC-specific-text></title-part></class-title></classification-item>
<classification-item breakdown-code="true" not-allocatable="false" level="8" additional-only="true" sort-key="A45B19/007" definition-exists="false" ipc-concordant="A45B19/00" c-set-base-allowed="false" c-set-subsequent-allowed="true" date-revised="2013-01-01" status="published"><classification-symbol>A45B2019/007</classification-symbol><class-title date-revised="2013-01-01"><title-part><CPC-specific-text><text>without stretchers</text></CPC-specific-text></title-part></class-title></classification-item>
<classification-item breakdown-code="true" not-allocatable="false" level="8" additional-only="true" sort-key="A45B19/008" definition-exists="false" ipc-concordant="A45B19/00" c-set-base-allowed="false" c-set-subsequent-allowed="true" date-revised="2013-01-01" status="published"><classification-symbol>A45B2019/008</classification-symbol><class-title date-revised="2013-01-01"><title-part><CPC-specific-text><text>Umbrellas having upward pointing rib ends when closed, i.e. the lower dry side of the cover facing the outside when closed</text></CPC-specific-text></title-part></class-title></classification-item>
<classification-item breakdown-code="false" not-allocatable="false" level="8" additional-only="false" sort-key="A45B19/02" definition-exists="true" ipc-concordant="A45B19/02" c-set-base-allowed="false" c-set-subsequent-allowed="true" date-revised="2013-01-01" status="published"><classification-symbol>A45B19/02</classification-symbol><class-title date-revised="2013-01-01"><title-part><text>Inflatable umbrellas</text></title-part><title-part><text>Umbrellas without ribs</text></title-part></class-title>
<classification-item breakdown-code="true" not-allocatable="false" level="9" additional-only="true" sort-key="A45B19/023" definition-exists="false" ipc-concordant="A45B19/02" c-set-base-allowed="false" c-set-subsequent-allowed="true" date-revised="2013-01-01" status="published"><classification-symbol>A45B2019/023</classification-symbol><class-title date-revised="2013-01-01"><title-part><CPC-specific-text><text>Umbrellas with stretchers only</text></CPC-specific-text></title-part></class-title></classification-item>
<classification-item breakdown-code="true" not-allocatable="false" level="9" additional-only="true" sort-key="A45B19/026" definition-exists="false" ipc-concordant="A45B19/02" c-set-base-allowed="false" c-set-subsequent-allowed="true" date-revised="2013-01-01" status="published"><classification-symbol>A45B2019/026</classification-symbol><class-title date-revised="2013-01-01"><title-part><CPC-specific-text><text>Umbrellas without ribs</text></CPC-specific-text></title-part></class-title></classification-item></classification-item>
<classification-item breakdown-code="false" not-allocatable="false" level="8" additional-only="false" sort-key="A45B19/04" definition-exists="true" ipc-concordant="A45B19/04" c-set-base-allowed="false" c-set-subsequent-allowed="true" date-revised="2013-01-01" status="published"><classification-symbol>A45B19/04</classification-symbol><class-title date-revised="2013-01-01"><title-part><text>with telescopic sticks</text></title-part></class-title></classification-item>
<classification-item breakdown-code="false" not-allocatable="false" level="8" additional-only="false" sort-key="A45B19/06" definition-exists="true" ipc-concordant="A45B19/06" c-set-base-allowed="false" c-set-subsequent-allowed="true" date-revised="2013-01-01" status="published"><classification-symbol>A45B19/06</classification-symbol><class-title date-revised="2013-01-01"><title-part><text>with telescopic ribs</text></title-part></class-title></classification-item>
<classification-item breakdown-code="false" not-allocatable="false" level="8" additional-only="false" sort-key="A45B19/08" definition-exists="true" ipc-concordant="A45B19/08" c-set-base-allowed="false" c-set-subsequent-allowed="true" date-revised="2013-01-01" status="published"><classification-symbol>A45B19/08</classification-symbol><class-title date-revised="2013-01-01"><title-part><text>with collapsible sticks</text></title-part></class-title></classification-item>
<classification-item breakdown-code="false" not-allocatable="false" level="8" additional-only="false" sort-key="A45B19/10" definition-exists="true" ipc-concordant="A45B19/10" c-set-base-allowed="false" c-set-subsequent-allowed="true" date-revised="2013-01-01" status="published"><classification-symbol>A45B19/10</classification-symbol><class-title date-revised="2013-01-01"><title-part><text>with collapsible ribs</text></title-part></class-title>
<classification-item breakdown-code="false" not-allocatable="false" level="9" additional-only="false" sort-key="A45B19/12" definition-exists="true" ipc-concordant="A45B19/12" c-set-base-allowed="false" c-set-subsequent-allowed="true" date-revised="2013-01-01" status="published"><classification-symbol>A45B19/12</classification-symbol><class-title date-revised="2013-01-01"><title-part><text>in the form of lazy-tongs</text></title-part></class-title></classification-item></classification-item></classification-item>
<classification-item breakdown-code="false" not-allocatable="false" level="7" additional-only="false" sort-key="A45B21/00" definition-exists="true" ipc-concordant="A45B21/00" c-set-base-allowed="false" c-set-subsequent-allowed="true" date-revised="2013-01-01" status="published"><classification-symbol>A45B21/00</classification-symbol><class-title date-revised="2013-01-01"><title-part><text>Umbrellas convertible into walking sticks</text></title-part></class-title></classification-item>
<classification-item breakdown-code="false" not-allocatable="false" level="7" additional-only="false" sort-key="A45B23/00" definition-exists="true" ipc-concordant="A45B23/00" c-set-base-allowed="false" c-set-subsequent-allowed="true" date-revised="2013-01-01" status="published"><classification-symbol>A45B23/00</classification-symbol><class-title date-revised="2013-01-01"><title-part><text>Other umbrellas</text></title-part></class-title>
<classification-item breakdown-code="true" not-allocatable="false" level="8" additional-only="true" sort-key="A45B23/0006" definition-exists="false" ipc-concordant="A45B23/00" c-set-base-allowed="false" c-set-subsequent-allowed="true" date-revised="2013-01-01" status="published"><classification-symbol>A45B2023/0006</classification-symbol><class-title date-revised="2013-01-01"><title-part><CPC-specific-text><text>Portable, self supported sunshades or weather protections</text></CPC-specific-text></title-part></class-title></classification-item>
<classification-item breakdown-code="true" not-allocatable="false" level="8" additional-only="true" sort-key="A45B23/0012" definition-exists="false" ipc-concordant="A45B23/00" c-set-base-allowed="false" c-set-subsequent-allowed="true" date-revised="2013-01-01" status="published"><classification-symbol>A45B2023/0012</classification-symbol><class-title date-revised="2013-01-01"><title-part><CPC-specific-text><text>Ground supported umbrellas or sunshades on a single post, e.g. resting in or on a surface there below</text></CPC-specific-text></title-part></class-title>
<classification-item breakdown-code="true" not-allocatable="false" level="9" additional-only="true" sort-key="A45B23/0018" definition-exists="false" ipc-concordant="A45B23/00" c-set-base-allowed="false" c-set-subsequent-allowed="true" date-revised="2013-01-01" status="published"><classification-symbol>A45B2023/0018</classification-symbol><class-title date-revised="2013-01-01"><title-part><CPC-specific-text><text>with a canopy in form of an inverted cone</text></CPC-specific-text></title-part></class-title></classification-item></classification-item>
<classification-item breakdown-code="true" not-allocatable="false" level="8" additional-only="true" sort-key="A45B23/0025" definition-exists="false" ipc-concordant="A45B23/00" c-set-base-allowed="false" c-set-subsequent-allowed="true" date-revised="2013-01-01" status="published"><classification-symbol>A45B2023/0025</classification-symbol><class-title date-revised="2013-01-01"><title-part><CPC-specific-text><text>Umbrellas or sunshades mounted laterally on a wall or on an apparatus</text></CPC-specific-text></title-part></class-title></classification-item>
<classification-item breakdown-code="true" not-allocatable="false" level="8" additional-only="true" sort-key="A45B23/0031" definition-exists="false" ipc-concordant="A45B23/00" c-set-base-allowed="false" c-set-subsequent-allowed="true" date-revised="2013-01-01" status="published"><classification-symbol>A45B2023/0031</classification-symbol><class-title date-revised="2013-01-01"><title-part><CPC-specific-text><text>Cantilever umbrellas or sunshades with a support arm</text></CPC-specific-text></title-part></class-title>
<classification-item breakdown-code="true" not-allocatable="false" level="9" additional-only="true" sort-key="A45B23/0037" definition-exists="false" ipc-concordant="A45B23/00" c-set-base-allowed="false" c-set-subsequent-allowed="true" date-revised="2013-01-01" status="published"><classification-symbol>A45B2023/0037</classification-symbol><class-title date-revised="2013-01-01"><title-part><CPC-specific-text><text>the support arm being attached to the stick or to the crown, the canopy being suspended there below</text></CPC-specific-text></title-part></class-title></classification-item>
<classification-item breakdown-code="true" not-allocatable="false" level="9" additional-only="true" sort-key="A45B23/0043" definition-exists="false" ipc-concordant="A45B23/00" c-set-base-allowed="false" c-set-subsequent-allowed="true" date-revised="2013-01-01" status="published"><classification-symbol>A45B2023/0043</classification-symbol><class-title date-revised="2013-01-01"><title-part><CPC-specific-text><text>the support arm being attached to the stick or to runner, the canopy being suspended there above</text></CPC-specific-text></title-part></class-title></classification-item>
<classification-item breakdown-code="true" not-allocatable="false" level="9" additional-only="true" sort-key="A45B23/005" definition-exists="false" ipc-concordant="A45B23/00" c-set-base-allowed="false" c-set-subsequent-allowed="true" date-revised="2013-01-01" status="published"><classification-symbol>A45B2023/005</classification-symbol><class-title date-revised="2013-01-01"><title-part><CPC-specific-text><text>the support arm being attached to a rib or being formed by a rib</text></CPC-specific-text></title-part></class-title></classification-item>
<classification-item breakdown-code="true" not-allocatable="false" level="9" additional-only="true" sort-key="A45B23/0056" definition-exists="false" ipc-concordant="A45B23/00" c-set-base-allowed="false" c-set-subsequent-allowed="true" date-revised="2013-01-01" status="published"><classification-symbol>A45B2023/0056</classification-symbol><class-title date-revised="2013-01-01"><title-part><CPC-specific-text><text>the support arm being formed by lazy-tongs, one support arm being a rib and the other arm being attached to the runner and to the rib</text></CPC-specific-text></title-part></class-title></classification-item>
<classification-item breakdown-code="true" not-allocatable="false" level="9" additional-only="true" sort-key="A45B23/0062" definition-exists="false" ipc-concordant="A45B23/00" c-set-base-allowed="false" c-set-subsequent-allowed="true" date-revised="2013-01-01" status="published"><classification-symbol>A45B2023/0062</classification-symbol><class-title date-revised="2013-01-01"><title-part><CPC-specific-text><text>the support arm being telescopic</text></CPC-specific-text></title-part></class-title></classification-item>
<classification-item breakdown-code="true" not-allocatable="false" level="9" additional-only="true" sort-key="A45B23/0068" definition-exists="false" ipc-concordant="A45B23/00" c-set-base-allowed="false" c-set-subsequent-allowed="true" date-revised="2013-01-01" status="published"><classification-symbol>A45B2023/0068</classification-symbol><class-title date-revised="2013-01-01"><title-part><CPC-specific-text><text>the support arm being foldable</text></CPC-specific-text></title-part></class-title></classification-item>
<classification-item breakdown-code="true" not-allocatable="false" level="9" additional-only="true" sort-key="A45B23/0075" definition-exists="false" ipc-concordant="A45B23/00" c-set-base-allowed="false" c-set-subsequent-allowed="true" date-revised="2013-01-01" status="published"><classification-symbol>A45B2023/0075</classification-symbol><class-title date-revised="2013-01-01"><title-part><CPC-specific-text><text>the support arm being rotatable about a vertical axis for adjusting the position</text></CPC-specific-text></title-part></class-title></classification-item>
<classification-item breakdown-code="true" not-allocatable="false" level="9" additional-only="true" sort-key="A45B23/0081" definition-exists="false" ipc-concordant="A45B23/00" c-set-base-allowed="false" c-set-subsequent-allowed="true" date-revised="2013-01-01" status="published"><classification-symbol>A45B2023/0081</classification-symbol><class-title date-revised="2013-01-01"><title-part><CPC-specific-text><text>the support arm being rotatable about a horizontal axis for adjusting the position</text></CPC-specific-text></title-part></class-title></classification-item></classification-item>
<classification-item breakdown-code="true" not-allocatable="false" level="8" additional-only="true" sort-key="A45B23/0087" definition-exists="false" ipc-concordant="A45B23/00" c-set-base-allowed="false" c-set-subsequent-allowed="true" date-revised="2013-01-01" status="published"><classification-symbol>A45B2023/0087</classification-symbol><class-title date-revised="2013-01-01"><title-part><CPC-specific-text><text>having a planar opening movement wherein the struts or screen sheet rotate and spread around an axis, e.g. around the stick</text></CPC-specific-text></title-part></class-title></classification-item>
<classification-item breakdown-code="true" not-allocatable="false" level="8" additional-only="true" sort-key="A45B23/0093" definition-exists="false" ipc-concordant="A45B23/00" c-set-base-allowed="false" c-set-subsequent-allowed="true" date-revised="2013-01-01" status="published"><classification-symbol>A45B2023/0093</classification-symbol><class-title date-revised="2013-01-01"><title-part><CPC-specific-text><text>Sunshades or weather protections of other than umbrella type</text></CPC-specific-text></title-part></class-title></classification-item></classification-item>
<classification-item breakdown-code="false" not-allocatable="false" level="7" additional-only="false" sort-key="A45B25/00" definition-exists="true" ipc-concordant="A45B25/00" c-set-base-allowed="false" c-set-subsequent-allowed="true" date-revised="2016-05-01" status="published"><classification-symbol>A45B25/00</classification-symbol><class-title date-revised="2016-05-01"><title-part><text>Details of umbrellas </text><reference><text>sticks for umbrellas <class-ref scheme="cpc">A45B1/00</class-ref>&#160;-&#160;<class-ref scheme="cpc">A45B9/00</class-ref>; illuminating devices for umbrellas <class-ref scheme="cpc">A45B3/02</class-ref>; </text><CPC-specific-text><text>sockets or holders for poles or posts <class-ref scheme="cpc">E04H12/22</class-ref></text></CPC-specific-text></reference></title-part></class-title>
<classification-item breakdown-code="true" not-allocatable="false" level="8" additional-only="true" sort-key="A45B25/003" definition-exists="false" ipc-concordant="A45B25/00" c-set-base-allowed="false" c-set-subsequent-allowed="true" date-revised="2016-05-01" status="published"><classification-symbol>A45B2025/003</classification-symbol><class-title date-revised="2016-05-01"><title-part><CPC-specific-text><text>Accessories not covered by groups <class-ref scheme="cpc">A45B25/24</class-ref>&#160;-&#160;<class-ref scheme="cpc">A45B25/30</class-ref></text></CPC-specific-text></title-part></class-title></classification-item>
<classification-item breakdown-code="false" not-allocatable="false" level="8" additional-only="false" sort-key="A45B25/006" definition-exists="true" ipc-concordant="A45B25/00" c-set-base-allowed="false" c-set-subsequent-allowed="true" date-revised="2013-01-01" status="published"><classification-symbol>A45B25/006</classification-symbol><class-title date-revised="2013-01-01"><title-part><CPC-specific-text><text>Automatic closing devices </text><reference><text><class-ref scheme="cpc">A45B25/143</class-ref> takes precedence</text></reference></CPC-specific-text></title-part></class-title></classification-item>
<classification-item breakdown-code="false" not-allocatable="false" level="8" additional-only="false" sort-key="A45B25/02" definition-exists="true" ipc-concordant="A45B25/02" c-set-base-allowed="false" c-set-subsequent-allowed="true" date-revised="2013-01-01" status="published"><classification-symbol>A45B25/02</classification-symbol><class-title date-revised="2013-01-01"><title-part><text>Umbrella frames</text></title-part></class-title>
<classification-item breakdown-code="false" not-allocatable="false" level="9" additional-only="false" sort-key="A45B25/04" definition-exists="true" ipc-concordant="A45B25/04" c-set-base-allowed="false" c-set-subsequent-allowed="true" date-revised="2013-01-01" status="published"><classification-symbol>A45B25/04</classification-symbol><class-title date-revised="2013-01-01"><title-part><text>Devices for making or repairing</text></title-part></class-title></classification-item></classification-item>
<classification-item breakdown-code="false" not-allocatable="false" level="8" additional-only="false" sort-key="A45B25/06" definition-exists="true" ipc-concordant="A45B25/06" c-set-base-allowed="false" c-set-subsequent-allowed="true" date-revised="2013-01-01" status="published"><classification-symbol>A45B25/06</classification-symbol><class-title date-revised="2013-01-01"><title-part><text>Umbrella runners</text></title-part></class-title>
<classification-item breakdown-code="false" not-allocatable="false" level="9" additional-only="false" sort-key="A45B25/08" definition-exists="true" ipc-concordant="A45B25/08" c-set-base-allowed="false" c-set-subsequent-allowed="true" date-revised="2013-01-01" status="published"><classification-symbol>A45B25/08</classification-symbol><class-title date-revised="2013-01-01"><title-part><text>Devices for fastening or locking</text></title-part></class-title></classification-item></classification-item>
<classification-item breakdown-code="false" not-allocatable="false" level="8" additional-only="false" sort-key="A45B25/10" definition-exists="true" ipc-concordant="A45B25/10" c-set-base-allowed="false" c-set-subsequent-allowed="true" date-revised="2013-01-01" status="published"><classification-symbol>A45B25/10</classification-symbol><class-title date-revised="2013-01-01"><title-part><text>Umbrella crowns </text><CPC-specific-text><reference><text><class-ref scheme="cpc">A45B25/06</class-ref> takes precedence</text></reference></CPC-specific-text></title-part></class-title>
<classification-item breakdown-code="true" not-allocatable="false" level="9" additional-only="true" sort-key="A45B25/105" definition-exists="false" ipc-concordant="A45B25/10" c-set-base-allowed="false" c-set-subsequent-allowed="true" date-revised="2013-01-01" status="published"><classification-symbol>A45B2025/105</classification-symbol><class-title date-revised="2013-01-01"><title-part><CPC-specific-text><text>movable with respect to the shaft</text></CPC-specific-text></title-part></class-title></classification-item></classification-item>
<classification-item breakdown-code="false" not-allocatable="false" level="8" additional-only="false" sort-key="A45B25/12" definition-exists="true" ipc-concordant="A45B25/12" c-set-base-allowed="false" c-set-subsequent-allowed="true" date-revised="2013-01-01" status="published"><classification-symbol>A45B25/12</classification-symbol><class-title date-revised="2013-01-01"><title-part><text>Devices for holding umbrellas closed, e.g. magnetic devices</text></title-part></class-title></classification-item>
<classification-item breakdown-code="false" not-allocatable="false" level="8" additional-only="false" sort-key="A45B25/14" definition-exists="true" ipc-concordant="A45B25/14" c-set-base-allowed="false" c-set-subsequent-allowed="true" date-revised="2013-01-01" status="published"><classification-symbol>A45B25/14</classification-symbol><class-title date-revised="2013-01-01"><title-part><text>Devices for opening and for closing umbrellas</text></title-part></class-title>
<classification-item breakdown-code="false" not-allocatable="false" level="9" additional-only="false" sort-key="A45B25/143" definition-exists="true" ipc-concordant="A45B25/14" c-set-base-allowed="false" c-set-subsequent-allowed="true" date-revised="2013-01-01" status="published"><classification-symbol>A45B25/143</classification-symbol><class-title date-revised="2013-01-01"><title-part><CPC-specific-text><text>automatic</text></CPC-specific-text></title-part></class-title></classification-item>
<classification-item breakdown-code="true" not-allocatable="false" level="9" additional-only="true" sort-key="A45B25/146" definition-exists="false" ipc-concordant="A45B25/14" c-set-base-allowed="false" c-set-subsequent-allowed="true" date-revised="2013-01-01" status="published"><classification-symbol>A45B2025/146</classification-symbol><class-title date-revised="2013-01-01"><title-part><CPC-specific-text><text>with a crank connected to a rope</text></CPC-specific-text></title-part></class-title></classification-item></classification-item>
<classification-item breakdown-code="false" not-allocatable="false" level="8" additional-only="false" sort-key="A45B25/16" definition-exists="true" ipc-concordant="A45B25/16" c-set-base-allowed="false" c-set-subsequent-allowed="true" date-revised="2013-01-01" status="published"><classification-symbol>A45B25/16</classification-symbol><class-title date-revised="2013-01-01"><title-part><text>Automatic openers, e.g. frames with spring mechanisms </text><CPC-specific-text><reference><text><class-ref scheme="cpc">A45B25/143</class-ref> takes precedence</text></reference></CPC-specific-text></title-part></class-title>
<classification-item breakdown-code="false" not-allocatable="false" level="9" additional-only="false" sort-key="A45B25/165" definition-exists="true" ipc-concordant="A45B25/16" c-set-base-allowed="false" c-set-subsequent-allowed="true" date-revised="2013-01-01" status="published"><classification-symbol>A45B25/165</classification-symbol><class-title date-revised="2013-01-01"><title-part><CPC-specific-text><text>with fluid or electric actuators</text></CPC-specific-text></title-part></class-title></classification-item></classification-item>
<classification-item breakdown-code="false" not-allocatable="false" level="8" additional-only="false" sort-key="A45B25/18" definition-exists="true" ipc-concordant="A45B25/18" c-set-base-allowed="false" c-set-subsequent-allowed="true" date-revised="2013-01-01" status="published"><classification-symbol>A45B25/18</classification-symbol><class-title date-revised="2013-01-01"><title-part><text>Covers </text><reference><text>detachable <class-ref scheme="cpc">A45B15/00</class-ref></text></reference></title-part><title-part><text>Means for fastening same</text></title-part></class-title>
<classification-item breakdown-code="true" not-allocatable="false" level="9" additional-only="true" sort-key="A45B25/183" definition-exists="false" ipc-concordant="A45B25/18" c-set-base-allowed="false" c-set-subsequent-allowed="true" date-revised="2013-01-01" status="published"><classification-symbol>A45B2025/183</classification-symbol><class-title date-revised="2013-01-01"><title-part><CPC-specific-text><text>Covers with filtering or screening means for avoiding undesired radiation</text></CPC-specific-text></title-part></class-title></classification-item>
<classification-item breakdown-code="true" not-allocatable="false" level="9" additional-only="true" sort-key="A45B25/186" definition-exists="false" ipc-concordant="A45B25/18" c-set-base-allowed="false" c-set-subsequent-allowed="true" date-revised="2013-01-01" status="published"><classification-symbol>A45B2025/186</classification-symbol><class-title date-revised="2013-01-01"><title-part><CPC-specific-text><text>Umbrellas with two or more covers</text></CPC-specific-text></title-part></class-title></classification-item>
<classification-item breakdown-code="false" not-allocatable="false" level="9" additional-only="false" sort-key="A45B25/20" definition-exists="true" ipc-concordant="A45B25/20" c-set-base-allowed="false" c-set-subsequent-allowed="true" date-revised="2013-01-01" status="published"><classification-symbol>A45B25/20</classification-symbol><class-title date-revised="2013-01-01"><title-part><text>Windows in covers</text></title-part></class-title></classification-item></classification-item>
<classification-item breakdown-code="false" not-allocatable="false" level="8" additional-only="false" sort-key="A45B25/22" definition-exists="true" ipc-concordant="A45B25/22" c-set-base-allowed="false" c-set-subsequent-allowed="true" date-revised="2013-01-01" status="published"><classification-symbol>A45B25/22</classification-symbol><class-title date-revised="2013-01-01"><title-part><text>Devices for increasing the resistance of umbrellas to wind</text></title-part></class-title></classification-item>
<classification-item breakdown-code="false" not-allocatable="false" level="8" additional-only="false" sort-key="A45B25/24" definition-exists="true" ipc-concordant="A45B25/24" c-set-base-allowed="false" c-set-subsequent-allowed="true" date-revised="2013-01-01" status="published"><classification-symbol>A45B25/24</classification-symbol><class-title date-revised="2013-01-01"><title-part><text>Protective coverings for umbrellas when closed</text></title-part></class-title>
<classification-item breakdown-code="false" not-allocatable="false" level="9" additional-only="false" sort-key="A45B25/26" definition-exists="true" ipc-concordant="A45B25/26" c-set-base-allowed="false" c-set-subsequent-allowed="true" date-revised="2013-01-01" status="published"><classification-symbol>A45B25/26</classification-symbol><class-title date-revised="2013-01-01"><title-part><text>Ventilated coverings</text></title-part></class-title></classification-item></classification-item>
<classification-item breakdown-code="false" not-allocatable="false" level="8" additional-only="false" sort-key="A45B25/28" definition-exists="true" ipc-concordant="A45B25/28" c-set-base-allowed="false" c-set-subsequent-allowed="true" date-revised="2013-01-01" status="published"><classification-symbol>A45B25/28</classification-symbol><class-title date-revised="2013-01-01"><title-part><text>Drip receptacles for umbrellas</text></title-part><title-part><text>Attaching devices therefor</text></title-part></class-title></classification-item>
<classification-item breakdown-code="false" not-allocatable="false" level="8" additional-only="false" sort-key="A45B25/30" definition-exists="true" ipc-concordant="A45B25/30" c-set-base-allowed="false" c-set-subsequent-allowed="true" date-revised="2013-01-01" status="published"><classification-symbol>A45B25/30</classification-symbol><class-title date-revised="2013-01-01"><title-part><text>Name-plates</text></title-part><title-part><text>Badges</text></title-part><title-part><text>Labelling or marking devices</text></title-part><title-part><text>Means for attaching same </text><reference><text>attached to the umbrella stick <class-ref scheme="cpc">A45B9/06</class-ref></text></reference></title-part></class-title></classification-item></classification-item>
<classification-item breakdown-code="false" not-allocatable="false" level="7" additional-only="false" sort-key="A45B27/00" definition-exists="true" ipc-concordant="A45B27/00" c-set-base-allowed="false" c-set-subsequent-allowed="true" date-revised="2013-01-01" status="published"><classification-symbol>A45B27/00</classification-symbol><class-title date-revised="2013-01-01"><title-part><text>Ladies&apos; or like fans</text></title-part></class-title>
<classification-item breakdown-code="false" not-allocatable="false" level="8" additional-only="false" sort-key="A45B27/02" definition-exists="true" ipc-concordant="A45B27/02" c-set-base-allowed="false" c-set-subsequent-allowed="true" date-revised="2013-01-01" status="published"><classification-symbol>A45B27/02</classification-symbol><class-title date-revised="2013-01-01"><title-part><text>with mechanical hand-drive</text></title-part></class-title></classification-item></classification-item></classification-item>
<classification-item breakdown-code="true" not-allocatable="true" level="6" additional-only="true" sort-key="A45B200/00" date-revised="2013-01-01" status="published"><classification-symbol>A45B2200/00</classification-symbol>
<classification-item breakdown-code="true" not-allocatable="false" level="7" additional-only="true" sort-key="A45B200/00" definition-exists="false" ipc-concordant="CPCONLY" c-set-base-allowed="false" c-set-subsequent-allowed="true" date-revised="2015-07-01" status="published"><classification-symbol>A45B2200/00</classification-symbol><class-title date-revised="2013-01-01"><title-part><text>Details not otherwise provided for in <class-ref scheme="cpc">A45B</class-ref></text></title-part></class-title>
<classification-item breakdown-code="true" not-allocatable="false" level="8" additional-only="true" sort-key="A45B200/05" definition-exists="false" ipc-concordant="CPCONLY" c-set-base-allowed="false" c-set-subsequent-allowed="true" date-revised="2013-01-01" status="published"><classification-symbol>A45B2200/05</classification-symbol><class-title date-revised="2013-01-01"><title-part><text>Walking sticks</text></title-part></class-title>
<classification-item breakdown-code="true" not-allocatable="false" level="9" additional-only="true" sort-key="A45B200/055" definition-exists="false" ipc-concordant="CPCONLY" c-set-base-allowed="false" c-set-subsequent-allowed="true" date-revised="2013-01-01" status="published"><classification-symbol>A45B2200/055</classification-symbol><class-title date-revised="2013-01-01"><title-part><text>for Nordic walking</text></title-part></class-title></classification-item></classification-item>
<classification-item breakdown-code="true" not-allocatable="false" level="8" additional-only="true" sort-key="A45B200/10" definition-exists="false" ipc-concordant="CPCONLY" c-set-base-allowed="false" c-set-subsequent-allowed="true" date-revised="2013-01-01" status="published"><classification-symbol>A45B2200/10</classification-symbol><class-title date-revised="2013-01-01"><title-part><text>Umbrellas</text></title-part><title-part><text>Sunshades</text></title-part></class-title>
<classification-item breakdown-code="true" not-allocatable="false" level="9" additional-only="true" sort-key="A45B200/1009" definition-exists="false" ipc-concordant="CPCONLY" c-set-base-allowed="false" c-set-subsequent-allowed="true" date-revised="2013-01-01" status="published"><classification-symbol>A45B2200/1009</classification-symbol><class-title date-revised="2013-01-01"><title-part><text>combined with other objects</text></title-part></class-title>
<classification-item breakdown-code="true" not-allocatable="false" level="10" additional-only="true" sort-key="A45B200/1018" definition-exists="false" ipc-concordant="CPCONLY" c-set-base-allowed="false" c-set-subsequent-allowed="true" date-revised="2013-01-01" status="published"><classification-symbol>A45B2200/1018</classification-symbol><class-title date-revised="2013-01-01"><title-part><text>with illuminating devices, e.g. electrical</text></title-part></class-title></classification-item>
<classification-item breakdown-code="true" not-allocatable="false" level="10" additional-only="true" sort-key="A45B200/1027" definition-exists="false" ipc-concordant="CPCONLY" c-set-base-allowed="false" c-set-subsequent-allowed="true" date-revised="2013-01-01" status="published"><classification-symbol>A45B2200/1027</classification-symbol><class-title date-revised="2013-01-01"><title-part><text>with means for generating solar energy</text></title-part></class-title></classification-item>
<classification-item breakdown-code="true" not-allocatable="false" level="10" additional-only="true" sort-key="A45B200/1036" definition-exists="false" ipc-concordant="CPCONLY" c-set-base-allowed="false" c-set-subsequent-allowed="true" date-revised="2013-01-01" status="published"><classification-symbol>A45B2200/1036</classification-symbol><class-title date-revised="2013-01-01"><title-part><text>with means for promoting air movement, e.g. ventilation holes, fans, ventilators, special shape for ventilation, suction means</text></title-part></class-title></classification-item>
<classification-item breakdown-code="true" not-allocatable="false" level="10" additional-only="true" sort-key="A45B200/1045" definition-exists="false" ipc-concordant="CPCONLY" c-set-base-allowed="false" c-set-subsequent-allowed="true" date-revised="2013-01-01" status="published"><classification-symbol>A45B2200/1045</classification-symbol><class-title date-revised="2013-01-01"><title-part><text>with a misting device having at least one nozzle for spraying a fluid, e.g. water</text></title-part></class-title></classification-item>
<classification-item breakdown-code="true" not-allocatable="false" level="10" additional-only="true" sort-key="A45B200/1054" definition-exists="false" ipc-concordant="CPCONLY" c-set-base-allowed="false" c-set-subsequent-allowed="true" date-revised="2013-01-01" status="published"><classification-symbol>A45B2200/1054</classification-symbol><class-title date-revised="2013-01-01"><title-part><text>with containers for storing objects, e.g. box</text></title-part></class-title></classification-item>
<classification-item breakdown-code="true" not-allocatable="false" level="10" additional-only="true" sort-key="A45B200/1063" definition-exists="false" ipc-concordant="CPCONLY" c-set-base-allowed="false" c-set-subsequent-allowed="true" date-revised="2013-01-01" status="published"><classification-symbol>A45B2200/1063</classification-symbol><class-title date-revised="2013-01-01"><title-part><text>with tables</text></title-part></class-title></classification-item>
<classification-item breakdown-code="true" not-allocatable="false" level="10" additional-only="true" sort-key="A45B200/1072" definition-exists="false" ipc-concordant="CPCONLY" c-set-base-allowed="false" c-set-subsequent-allowed="true" date-revised="2013-01-01" status="published"><classification-symbol>A45B2200/1072</classification-symbol><class-title date-revised="2013-01-01"><title-part><text>with other sunshades, awnings or tents</text></title-part></class-title></classification-item></classification-item>
<classification-item breakdown-code="true" not-allocatable="false" level="9" additional-only="true" sort-key="A45B200/1081" definition-exists="false" ipc-concordant="CPCONLY" c-set-base-allowed="false" c-set-subsequent-allowed="true" date-revised="2013-01-01" status="published"><classification-symbol>A45B2200/1081</classification-symbol><class-title date-revised="2013-01-01"><title-part><text>Umbrella handles</text></title-part></class-title>
<classification-item breakdown-code="true" not-allocatable="false" level="10" additional-only="true" sort-key="A45B200/109" definition-exists="false" ipc-concordant="CPCONLY" c-set-base-allowed="false" c-set-subsequent-allowed="true" date-revised="2013-01-01" status="published"><classification-symbol>A45B2200/109</classification-symbol><class-title date-revised="2013-01-01"><title-part><text>Sockets therefor</text></title-part></class-title></classification-item></classification-item></classification-item></classification-item></classification-item></classification-item></class-scheme>