<?xml version="1.0" encoding="UTF-8"?>
<class-scheme publication-date="2023-08-01" scheme-type="cpc" publication-type="official">
<classification-item breakdown-code="false" not-allocatable="true" level="5" additional-only="false" sort-key="A24F" definition-exists="true" date-revised="2020-01-01" status="published"><classification-symbol>A24F</classification-symbol><class-title date-revised="2020-01-01"><title-part><text>SMOKERS&apos; REQUISITES</text></title-part><title-part><text>MATCH BOXES</text></title-part><title-part><text>SIMULATED SMOKING DEVICES </text><reference><text>inhaling appliances for medical purposes, shaped like cigars, cigarettes or pipes <class-ref scheme="cpc">A61M15/06</class-ref></text></reference></title-part></class-title>
<classification-item breakdown-code="false" not-allocatable="true" level="6" additional-only="false" sort-key="A24F1/00" date-revised="2013-01-01" status="published"><classification-symbol>A24F1/00</classification-symbol><class-title date-revised="2013-01-01"><title-part><text>Tobacco pipes</text></title-part></class-title>
<classification-item breakdown-code="false" not-allocatable="false" level="7" additional-only="false" sort-key="A24F1/00" definition-exists="true" ipc-concordant="A24F1/00" c-set-base-allowed="false" c-set-subsequent-allowed="true" date-revised="2020-01-01" status="published"><classification-symbol>A24F1/00</classification-symbol><class-title date-revised="2020-01-01"><title-part><text>Tobacco pipes</text></title-part></class-title>
<classification-item breakdown-code="false" not-allocatable="false" level="8" additional-only="false" sort-key="A24F1/02" definition-exists="false" ipc-concordant="A24F1/02" c-set-base-allowed="false" c-set-subsequent-allowed="true" date-revised="2013-01-01" status="published"><classification-symbol>A24F1/02</classification-symbol><class-title date-revised="2013-01-01"><title-part><text>with arrangements for cleaning or cooling the smoke </text><reference><text>hookahs <class-ref scheme="cpc">A24F1/30</class-ref></text></reference></title-part></class-title>
<classification-item breakdown-code="false" not-allocatable="false" level="9" additional-only="false" sort-key="A24F1/04" definition-exists="false" ipc-concordant="A24F1/04" c-set-base-allowed="false" c-set-subsequent-allowed="true" date-revised="2013-01-01" status="published"><classification-symbol>A24F1/04</classification-symbol><class-title date-revised="2013-01-01"><title-part><text>with smoke chamber or slobber traps</text></title-part></class-title>
<classification-item breakdown-code="false" not-allocatable="false" level="10" additional-only="false" sort-key="A24F1/06" definition-exists="false" ipc-concordant="A24F1/06" c-set-base-allowed="false" c-set-subsequent-allowed="true" date-revised="2013-01-01" status="published"><classification-symbol>A24F1/06</classification-symbol><class-title date-revised="2013-01-01"><title-part><text>inside the pipe</text></title-part></class-title>
<classification-item breakdown-code="false" not-allocatable="false" level="11" additional-only="false" sort-key="A24F1/08" definition-exists="false" ipc-concordant="A24F1/08" c-set-base-allowed="false" c-set-subsequent-allowed="true" date-revised="2013-01-01" status="published"><classification-symbol>A24F1/08</classification-symbol><class-title date-revised="2013-01-01"><title-part><text>inside the stem</text></title-part></class-title></classification-item>
<classification-item breakdown-code="false" not-allocatable="false" level="11" additional-only="false" sort-key="A24F1/10" definition-exists="false" ipc-concordant="A24F1/10" c-set-base-allowed="false" c-set-subsequent-allowed="true" date-revised="2013-01-01" status="published"><classification-symbol>A24F1/10</classification-symbol><class-title date-revised="2013-01-01"><title-part><text>inside the bowl</text></title-part></class-title></classification-item></classification-item>
<classification-item breakdown-code="false" not-allocatable="false" level="10" additional-only="false" sort-key="A24F1/12" definition-exists="false" ipc-concordant="A24F1/12" c-set-base-allowed="false" c-set-subsequent-allowed="true" date-revised="2013-01-01" status="published"><classification-symbol>A24F1/12</classification-symbol><class-title date-revised="2013-01-01"><title-part><text>outside the pipe</text></title-part></class-title>
<classification-item breakdown-code="false" not-allocatable="false" level="11" additional-only="false" sort-key="A24F1/14" definition-exists="false" ipc-concordant="A24F1/14" c-set-base-allowed="false" c-set-subsequent-allowed="true" date-revised="2013-01-01" status="published"><classification-symbol>A24F1/14</classification-symbol><class-title date-revised="2013-01-01"><title-part><text>with liquid-container</text></title-part></class-title></classification-item></classification-item></classification-item>
<classification-item breakdown-code="false" not-allocatable="false" level="9" additional-only="false" sort-key="A24F1/16" definition-exists="false" ipc-concordant="A24F1/16" c-set-base-allowed="false" c-set-subsequent-allowed="true" date-revised="2013-01-01" status="published"><classification-symbol>A24F1/16</classification-symbol><class-title date-revised="2013-01-01"><title-part><text>with zigzag or like passages for the smoke</text></title-part></class-title></classification-item>
<classification-item breakdown-code="false" not-allocatable="false" level="9" additional-only="false" sort-key="A24F1/18" definition-exists="false" ipc-concordant="A24F1/18" c-set-base-allowed="false" c-set-subsequent-allowed="true" date-revised="2013-01-01" status="published"><classification-symbol>A24F1/18</classification-symbol><class-title date-revised="2013-01-01"><title-part><text>with non-absorbent linings</text></title-part></class-title></classification-item>
<classification-item breakdown-code="false" not-allocatable="false" level="9" additional-only="false" sort-key="A24F1/20" definition-exists="false" ipc-concordant="A24F1/20" c-set-base-allowed="false" c-set-subsequent-allowed="true" date-revised="2013-01-01" status="published"><classification-symbol>A24F1/20</classification-symbol><class-title date-revised="2013-01-01"><title-part><text>with absorbent linings</text></title-part></class-title></classification-item>
<classification-item breakdown-code="false" not-allocatable="false" level="9" additional-only="false" sort-key="A24F1/22" definition-exists="false" ipc-concordant="A24F1/22" c-set-base-allowed="false" c-set-subsequent-allowed="true" date-revised="2013-01-01" status="published"><classification-symbol>A24F1/22</classification-symbol><class-title date-revised="2013-01-01"><title-part><text>with arrangements for cooling by air, e.g. pipes with double walls</text></title-part></class-title></classification-item></classification-item>
<classification-item breakdown-code="false" not-allocatable="false" level="8" additional-only="false" sort-key="A24F1/24" definition-exists="false" ipc-concordant="A24F1/24" c-set-base-allowed="false" c-set-subsequent-allowed="true" date-revised="2013-01-01" status="published"><classification-symbol>A24F1/24</classification-symbol><class-title date-revised="2013-01-01"><title-part><text>for burning the tobacco from below</text></title-part></class-title></classification-item>
<classification-item breakdown-code="false" not-allocatable="false" level="8" additional-only="false" sort-key="A24F1/26" definition-exists="false" ipc-concordant="A24F1/26" c-set-base-allowed="false" c-set-subsequent-allowed="true" date-revised="2013-01-01" status="published"><classification-symbol>A24F1/26</classification-symbol><class-title date-revised="2013-01-01"><title-part><text>with filling devices</text></title-part></class-title></classification-item>
<classification-item breakdown-code="false" not-allocatable="false" level="8" additional-only="false" sort-key="A24F1/28" definition-exists="false" ipc-concordant="A24F1/28" c-set-base-allowed="false" c-set-subsequent-allowed="true" date-revised="2013-01-01" status="published"><classification-symbol>A24F1/28</classification-symbol><class-title date-revised="2013-01-01"><title-part><text>Tubular pipes, e.g. in the form of cigars</text></title-part></class-title></classification-item>
<classification-item breakdown-code="false" not-allocatable="false" level="8" additional-only="false" sort-key="A24F1/30" definition-exists="true" ipc-concordant="A24F1/30" c-set-base-allowed="false" c-set-subsequent-allowed="true" date-revised="2013-01-01" status="published"><classification-symbol>A24F1/30</classification-symbol><class-title date-revised="2013-01-01"><title-part><text>Hookahs</text></title-part></class-title></classification-item>
<classification-item breakdown-code="false" not-allocatable="false" level="8" additional-only="false" sort-key="A24F1/32" definition-exists="false" ipc-concordant="A24F1/32" c-set-base-allowed="false" c-set-subsequent-allowed="true" date-revised="2013-01-01" status="published"><classification-symbol>A24F1/32</classification-symbol><class-title date-revised="2013-01-01"><title-part><text>Selection of materials for pipes</text></title-part></class-title></classification-item></classification-item>
<classification-item breakdown-code="false" not-allocatable="false" level="7" additional-only="false" sort-key="A24F3/00" definition-exists="true" ipc-concordant="A24F3/00" c-set-base-allowed="false" c-set-subsequent-allowed="true" date-revised="2013-01-01" status="published"><classification-symbol>A24F3/00</classification-symbol><class-title date-revised="2013-01-01"><title-part><text>Tobacco pipes combined with other objects </text><reference><text>smoking appliances on walking sticks or canes <class-ref scheme="cpc">A45B3/16</class-ref></text></reference></title-part></class-title>
<classification-item breakdown-code="false" not-allocatable="false" level="8" additional-only="false" sort-key="A24F3/02" definition-exists="false" ipc-concordant="A24F3/02" c-set-base-allowed="false" c-set-subsequent-allowed="true" date-revised="2013-01-01" status="published"><classification-symbol>A24F3/02</classification-symbol><class-title date-revised="2013-01-01"><title-part><text>with cleaning appliances</text></title-part></class-title></classification-item></classification-item></classification-item>
<classification-item breakdown-code="false" not-allocatable="true" level="6" additional-only="false" sort-key="A24F5/00" date-revised="2013-01-01" status="published"><classification-symbol>A24F5/00</classification-symbol><class-title date-revised="2013-01-01"><title-part><text>Component parts or accessories for pipes</text></title-part><title-part><text>Mouthpieces</text></title-part></class-title>
<classification-item breakdown-code="false" not-allocatable="false" level="7" additional-only="false" sort-key="A24F5/00" definition-exists="true" ipc-concordant="A24F5/00" c-set-base-allowed="false" c-set-subsequent-allowed="true" date-revised="2013-01-01" status="published"><classification-symbol>A24F5/00</classification-symbol><class-title date-revised="2013-01-01"><title-part><text>Bowls for pipes</text></title-part></class-title>
<classification-item breakdown-code="false" not-allocatable="false" level="8" additional-only="false" sort-key="A24F5/02" definition-exists="false" ipc-concordant="A24F5/02" c-set-base-allowed="false" c-set-subsequent-allowed="true" date-revised="2013-01-01" status="published"><classification-symbol>A24F5/02</classification-symbol><class-title date-revised="2013-01-01"><title-part><text>with arrangements for keeping upright, when put aside</text></title-part></class-title></classification-item>
<classification-item breakdown-code="false" not-allocatable="false" level="8" additional-only="false" sort-key="A24F5/04" definition-exists="false" ipc-concordant="A24F5/04" c-set-base-allowed="false" c-set-subsequent-allowed="true" date-revised="2013-01-01" status="published"><classification-symbol>A24F5/04</classification-symbol><class-title date-revised="2013-01-01"><title-part><text>with holes for admitting air</text></title-part></class-title></classification-item>
<classification-item breakdown-code="false" not-allocatable="false" level="8" additional-only="false" sort-key="A24F5/06" definition-exists="false" ipc-concordant="A24F5/06" c-set-base-allowed="false" c-set-subsequent-allowed="true" date-revised="2013-01-01" status="published"><classification-symbol>A24F5/06</classification-symbol><class-title date-revised="2013-01-01"><title-part><text>with insets of clay or the like</text></title-part></class-title>
<classification-item breakdown-code="false" not-allocatable="false" level="9" additional-only="false" sort-key="A24F5/08" definition-exists="false" ipc-concordant="A24F5/08" c-set-base-allowed="false" c-set-subsequent-allowed="true" date-revised="2013-01-01" status="published"><classification-symbol>A24F5/08</classification-symbol><class-title date-revised="2013-01-01"><title-part><text>with grates, sieves, or the like</text></title-part></class-title></classification-item></classification-item>
<classification-item breakdown-code="false" not-allocatable="false" level="8" additional-only="false" sort-key="A24F5/10" definition-exists="false" ipc-concordant="A24F5/10" c-set-base-allowed="false" c-set-subsequent-allowed="true" date-revised="2013-01-01" status="published"><classification-symbol>A24F5/10</classification-symbol><class-title date-revised="2013-01-01"><title-part><text>Bowl-covers, attached and removable</text></title-part></class-title>
<classification-item breakdown-code="false" not-allocatable="false" level="9" additional-only="false" sort-key="A24F5/12" definition-exists="false" ipc-concordant="A24F5/12" c-set-base-allowed="false" c-set-subsequent-allowed="true" date-revised="2013-01-01" status="published"><classification-symbol>A24F5/12</classification-symbol><class-title date-revised="2013-01-01"><title-part><text>with attached stoppers</text></title-part></class-title></classification-item>
<classification-item breakdown-code="false" not-allocatable="false" level="9" additional-only="false" sort-key="A24F5/14" definition-exists="false" ipc-concordant="A24F5/14" c-set-base-allowed="false" c-set-subsequent-allowed="true" date-revised="2013-01-01" status="published"><classification-symbol>A24F5/14</classification-symbol><class-title date-revised="2013-01-01"><title-part><text>with wind screens</text></title-part></class-title></classification-item></classification-item></classification-item>
<classification-item breakdown-code="false" not-allocatable="false" level="7" additional-only="false" sort-key="A24F7/00" definition-exists="true" ipc-concordant="A24F7/00" c-set-base-allowed="false" c-set-subsequent-allowed="true" date-revised="2013-01-01" status="published"><classification-symbol>A24F7/00</classification-symbol><class-title date-revised="2013-01-01"><title-part><text>Mouthpieces for pipes</text></title-part><title-part><text>Mouthpieces for cigar or cigarette holders</text></title-part></class-title>
<classification-item breakdown-code="false" not-allocatable="false" level="8" additional-only="false" sort-key="A24F7/02" definition-exists="false" ipc-concordant="A24F7/02" c-set-base-allowed="false" c-set-subsequent-allowed="true" date-revised="2013-01-01" status="published"><classification-symbol>A24F7/02</classification-symbol><class-title date-revised="2013-01-01"><title-part><text>with detachable connecting members</text></title-part></class-title></classification-item>
<classification-item breakdown-code="false" not-allocatable="false" level="8" additional-only="false" sort-key="A24F7/04" definition-exists="false" ipc-concordant="A24F7/04" c-set-base-allowed="false" c-set-subsequent-allowed="true" date-revised="2013-01-01" status="published"><classification-symbol>A24F7/04</classification-symbol><class-title date-revised="2013-01-01"><title-part><text>with smoke filters </text><reference><text>filters therefor <class-ref scheme="cpc">A24D3/00</class-ref></text></reference></title-part></class-title></classification-item></classification-item>
<classification-item breakdown-code="false" not-allocatable="false" level="7" additional-only="false" sort-key="A24F9/00" definition-exists="true" ipc-concordant="A24F9/00" c-set-base-allowed="false" c-set-subsequent-allowed="true" date-revised="2013-01-01" status="published"><classification-symbol>A24F9/00</classification-symbol><class-title date-revised="2013-01-01"><title-part><text>Accessories for smokers&apos; pipes</text></title-part></class-title>
<classification-item breakdown-code="false" not-allocatable="false" level="8" additional-only="false" sort-key="A24F9/02" definition-exists="true" ipc-concordant="A24F9/02" c-set-base-allowed="false" c-set-subsequent-allowed="true" date-revised="2013-01-01" status="published"><classification-symbol>A24F9/02</classification-symbol><class-title date-revised="2013-01-01"><title-part><text>Tobacco stoppers, i.e. devices for tamping tobacco down into the pipe </text><reference><text>combined with tobacco cases <class-ref scheme="cpc">A24F23/04</class-ref></text></reference></title-part></class-title></classification-item>
<classification-item breakdown-code="false" not-allocatable="false" level="8" additional-only="false" sort-key="A24F9/04" definition-exists="true" ipc-concordant="A24F9/04" c-set-base-allowed="false" c-set-subsequent-allowed="true" date-revised="2013-01-01" status="published"><classification-symbol>A24F9/04</classification-symbol><class-title date-revised="2013-01-01"><title-part><text>Cleaning devices for pipes </text><reference><text>combined with pipes <class-ref scheme="cpc">A24F3/02</class-ref></text></reference></title-part></class-title>
<classification-item breakdown-code="false" not-allocatable="false" level="9" additional-only="false" sort-key="A24F9/06" definition-exists="false" ipc-concordant="A24F9/06" c-set-base-allowed="false" c-set-subsequent-allowed="true" date-revised="2013-01-01" status="published"><classification-symbol>A24F9/06</classification-symbol><class-title date-revised="2013-01-01"><title-part><text>for stems, e.g. brushes, needles, strings</text></title-part></class-title></classification-item>
<classification-item breakdown-code="false" not-allocatable="false" level="9" additional-only="false" sort-key="A24F9/08" definition-exists="false" ipc-concordant="A24F9/08" c-set-base-allowed="false" c-set-subsequent-allowed="true" date-revised="2013-01-01" status="published"><classification-symbol>A24F9/08</classification-symbol><class-title date-revised="2013-01-01"><title-part><text>Cleaning-sets</text></title-part></class-title></classification-item>
<classification-item breakdown-code="false" not-allocatable="false" level="9" additional-only="false" sort-key="A24F9/10" definition-exists="false" ipc-concordant="A24F9/10" c-set-base-allowed="false" c-set-subsequent-allowed="true" date-revised="2013-01-01" status="published"><classification-symbol>A24F9/10</classification-symbol><class-title date-revised="2013-01-01"><title-part><text>for bowls, e.g. scrapers, bowl-cleaners with cutting-teeth</text></title-part></class-title></classification-item>
<classification-item breakdown-code="false" not-allocatable="false" level="9" additional-only="false" sort-key="A24F9/12" definition-exists="false" ipc-concordant="A24F9/12" c-set-base-allowed="false" c-set-subsequent-allowed="true" date-revised="2013-01-01" status="published"><classification-symbol>A24F9/12</classification-symbol><class-title date-revised="2013-01-01"><title-part><text>Devices for cleaning tobacco pipes by steam, air, or water</text></title-part></class-title></classification-item></classification-item>
<classification-item breakdown-code="false" not-allocatable="false" level="8" additional-only="false" sort-key="A24F9/14" definition-exists="false" ipc-concordant="A24F9/14" c-set-base-allowed="false" c-set-subsequent-allowed="true" date-revised="2013-01-01" status="published"><classification-symbol>A24F9/14</classification-symbol><class-title date-revised="2013-01-01"><title-part><text>Stands or supports for tobacco pipes</text></title-part></class-title></classification-item>
<classification-item breakdown-code="false" not-allocatable="false" level="8" additional-only="false" sort-key="A24F9/16" definition-exists="false" ipc-concordant="A24F9/16" c-set-base-allowed="false" c-set-subsequent-allowed="true" date-revised="2013-01-01" status="published"><classification-symbol>A24F9/16</classification-symbol><class-title date-revised="2013-01-01"><title-part><text>Protective coverings or cases for pipes or parts thereof</text></title-part></class-title></classification-item></classification-item>
<classification-item breakdown-code="false" not-allocatable="false" level="7" additional-only="false" sort-key="A24F11/00" definition-exists="true" ipc-concordant="A24F11/00" c-set-base-allowed="false" c-set-subsequent-allowed="true" date-revised="2013-01-01" status="published"><classification-symbol>A24F11/00</classification-symbol><class-title date-revised="2013-01-01"><title-part><text>Seasoning of tobacco pipes</text></title-part></class-title></classification-item>
<classification-item breakdown-code="false" not-allocatable="false" level="7" additional-only="false" sort-key="A24F13/00" definition-exists="true" ipc-concordant="A24F13/00" c-set-base-allowed="false" c-set-subsequent-allowed="true" date-revised="2013-01-01" status="published"><classification-symbol>A24F13/00</classification-symbol><class-title date-revised="2013-01-01"><title-part><text>Appliances for smoking cigars or cigarettes</text></title-part></class-title>
<classification-item breakdown-code="false" not-allocatable="false" level="8" additional-only="false" sort-key="A24F13/02" definition-exists="false" ipc-concordant="A24F13/02" c-set-base-allowed="false" c-set-subsequent-allowed="true" date-revised="2013-01-01" status="published"><classification-symbol>A24F13/02</classification-symbol><class-title date-revised="2013-01-01"><title-part><text>Cigar or cigarette holders </text><reference><text>mouthpieces <class-ref scheme="cpc">A24F7/00</class-ref></text></reference></title-part></class-title>
<classification-item breakdown-code="false" not-allocatable="false" level="9" additional-only="false" sort-key="A24F13/04" definition-exists="true" ipc-concordant="A24F13/04" c-set-base-allowed="false" c-set-subsequent-allowed="true" date-revised="2020-01-01" status="published"><classification-symbol>A24F13/04</classification-symbol><class-title date-revised="2020-01-01"><title-part><text>with arrangements for cleaning or cooling the smoke</text></title-part></class-title>
<classification-item breakdown-code="false" not-allocatable="false" level="10" additional-only="false" sort-key="A24F13/06" definition-exists="false" ipc-concordant="A24F13/06" c-set-base-allowed="false" c-set-subsequent-allowed="true" date-revised="2013-01-01" status="published"><classification-symbol>A24F13/06</classification-symbol><class-title date-revised="2013-01-01"><title-part><text>with smoke filters </text><reference><text>filters therefor <class-ref scheme="cpc">A24D3/00</class-ref></text></reference></title-part></class-title></classification-item></classification-item>
<classification-item breakdown-code="false" not-allocatable="false" level="9" additional-only="false" sort-key="A24F13/08" definition-exists="false" ipc-concordant="A24F13/08" c-set-base-allowed="false" c-set-subsequent-allowed="true" date-revised="2013-01-01" status="published"><classification-symbol>A24F13/08</classification-symbol><class-title date-revised="2013-01-01"><title-part><text>with special devices, e.g. spikes or grippers, for holding the cigars or cigarettes</text></title-part></class-title></classification-item>
<classification-item breakdown-code="false" not-allocatable="false" level="9" additional-only="false" sort-key="A24F13/10" definition-exists="false" ipc-concordant="A24F13/10" c-set-base-allowed="false" c-set-subsequent-allowed="true" date-revised="2013-01-01" status="published"><classification-symbol>A24F13/10</classification-symbol><class-title date-revised="2013-01-01"><title-part><text>with end-ejectors</text></title-part></class-title></classification-item>
<classification-item breakdown-code="false" not-allocatable="false" level="9" additional-only="false" sort-key="A24F13/12" definition-exists="false" ipc-concordant="A24F13/12" c-set-base-allowed="false" c-set-subsequent-allowed="true" date-revised="2013-01-01" status="published"><classification-symbol>A24F13/12</classification-symbol><class-title date-revised="2013-01-01"><title-part><text>combined with other objects, e.g. writing utensils </text><reference><text>combined with walking or umbrella sticks <class-ref scheme="cpc">A45B3/16</class-ref></text></reference></title-part></class-title></classification-item>
<classification-item breakdown-code="false" not-allocatable="false" level="9" additional-only="false" sort-key="A24F13/14" definition-exists="false" ipc-concordant="A24F13/14" c-set-base-allowed="false" c-set-subsequent-allowed="true" date-revised="2013-01-01" status="published"><classification-symbol>A24F13/14</classification-symbol><class-title date-revised="2013-01-01"><title-part><text>Protecting cases</text></title-part></class-title></classification-item></classification-item>
<classification-item breakdown-code="false" not-allocatable="false" level="8" additional-only="false" sort-key="A24F13/16" definition-exists="false" ipc-concordant="A24F13/16" c-set-base-allowed="false" c-set-subsequent-allowed="true" date-revised="2013-01-01" status="published"><classification-symbol>A24F13/16</classification-symbol><class-title date-revised="2013-01-01"><title-part><text>Safety sleeves for cigars or cigarettes preventing damage by glowing ash</text></title-part></class-title></classification-item>
<classification-item breakdown-code="false" not-allocatable="false" level="8" additional-only="false" sort-key="A24F13/18" definition-exists="true" ipc-concordant="A24F13/18" c-set-base-allowed="false" c-set-subsequent-allowed="true" date-revised="2013-01-01" status="published"><classification-symbol>A24F13/18</classification-symbol><class-title date-revised="2013-01-01"><title-part><text>Extinguishers for cigars or cigarettes</text></title-part></class-title>
<classification-item breakdown-code="false" not-allocatable="false" level="9" additional-only="false" sort-key="A24F13/20" definition-exists="false" ipc-concordant="A24F13/20" c-set-base-allowed="false" c-set-subsequent-allowed="true" date-revised="2013-01-01" status="published"><classification-symbol>A24F13/20</classification-symbol><class-title date-revised="2013-01-01"><title-part><text>Means for cutting-off the glowing ash</text></title-part></class-title></classification-item></classification-item>
<classification-item breakdown-code="false" not-allocatable="false" level="8" additional-only="false" sort-key="A24F13/22" definition-exists="false" ipc-concordant="A24F13/22" c-set-base-allowed="false" c-set-subsequent-allowed="true" date-revised="2013-01-01" status="published"><classification-symbol>A24F13/22</classification-symbol><class-title date-revised="2013-01-01"><title-part><text>Supports for holding cigars or cigarettes while smoking</text></title-part></class-title></classification-item>
<classification-item breakdown-code="false" not-allocatable="false" level="8" additional-only="false" sort-key="A24F13/24" definition-exists="false" ipc-concordant="A24F13/24" c-set-base-allowed="false" c-set-subsequent-allowed="true" date-revised="2013-01-01" status="published"><classification-symbol>A24F13/24</classification-symbol><class-title date-revised="2013-01-01"><title-part><text>Cigar cutters, slitters, or perforators, e.g. combined with lighters</text></title-part></class-title>
<classification-item breakdown-code="false" not-allocatable="false" level="9" additional-only="false" sort-key="A24F13/26" definition-exists="false" ipc-concordant="A24F13/26" c-set-base-allowed="false" c-set-subsequent-allowed="true" date-revised="2013-01-01" status="published"><classification-symbol>A24F13/26</classification-symbol><class-title date-revised="2013-01-01"><title-part><text>formed as pocket devices</text></title-part></class-title></classification-item></classification-item>
<classification-item breakdown-code="false" not-allocatable="false" level="8" additional-only="false" sort-key="A24F13/28" definition-exists="false" ipc-concordant="A24F13/28" c-set-base-allowed="false" c-set-subsequent-allowed="true" date-revised="2013-01-01" status="published"><classification-symbol>A24F13/28</classification-symbol><class-title date-revised="2013-01-01"><title-part><text>Devices for blowing through cigars</text></title-part></class-title></classification-item>
<classification-item breakdown-code="false" not-allocatable="false" level="8" additional-only="false" sort-key="A24F13/30" definition-exists="false" ipc-concordant="A24F13/30" c-set-base-allowed="false" c-set-subsequent-allowed="true" date-revised="2020-01-01" status="published"><classification-symbol>A24F13/30</classification-symbol><class-title date-revised="2020-01-01"><title-part><text>Arrangements for producing smoke images or rings</text></title-part></class-title></classification-item></classification-item>
<classification-item breakdown-code="false" not-allocatable="false" level="7" additional-only="false" sort-key="A24F15/00" definition-exists="true" ipc-concordant="A24F15/00" c-set-base-allowed="false" c-set-subsequent-allowed="true" date-revised="2022-01-01" status="published"><classification-symbol>A24F15/00</classification-symbol><class-title date-revised="2020-01-01"><title-part><text>Receptacles or boxes specially adapted for cigars, cigarettes, simulated smoking devices or cigarettes therefor </text><reference><text>adaptations for use in vehicles <class-ref scheme="cpc">B60N3/12</class-ref>; packages specially adapted for cigarettes <class-ref scheme="cpc">B65D85/10</class-ref></text></reference></title-part></class-title>
<classification-item breakdown-code="false" not-allocatable="false" level="8" additional-only="false" sort-key="A24F15/005" definition-exists="true" ipc-concordant="A24F15/00" c-set-base-allowed="false" c-set-subsequent-allowed="true" date-revised="2020-01-01" status="published"><classification-symbol>A24F15/005</classification-symbol><class-title date-revised="2020-01-01"><title-part><CPC-specific-text><text>with means for limiting the frequency of smoking, e.g. with time-control, counting means</text></CPC-specific-text></title-part></class-title></classification-item>
<classification-item breakdown-code="false" not-allocatable="false" level="8" additional-only="false" sort-key="A24F15/01" definition-exists="false" ipc-concordant="A24F15/01" c-set-base-allowed="false" c-set-subsequent-allowed="true" date-revised="2022-01-01" status="published"><classification-symbol>A24F15/01</classification-symbol><class-title date-revised="2020-01-01"><title-part><text>specially adapted for simulated smoking devices or cigarettes therefor </text><reference><text>battery charging means structurally associated with the case <class-ref scheme="cpc">A24F40/95</class-ref></text></reference></title-part></class-title>
<classification-item breakdown-code="false" not-allocatable="false" level="9" additional-only="false" sort-key="A24F15/015" definition-exists="false" ipc-concordant="A24F15/015" c-set-base-allowed="false" c-set-subsequent-allowed="true" date-revised="2020-01-01" status="published"><classification-symbol>A24F15/015</classification-symbol><class-title date-revised="2020-01-01"><title-part><text>with means for refilling of liquid inhalable precursors</text></title-part></class-title></classification-item></classification-item>
<classification-item breakdown-code="false" not-allocatable="false" level="8" additional-only="false" sort-key="A24F15/02" definition-exists="true" ipc-concordant="A24F15/02" c-set-base-allowed="false" c-set-subsequent-allowed="true" date-revised="2020-01-01" status="published"><classification-symbol>A24F15/02</classification-symbol><class-title date-revised="2020-01-01"><title-part><text>for domestic use </text><CPC-specific-text><reference><text><class-ref scheme="cpc">A24F15/005</class-ref> takes precedence</text></reference></CPC-specific-text></title-part></class-title>
<classification-item breakdown-code="false" not-allocatable="false" level="9" additional-only="false" sort-key="A24F15/04" definition-exists="false" ipc-concordant="A24F15/04" c-set-base-allowed="false" c-set-subsequent-allowed="true" date-revised="2022-01-01" status="published"><classification-symbol>A24F15/04</classification-symbol><class-title date-revised="2013-01-01"><title-part><text>with appliances for releasing a single cigar or cigarette</text></title-part></class-title></classification-item>
<classification-item breakdown-code="false" not-allocatable="false" level="9" additional-only="false" sort-key="A24F15/06" definition-exists="true" ipc-concordant="A24F15/06" c-set-base-allowed="false" c-set-subsequent-allowed="true" date-revised="2022-01-01" status="published"><classification-symbol>A24F15/06</classification-symbol><class-title date-revised="2013-01-01"><title-part><text>with means for offering </text><reference><text><class-ref scheme="cpc">A24F15/04</class-ref> takes precedence</text></reference></title-part></class-title></classification-item>
<classification-item breakdown-code="false" not-allocatable="false" level="9" additional-only="false" sort-key="A24F15/08" definition-exists="false" ipc-concordant="A24F15/08" c-set-base-allowed="false" c-set-subsequent-allowed="true" date-revised="2022-01-01" status="published"><classification-symbol>A24F15/08</classification-symbol><class-title date-revised="2013-01-01"><title-part><text>combined with other objects</text></title-part></class-title>
<classification-item breakdown-code="false" not-allocatable="false" level="10" additional-only="false" sort-key="A24F15/10" definition-exists="false" ipc-concordant="A24F15/10" c-set-base-allowed="false" c-set-subsequent-allowed="true" date-revised="2013-01-01" status="published"><classification-symbol>A24F15/10</classification-symbol><class-title date-revised="2013-01-01"><title-part><text>with lighters</text></title-part></class-title></classification-item></classification-item></classification-item>
<classification-item breakdown-code="false" not-allocatable="false" level="8" additional-only="false" sort-key="A24F15/12" definition-exists="true" ipc-concordant="A24F15/12" c-set-base-allowed="false" c-set-subsequent-allowed="true" date-revised="2022-01-01" status="published"><classification-symbol>A24F15/12</classification-symbol><class-title date-revised="2013-01-01"><title-part><text>for pocket use </text><CPC-specific-text><reference><text><class-ref scheme="cpc">A24F15/005</class-ref> takes precedence</text></reference></CPC-specific-text></title-part></class-title>
<classification-item breakdown-code="false" not-allocatable="false" level="9" additional-only="false" sort-key="A24F15/14" definition-exists="false" ipc-concordant="A24F15/14" c-set-base-allowed="false" c-set-subsequent-allowed="true" date-revised="2013-01-01" status="published"><classification-symbol>A24F15/14</classification-symbol><class-title date-revised="2013-01-01"><title-part><text>with appliances for releasing a single cigar or cigarette</text></title-part></class-title></classification-item>
<classification-item breakdown-code="false" not-allocatable="false" level="9" additional-only="false" sort-key="A24F15/16" definition-exists="false" ipc-concordant="A24F15/16" c-set-base-allowed="false" c-set-subsequent-allowed="true" date-revised="2013-01-01" status="published"><classification-symbol>A24F15/16</classification-symbol><class-title date-revised="2013-01-01"><title-part><text>with means for offering </text><reference><text><class-ref scheme="cpc">A24F15/14</class-ref> takes precedence</text></reference></title-part></class-title></classification-item>
<classification-item breakdown-code="false" not-allocatable="false" level="9" additional-only="false" sort-key="A24F15/18" definition-exists="false" ipc-concordant="A24F15/18" c-set-base-allowed="false" c-set-subsequent-allowed="true" date-revised="2013-01-01" status="published"><classification-symbol>A24F15/18</classification-symbol><class-title date-revised="2013-01-01"><title-part><text>combined with other objects</text></title-part></class-title></classification-item></classification-item>
<classification-item breakdown-code="false" not-allocatable="false" level="8" additional-only="false" sort-key="A24F15/20" definition-exists="true" ipc-concordant="A24F15/20" c-set-base-allowed="false" c-set-subsequent-allowed="true" date-revised="2022-01-01" status="published"><classification-symbol>A24F15/20</classification-symbol><class-title date-revised="2013-01-01"><title-part><text>with separate compartments for each cigar or cigarette </text><CPC-specific-text><reference><text><class-ref scheme="cpc">A24F15/005</class-ref> takes precedence</text></reference></CPC-specific-text></title-part></class-title></classification-item></classification-item>
<classification-item breakdown-code="false" not-allocatable="false" level="7" additional-only="false" sort-key="A24F17/00" definition-exists="true" ipc-concordant="A24F17/00" c-set-base-allowed="false" c-set-subsequent-allowed="true" date-revised="2013-01-01" status="published"><classification-symbol>A24F17/00</classification-symbol><class-title date-revised="2013-01-01"><title-part><text>Receptacles for cigarette papers</text></title-part></class-title></classification-item></classification-item>
<classification-item breakdown-code="false" not-allocatable="true" level="6" additional-only="false" sort-key="A24F19/00" date-revised="2013-01-01" status="published"><classification-symbol>A24F19/00</classification-symbol>
<classification-item breakdown-code="false" not-allocatable="false" level="7" additional-only="false" sort-key="A24F19/00" definition-exists="true" ipc-concordant="A24F19/00" c-set-base-allowed="false" c-set-subsequent-allowed="true" date-revised="2013-01-01" status="published"><classification-symbol>A24F19/00</classification-symbol><class-title date-revised="2013-01-01"><title-part><text>Ash-trays </text><reference><text>arrangements in vehicle passenger accommodation <class-ref scheme="cpc">B60N3/08</class-ref></text></reference></title-part></class-title>
<classification-item breakdown-code="false" not-allocatable="false" level="8" additional-only="false" sort-key="A24F19/0007" definition-exists="false" ipc-concordant="A24F19/00" c-set-base-allowed="false" c-set-subsequent-allowed="true" date-revised="2013-01-01" status="published"><classification-symbol>A24F19/0007</classification-symbol><class-title date-revised="2013-01-01"><title-part><CPC-specific-text><text>for chair arms</text></CPC-specific-text></title-part></class-title></classification-item>
<classification-item breakdown-code="false" not-allocatable="false" level="8" additional-only="false" sort-key="A24F19/0014" definition-exists="false" ipc-concordant="A24F19/00" c-set-base-allowed="false" c-set-subsequent-allowed="true" date-revised="2013-01-01" status="published"><classification-symbol>A24F19/0014</classification-symbol><class-title date-revised="2013-01-01"><title-part><CPC-specific-text><text>in one piece</text></CPC-specific-text></title-part></class-title></classification-item>
<classification-item breakdown-code="false" not-allocatable="false" level="8" additional-only="false" sort-key="A24F19/0021" definition-exists="false" ipc-concordant="A24F19/00" c-set-base-allowed="false" c-set-subsequent-allowed="true" date-revised="2013-01-01" status="published"><classification-symbol>A24F19/0021</classification-symbol><class-title date-revised="2013-01-01"><title-part><CPC-specific-text><text>comprising self-cleaning means</text></CPC-specific-text></title-part></class-title></classification-item>
<classification-item breakdown-code="false" not-allocatable="false" level="8" additional-only="false" sort-key="A24F19/0028" definition-exists="false" ipc-concordant="A24F19/00" c-set-base-allowed="false" c-set-subsequent-allowed="true" date-revised="2013-01-01" status="published"><classification-symbol>A24F19/0028</classification-symbol><class-title date-revised="2013-01-01"><title-part><CPC-specific-text><text>of the disposable type </text><reference><text><class-ref scheme="cpc">A24F19/025</class-ref> takes precedence</text></reference></CPC-specific-text></title-part></class-title></classification-item>
<classification-item breakdown-code="false" not-allocatable="false" level="8" additional-only="false" sort-key="A24F19/0035" definition-exists="false" ipc-concordant="A24F19/00" c-set-base-allowed="false" c-set-subsequent-allowed="true" date-revised="2013-01-01" status="published"><classification-symbol>A24F19/0035</classification-symbol><class-title date-revised="2013-01-01"><title-part><CPC-specific-text><text>with supporting means for the cigars or cigarettes</text></CPC-specific-text></title-part></class-title></classification-item>
<classification-item breakdown-code="false" not-allocatable="false" level="8" additional-only="false" sort-key="A24F19/0042" definition-exists="false" ipc-concordant="A24F19/00" c-set-base-allowed="false" c-set-subsequent-allowed="true" date-revised="2013-01-01" status="published"><classification-symbol>A24F19/0042</classification-symbol><class-title date-revised="2013-01-01"><title-part><CPC-specific-text><text>with smoke filtering devices</text></CPC-specific-text></title-part></class-title></classification-item>
<classification-item breakdown-code="false" not-allocatable="false" level="8" additional-only="false" sort-key="A24F19/005" definition-exists="false" ipc-concordant="A24F19/00" c-set-base-allowed="false" c-set-subsequent-allowed="true" date-revised="2013-01-01" status="published"><classification-symbol>A24F19/005</classification-symbol><class-title date-revised="2013-01-01"><title-part><CPC-specific-text><text>comprising a grid or grille</text></CPC-specific-text></title-part></class-title></classification-item>
<classification-item breakdown-code="false" not-allocatable="false" level="8" additional-only="false" sort-key="A24F19/0057" definition-exists="false" ipc-concordant="A24F19/00" c-set-base-allowed="false" c-set-subsequent-allowed="true" date-revised="2013-01-01" status="published"><classification-symbol>A24F19/0057</classification-symbol><class-title date-revised="2013-01-01"><title-part><CPC-specific-text><text>tiltable, e.g. for emptying </text><reference><text><class-ref scheme="cpc">A24F19/06</class-ref> takes precedence</text></reference></CPC-specific-text></title-part></class-title></classification-item>
<classification-item breakdown-code="false" not-allocatable="false" level="8" additional-only="false" sort-key="A24F19/0064" definition-exists="false" ipc-concordant="A24F19/00" c-set-base-allowed="false" c-set-subsequent-allowed="true" date-revised="2013-01-01" status="published"><classification-symbol>A24F19/0064</classification-symbol><class-title date-revised="2013-01-01"><title-part><CPC-specific-text><text>of the pocket type</text></CPC-specific-text></title-part></class-title></classification-item>
<classification-item breakdown-code="false" not-allocatable="false" level="8" additional-only="false" sort-key="A24F19/0071" definition-exists="true" ipc-concordant="A24F19/00" c-set-base-allowed="false" c-set-subsequent-allowed="true" date-revised="2013-01-01" status="published"><classification-symbol>A24F19/0071</classification-symbol><class-title date-revised="2013-01-01"><title-part><CPC-specific-text><text>Stands for ashtrays</text></CPC-specific-text></title-part></class-title></classification-item>
<classification-item breakdown-code="false" not-allocatable="false" level="8" additional-only="false" sort-key="A24F19/0078" definition-exists="false" ipc-concordant="A24F19/00" c-set-base-allowed="false" c-set-subsequent-allowed="true" date-revised="2013-01-01" status="published"><classification-symbol>A24F19/0078</classification-symbol><class-title date-revised="2013-01-01"><title-part><CPC-specific-text><text>comprising two separatable parts, e.g. coaxial </text><reference><text><class-ref scheme="cpc">A24F19/02</class-ref> takes precedence</text></reference></CPC-specific-text></title-part></class-title>
<classification-item breakdown-code="false" not-allocatable="false" level="9" additional-only="false" sort-key="A24F19/0085" definition-exists="false" ipc-concordant="A24F19/00" c-set-base-allowed="false" c-set-subsequent-allowed="true" date-revised="2013-01-01" status="published"><classification-symbol>A24F19/0085</classification-symbol><class-title date-revised="2013-01-01"><title-part><CPC-specific-text><text>one of the parts being covering or closing means</text></CPC-specific-text></title-part></class-title></classification-item></classification-item>
<classification-item breakdown-code="false" not-allocatable="false" level="8" additional-only="false" sort-key="A24F19/0092" definition-exists="false" ipc-concordant="A24F19/00" c-set-base-allowed="false" c-set-subsequent-allowed="true" date-revised="2013-01-01" status="published"><classification-symbol>A24F19/0092</classification-symbol><class-title date-revised="2013-01-01"><title-part><CPC-specific-text><text>Fixing means for ashtrays on other objects</text></CPC-specific-text></title-part></class-title></classification-item>
<classification-item breakdown-code="false" not-allocatable="false" level="8" additional-only="false" sort-key="A24F19/02" definition-exists="false" ipc-concordant="A24F19/02" c-set-base-allowed="false" c-set-subsequent-allowed="true" date-revised="2013-01-01" status="published"><classification-symbol>A24F19/02</classification-symbol><class-title date-revised="2013-01-01"><title-part><text>with removable insets</text></title-part></class-title>
<classification-item breakdown-code="false" not-allocatable="false" level="9" additional-only="false" sort-key="A24F19/025" definition-exists="false" ipc-concordant="A24F19/02" c-set-base-allowed="false" c-set-subsequent-allowed="true" date-revised="2013-01-01" status="published"><classification-symbol>A24F19/025</classification-symbol><class-title date-revised="2013-01-01"><title-part><CPC-specific-text><text>of the disposable type</text></CPC-specific-text></title-part></class-title></classification-item></classification-item>
<classification-item breakdown-code="false" not-allocatable="false" level="8" additional-only="false" sort-key="A24F19/04" definition-exists="false" ipc-concordant="A24F19/04" c-set-base-allowed="false" c-set-subsequent-allowed="true" date-revised="2013-01-01" status="published"><classification-symbol>A24F19/04</classification-symbol><class-title date-revised="2013-01-01"><title-part><text>with depressible false floor</text></title-part></class-title></classification-item>
<classification-item breakdown-code="false" not-allocatable="false" level="8" additional-only="false" sort-key="A24F19/06" definition-exists="false" ipc-concordant="A24F19/06" c-set-base-allowed="false" c-set-subsequent-allowed="true" date-revised="2013-01-01" status="published"><classification-symbol>A24F19/06</classification-symbol><class-title date-revised="2013-01-01"><title-part><text>with tiltable bowl or false floor</text></title-part></class-title></classification-item>
<classification-item breakdown-code="false" not-allocatable="false" level="8" additional-only="false" sort-key="A24F19/08" definition-exists="false" ipc-concordant="A24F19/08" c-set-base-allowed="false" c-set-subsequent-allowed="true" date-revised="2013-01-01" status="published"><classification-symbol>A24F19/08</classification-symbol><class-title date-revised="2013-01-01"><title-part><text>with slidably mounted false floor</text></title-part></class-title></classification-item>
<classification-item breakdown-code="false" not-allocatable="false" level="8" additional-only="false" sort-key="A24F19/09" definition-exists="false" ipc-concordant="A24F19/09" c-set-base-allowed="false" c-set-subsequent-allowed="true" date-revised="2013-01-01" status="published"><classification-symbol>A24F19/09</classification-symbol><class-title date-revised="2013-01-01"><title-part><text>with automatically-acting safety devices, e.g. heat-responsive</text></title-part></class-title></classification-item>
<classification-item breakdown-code="false" not-allocatable="false" level="8" additional-only="false" sort-key="A24F19/10" definition-exists="false" ipc-concordant="A24F19/10" c-set-base-allowed="false" c-set-subsequent-allowed="true" date-revised="2013-01-01" status="published"><classification-symbol>A24F19/10</classification-symbol><class-title date-revised="2013-01-01"><title-part><text>combined with other articles </text><reference><text><class-ref scheme="cpc">A24F15/08</class-ref> takes precedence</text></reference></title-part></class-title>
<classification-item breakdown-code="false" not-allocatable="false" level="9" additional-only="false" sort-key="A24F19/105" definition-exists="false" ipc-concordant="A24F19/10" c-set-base-allowed="false" c-set-subsequent-allowed="true" date-revised="2013-01-01" status="published"><classification-symbol>A24F19/105</classification-symbol><class-title date-revised="2013-01-01"><title-part><CPC-specific-text><text>with ornamental objects</text></CPC-specific-text></title-part></class-title></classification-item>
<classification-item breakdown-code="false" not-allocatable="false" level="9" additional-only="false" sort-key="A24F19/12" definition-exists="false" ipc-concordant="A24F19/12" c-set-base-allowed="false" c-set-subsequent-allowed="true" date-revised="2013-01-01" status="published"><classification-symbol>A24F19/12</classification-symbol><class-title date-revised="2013-01-01"><title-part><text>with match-boxes</text></title-part></class-title></classification-item>
<classification-item breakdown-code="false" not-allocatable="false" level="9" additional-only="false" sort-key="A24F19/14" definition-exists="false" ipc-concordant="A24F19/14" c-set-base-allowed="false" c-set-subsequent-allowed="true" date-revised="2013-01-01" status="published"><classification-symbol>A24F19/14</classification-symbol><class-title date-revised="2013-01-01"><title-part><text>with extinguishers</text></title-part></class-title>
<classification-item breakdown-code="false" not-allocatable="false" level="10" additional-only="false" sort-key="A24F19/145" definition-exists="false" ipc-concordant="A24F19/14" c-set-base-allowed="false" c-set-subsequent-allowed="true" date-revised="2013-01-01" status="published"><classification-symbol>A24F19/145</classification-symbol><class-title date-revised="2013-01-01"><title-part><CPC-specific-text><text>using fluid or sand</text></CPC-specific-text></title-part></class-title></classification-item></classification-item></classification-item></classification-item>
<classification-item breakdown-code="false" not-allocatable="false" level="7" additional-only="false" sort-key="A24F21/00" definition-exists="true" ipc-concordant="A24F21/00" c-set-base-allowed="false" c-set-subsequent-allowed="true" date-revised="2013-01-01" status="published"><classification-symbol>A24F21/00</classification-symbol><class-title date-revised="2013-01-01"><title-part><text>Stands for smokers&apos; requisites</text></title-part></class-title></classification-item>
<classification-item breakdown-code="false" not-allocatable="false" level="7" additional-only="false" sort-key="A24F23/00" definition-exists="true" ipc-concordant="A24F23/00" c-set-base-allowed="false" c-set-subsequent-allowed="true" date-revised="2013-01-01" status="published"><classification-symbol>A24F23/00</classification-symbol><class-title date-revised="2013-01-01"><title-part><text>Cases for tobacco, snuff, or chewing tobacco</text></title-part></class-title>
<classification-item breakdown-code="false" not-allocatable="false" level="8" additional-only="false" sort-key="A24F23/02" definition-exists="false" ipc-concordant="A24F23/02" c-set-base-allowed="false" c-set-subsequent-allowed="true" date-revised="2013-01-01" status="published"><classification-symbol>A24F23/02</classification-symbol><class-title date-revised="2013-01-01"><title-part><text>Tobacco pouches</text></title-part></class-title>
<classification-item breakdown-code="false" not-allocatable="false" level="9" additional-only="false" sort-key="A24F23/04" definition-exists="false" ipc-concordant="A24F23/04" c-set-base-allowed="false" c-set-subsequent-allowed="true" date-revised="2013-01-01" status="published"><classification-symbol>A24F23/04</classification-symbol><class-title date-revised="2013-01-01"><title-part><text>combined with other objects, e.g. with filling devices for pipes</text></title-part></class-title></classification-item></classification-item></classification-item>
<classification-item breakdown-code="false" not-allocatable="false" level="7" additional-only="false" sort-key="A24F25/00" definition-exists="true" ipc-concordant="A24F25/00" c-set-base-allowed="false" c-set-subsequent-allowed="true" date-revised="2020-01-01" status="published"><classification-symbol>A24F25/00</classification-symbol><class-title date-revised="2020-01-01"><title-part><text>Devices used by the smoker for controlling the moisture content of, or for scenting, cigars, cigarettes or tobacco</text></title-part></class-title>
<classification-item breakdown-code="false" not-allocatable="false" level="8" additional-only="false" sort-key="A24F25/02" definition-exists="false" ipc-concordant="A24F25/02" c-set-base-allowed="false" c-set-subsequent-allowed="true" date-revised="2013-01-01" status="published"><classification-symbol>A24F25/02</classification-symbol><class-title date-revised="2013-01-01"><title-part><text>Moistening devices</text></title-part></class-title></classification-item></classification-item>
<classification-item breakdown-code="false" not-allocatable="false" level="7" additional-only="false" sort-key="A24F27/00" definition-exists="true" ipc-concordant="A24F27/00" c-set-base-allowed="false" c-set-subsequent-allowed="true" date-revised="2020-01-01" status="published"><classification-symbol>A24F27/00</classification-symbol><class-title date-revised="2020-01-01"><title-part><text>Match receptacles or boxes </text><reference><text>composition of strike-surfaces, matches <class-ref scheme="cpc">C06F</class-ref></text></reference></title-part></class-title>
<classification-item breakdown-code="false" not-allocatable="false" level="8" additional-only="false" sort-key="A24F27/02" definition-exists="false" ipc-concordant="A24F27/02" c-set-base-allowed="false" c-set-subsequent-allowed="true" date-revised="2013-01-01" status="published"><classification-symbol>A24F27/02</classification-symbol><class-title date-revised="2013-01-01"><title-part><text>with means for storing the matches separately</text></title-part></class-title></classification-item>
<classification-item breakdown-code="false" not-allocatable="false" level="8" additional-only="false" sort-key="A24F27/04" definition-exists="false" ipc-concordant="A24F27/04" c-set-base-allowed="false" c-set-subsequent-allowed="true" date-revised="2013-01-01" status="published"><classification-symbol>A24F27/04</classification-symbol><class-title date-revised="2013-01-01"><title-part><text>Protective coverings for match receptacles</text></title-part></class-title></classification-item>
<classification-item breakdown-code="false" not-allocatable="false" level="8" additional-only="false" sort-key="A24F27/06" definition-exists="false" ipc-concordant="A24F27/06" c-set-base-allowed="false" c-set-subsequent-allowed="true" date-revised="2013-01-01" status="published"><classification-symbol>A24F27/06</classification-symbol><class-title date-revised="2013-01-01"><title-part><text>with wind-guards</text></title-part></class-title></classification-item>
<classification-item breakdown-code="false" not-allocatable="false" level="8" additional-only="false" sort-key="A24F27/08" definition-exists="true" ipc-concordant="A24F27/08" c-set-base-allowed="false" c-set-subsequent-allowed="true" date-revised="2020-01-01" status="published"><classification-symbol>A24F27/08</classification-symbol><class-title date-revised="2020-01-01"><title-part><text>Stands for match-boxes</text></title-part></class-title></classification-item>
<classification-item breakdown-code="false" not-allocatable="false" level="8" additional-only="false" sort-key="A24F27/10" definition-exists="false" ipc-concordant="A24F27/10" c-set-base-allowed="false" c-set-subsequent-allowed="true" date-revised="2013-01-01" status="published"><classification-symbol>A24F27/10</classification-symbol><class-title date-revised="2013-01-01"><title-part><text>Receptacles for matches or match-boxes to be supported on the wall</text></title-part></class-title></classification-item>
<classification-item breakdown-code="false" not-allocatable="false" level="8" additional-only="false" sort-key="A24F27/12" definition-exists="false" ipc-concordant="A24F27/12" c-set-base-allowed="false" c-set-subsequent-allowed="true" date-revised="2013-01-01" status="published"><classification-symbol>A24F27/12</classification-symbol><class-title date-revised="2013-01-01"><title-part><text>Match-books</text></title-part></class-title></classification-item>
<classification-item breakdown-code="false" not-allocatable="false" level="8" additional-only="false" sort-key="A24F27/14" definition-exists="true" ipc-concordant="A24F27/14" c-set-base-allowed="false" c-set-subsequent-allowed="true" date-revised="2020-01-01" status="published"><classification-symbol>A24F27/14</classification-symbol><class-title date-revised="2020-01-01"><title-part><text>Match dispensers</text></title-part><title-part><text>Dispensers for matches arranged on strips</text></title-part></class-title>
<classification-item breakdown-code="false" not-allocatable="false" level="9" additional-only="false" sort-key="A24F27/16" definition-exists="false" ipc-concordant="A24F27/16" c-set-base-allowed="false" c-set-subsequent-allowed="true" date-revised="2013-01-01" status="published"><classification-symbol>A24F27/16</classification-symbol><class-title date-revised="2013-01-01"><title-part><text>for pocket use</text></title-part></class-title>
<classification-item breakdown-code="false" not-allocatable="false" level="10" additional-only="false" sort-key="A24F27/18" definition-exists="false" ipc-concordant="A24F27/18" c-set-base-allowed="false" c-set-subsequent-allowed="true" date-revised="2013-01-01" status="published"><classification-symbol>A24F27/18</classification-symbol><class-title date-revised="2013-01-01"><title-part><text>with means preventing spontaneous ignition</text></title-part></class-title></classification-item>
<classification-item breakdown-code="false" not-allocatable="false" level="10" additional-only="false" sort-key="A24F27/20" definition-exists="false" ipc-concordant="A24F27/20" c-set-base-allowed="false" c-set-subsequent-allowed="true" date-revised="2013-01-01" status="published"><classification-symbol>A24F27/20</classification-symbol><class-title date-revised="2013-01-01"><title-part><text>with means for igniting the match as it is dispensed</text></title-part></class-title></classification-item></classification-item>
<classification-item breakdown-code="false" not-allocatable="false" level="9" additional-only="false" sort-key="A24F27/22" definition-exists="false" ipc-concordant="A24F27/22" c-set-base-allowed="false" c-set-subsequent-allowed="true" date-revised="2013-01-01" status="published"><classification-symbol>A24F27/22</classification-symbol><class-title date-revised="2013-01-01"><title-part><text>for domestic use</text></title-part></class-title>
<classification-item breakdown-code="false" not-allocatable="false" level="10" additional-only="false" sort-key="A24F27/24" definition-exists="false" ipc-concordant="A24F27/24" c-set-base-allowed="false" c-set-subsequent-allowed="true" date-revised="2013-01-01" status="published"><classification-symbol>A24F27/24</classification-symbol><class-title date-revised="2013-01-01"><title-part><text>with means preventing spontaneous ignition</text></title-part></class-title></classification-item>
<classification-item breakdown-code="false" not-allocatable="false" level="10" additional-only="false" sort-key="A24F27/26" definition-exists="false" ipc-concordant="A24F27/26" c-set-base-allowed="false" c-set-subsequent-allowed="true" date-revised="2013-01-01" status="published"><classification-symbol>A24F27/26</classification-symbol><class-title date-revised="2013-01-01"><title-part><text>with means for igniting the match as it is dispensed</text></title-part><title-part><text>Match strip lighters</text></title-part></class-title></classification-item></classification-item></classification-item></classification-item>
<classification-item breakdown-code="false" not-allocatable="false" level="7" additional-only="false" sort-key="A24F29/00" definition-exists="true" ipc-concordant="A24F29/00" c-set-base-allowed="false" c-set-subsequent-allowed="true" date-revised="2013-01-01" status="published"><classification-symbol>A24F29/00</classification-symbol><class-title date-revised="2013-01-01"><title-part><text>Devices for igniting matches</text></title-part><title-part><text>Holders for ignited matches</text></title-part></class-title></classification-item>
<classification-item breakdown-code="false" not-allocatable="false" level="7" additional-only="false" sort-key="A24F31/00" definition-exists="true" ipc-concordant="A24F31/00" c-set-base-allowed="false" c-set-subsequent-allowed="true" date-revised="2013-01-01" status="published"><classification-symbol>A24F31/00</classification-symbol><class-title date-revised="2013-01-01"><title-part><text>Pipe-spills</text></title-part><title-part><text>Devices for splitting matches</text></title-part></class-title></classification-item></classification-item>
<classification-item breakdown-code="false" not-allocatable="true" level="6" additional-only="false" sort-key="A24F40/00" date-revised="2020-01-01" status="published"><classification-symbol>A24F40/00</classification-symbol><class-title date-revised="2020-01-01"><title-part><text>Simulated smoking devices</text></title-part></class-title>
<classification-item breakdown-code="false" not-allocatable="false" level="7" additional-only="false" sort-key="A24F40/00" definition-exists="false" ipc-concordant="A24F40/00" c-set-base-allowed="false" c-set-subsequent-allowed="true" date-revised="2022-01-01" status="published"><classification-symbol>A24F40/00</classification-symbol><class-title date-revised="2020-01-01"><title-part><text>Electrically operated smoking devices</text></title-part><title-part><text>Component parts thereof</text></title-part><title-part><text>Manufacture thereof</text></title-part><title-part><text>Maintenance or testing thereof</text></title-part><title-part><text>Charging means specially adapted therefor</text></title-part></class-title>
<classification-item breakdown-code="false" not-allocatable="false" level="8" additional-only="false" sort-key="A24F40/05" definition-exists="false" ipc-concordant="A24F40/05" c-set-base-allowed="false" c-set-subsequent-allowed="true" date-revised="2022-01-01" status="published"><classification-symbol>A24F40/05</classification-symbol><class-title date-revised="2020-01-01"><title-part><text>Devices without heating means</text></title-part></class-title></classification-item>
<classification-item breakdown-code="false" not-allocatable="false" level="8" additional-only="false" sort-key="A24F40/10" definition-exists="false" ipc-concordant="A24F40/10" c-set-base-allowed="false" c-set-subsequent-allowed="true" date-revised="2022-01-01" status="published"><classification-symbol>A24F40/10</classification-symbol><class-title date-revised="2020-01-01"><title-part><text>Devices using liquid inhalable precursors</text></title-part></class-title></classification-item>
<classification-item breakdown-code="false" not-allocatable="false" level="8" additional-only="false" sort-key="A24F40/20" definition-exists="false" ipc-concordant="A24F40/20" c-set-base-allowed="false" c-set-subsequent-allowed="true" date-revised="2022-01-01" status="published"><classification-symbol>A24F40/20</classification-symbol><class-title date-revised="2020-01-01"><title-part><text>Devices using solid inhalable precursors</text></title-part></class-title></classification-item>
<classification-item breakdown-code="false" not-allocatable="false" level="8" additional-only="false" sort-key="A24F40/30" definition-exists="false" ipc-concordant="A24F40/30" c-set-base-allowed="false" c-set-subsequent-allowed="true" date-revised="2022-01-01" status="published"><classification-symbol>A24F40/30</classification-symbol><class-title date-revised="2020-01-01"><title-part><text>Devices using two or more structurally separated inhalable precursors, e.g. using two liquid precursors in two cartridges</text></title-part></class-title></classification-item>
<classification-item breakdown-code="false" not-allocatable="false" level="8" additional-only="false" sort-key="A24F40/40" definition-exists="false" ipc-concordant="A24F40/40" c-set-base-allowed="false" c-set-subsequent-allowed="true" date-revised="2022-01-01" status="published"><classification-symbol>A24F40/40</classification-symbol><class-title date-revised="2020-01-01"><title-part><text>Constructional details, e.g. connection of cartridges and battery parts</text></title-part></class-title>
<classification-item breakdown-code="false" not-allocatable="false" level="9" additional-only="false" sort-key="A24F40/42" definition-exists="false" ipc-concordant="A24F40/42" c-set-base-allowed="false" c-set-subsequent-allowed="true" date-revised="2020-01-01" status="published"><classification-symbol>A24F40/42</classification-symbol><class-title date-revised="2020-01-01"><title-part><text>Cartridges or containers for inhalable precursors</text></title-part></class-title></classification-item>
<classification-item breakdown-code="false" not-allocatable="false" level="9" additional-only="false" sort-key="A24F40/44" definition-exists="false" ipc-concordant="A24F40/44" c-set-base-allowed="false" c-set-subsequent-allowed="true" date-revised="2020-01-01" status="published"><classification-symbol>A24F40/44</classification-symbol><class-title date-revised="2020-01-01"><title-part><text>Wicks</text></title-part></class-title></classification-item>
<classification-item breakdown-code="false" not-allocatable="false" level="9" additional-only="false" sort-key="A24F40/46" definition-exists="false" ipc-concordant="A24F40/46" c-set-base-allowed="false" c-set-subsequent-allowed="true" date-revised="2020-01-01" status="published"><classification-symbol>A24F40/46</classification-symbol><class-title date-revised="2020-01-01"><title-part><text>Shape or structure of electric heating means</text></title-part></class-title>
<classification-item breakdown-code="false" not-allocatable="false" level="10" additional-only="false" sort-key="A24F40/465" definition-exists="false" ipc-concordant="A24F40/465" c-set-base-allowed="false" c-set-subsequent-allowed="true" date-revised="2020-01-01" status="published"><classification-symbol>A24F40/465</classification-symbol><class-title date-revised="2020-01-01"><title-part><text>specially adapted for induction heating</text></title-part></class-title></classification-item></classification-item>
<classification-item breakdown-code="false" not-allocatable="false" level="9" additional-only="false" sort-key="A24F40/48" definition-exists="false" ipc-concordant="A24F40/48" c-set-base-allowed="false" c-set-subsequent-allowed="true" date-revised="2020-01-01" status="published"><classification-symbol>A24F40/48</classification-symbol><class-title date-revised="2020-01-01"><title-part><text>Fluid transfer means, e.g. pumps</text></title-part></class-title>
<classification-item breakdown-code="false" not-allocatable="false" level="10" additional-only="false" sort-key="A24F40/485" definition-exists="false" ipc-concordant="A24F40/485" c-set-base-allowed="false" c-set-subsequent-allowed="true" date-revised="2020-01-01" status="published"><classification-symbol>A24F40/485</classification-symbol><class-title date-revised="2020-01-01"><title-part><text>Valves</text></title-part><title-part><text>Apertures</text></title-part></class-title></classification-item></classification-item>
<classification-item breakdown-code="false" not-allocatable="false" level="9" additional-only="false" sort-key="A24F40/49" definition-exists="false" ipc-concordant="A24F40/49" c-set-base-allowed="false" c-set-subsequent-allowed="true" date-revised="2020-01-01" status="published"><classification-symbol>A24F40/49</classification-symbol><class-title date-revised="2020-01-01"><title-part><text>Child proofing</text></title-part></class-title></classification-item></classification-item>
<classification-item breakdown-code="false" not-allocatable="false" level="8" additional-only="false" sort-key="A24F40/50" definition-exists="false" ipc-concordant="A24F40/50" c-set-base-allowed="false" c-set-subsequent-allowed="true" date-revised="2022-01-01" status="published"><classification-symbol>A24F40/50</classification-symbol><class-title date-revised="2020-01-01"><title-part><text>Control or monitoring</text></title-part></class-title>
<classification-item breakdown-code="false" not-allocatable="false" level="9" additional-only="false" sort-key="A24F40/51" definition-exists="false" ipc-concordant="A24F40/51" c-set-base-allowed="false" c-set-subsequent-allowed="true" date-revised="2020-01-01" status="published"><classification-symbol>A24F40/51</classification-symbol><class-title date-revised="2020-01-01"><title-part><text>Arrangement of sensors</text></title-part></class-title></classification-item>
<classification-item breakdown-code="false" not-allocatable="false" level="9" additional-only="false" sort-key="A24F40/53" definition-exists="false" ipc-concordant="A24F40/53" c-set-base-allowed="false" c-set-subsequent-allowed="true" date-revised="2020-01-01" status="published"><classification-symbol>A24F40/53</classification-symbol><class-title date-revised="2020-01-01"><title-part><text>Monitoring, e.g. fault detection</text></title-part></class-title></classification-item>
<classification-item breakdown-code="false" not-allocatable="false" level="9" additional-only="false" sort-key="A24F40/57" definition-exists="false" ipc-concordant="A24F40/57" c-set-base-allowed="false" c-set-subsequent-allowed="true" date-revised="2020-01-01" status="published"><classification-symbol>A24F40/57</classification-symbol><class-title date-revised="2020-01-01"><title-part><text>Temperature control</text></title-part></class-title></classification-item></classification-item>
<classification-item breakdown-code="false" not-allocatable="false" level="8" additional-only="false" sort-key="A24F40/60" definition-exists="false" ipc-concordant="A24F40/60" c-set-base-allowed="false" c-set-subsequent-allowed="true" date-revised="2022-01-01" status="published"><classification-symbol>A24F40/60</classification-symbol><class-title date-revised="2020-01-01"><title-part><text>Devices with integrated user interfaces</text></title-part></class-title></classification-item>
<classification-item breakdown-code="false" not-allocatable="false" level="8" additional-only="false" sort-key="A24F40/65" definition-exists="false" ipc-concordant="A24F40/65" c-set-base-allowed="false" c-set-subsequent-allowed="true" date-revised="2022-01-01" status="published"><classification-symbol>A24F40/65</classification-symbol><class-title date-revised="2020-01-01"><title-part><text>Devices with integrated communication means, e.g. Wi-Fi</text></title-part></class-title></classification-item>
<classification-item breakdown-code="false" not-allocatable="false" level="8" additional-only="false" sort-key="A24F40/70" definition-exists="false" ipc-concordant="A24F40/70" c-set-base-allowed="false" c-set-subsequent-allowed="true" date-revised="2022-01-01" status="published"><classification-symbol>A24F40/70</classification-symbol><class-title date-revised="2020-01-01"><title-part><text>Manufacture</text></title-part></class-title></classification-item>
<classification-item breakdown-code="false" not-allocatable="false" level="8" additional-only="false" sort-key="A24F40/80" definition-exists="false" ipc-concordant="A24F40/80" c-set-base-allowed="false" c-set-subsequent-allowed="true" date-revised="2022-01-01" status="published"><classification-symbol>A24F40/80</classification-symbol><class-title date-revised="2020-01-01"><title-part><text>Testing</text></title-part></class-title></classification-item>
<classification-item breakdown-code="false" not-allocatable="false" level="8" additional-only="false" sort-key="A24F40/85" definition-exists="false" ipc-concordant="A24F40/85" c-set-base-allowed="false" c-set-subsequent-allowed="true" date-revised="2022-01-01" status="published"><classification-symbol>A24F40/85</classification-symbol><class-title date-revised="2020-01-01"><title-part><text>Maintenance, e.g. cleaning</text></title-part></class-title></classification-item>
<classification-item breakdown-code="false" not-allocatable="false" level="8" additional-only="false" sort-key="A24F40/90" definition-exists="false" ipc-concordant="A24F40/90" c-set-base-allowed="false" c-set-subsequent-allowed="true" date-revised="2022-01-01" status="published"><classification-symbol>A24F40/90</classification-symbol><class-title date-revised="2020-01-01"><title-part><text>Arrangements or methods specially adapted for charging batteries thereof</text></title-part></class-title>
<classification-item breakdown-code="false" not-allocatable="false" level="9" additional-only="false" sort-key="A24F40/95" definition-exists="false" ipc-concordant="A24F40/95" c-set-base-allowed="false" c-set-subsequent-allowed="true" date-revised="2020-01-01" status="published"><classification-symbol>A24F40/95</classification-symbol><class-title date-revised="2020-01-01"><title-part><text>structurally associated with cases</text></title-part></class-title></classification-item></classification-item></classification-item>
<classification-item breakdown-code="false" not-allocatable="false" level="7" additional-only="false" sort-key="A24F42/00" definition-exists="false" ipc-concordant="A24F42/00" c-set-base-allowed="false" c-set-subsequent-allowed="true" date-revised="2022-01-01" status="published"><classification-symbol>A24F42/00</classification-symbol><class-title date-revised="2020-01-01"><title-part><text>Simulated smoking devices other than electrically operated</text></title-part><title-part><text>Component parts thereof</text></title-part><title-part><text>Manufacture or testing thereof</text></title-part></class-title>
<classification-item breakdown-code="false" not-allocatable="false" level="8" additional-only="false" sort-key="A24F42/10" definition-exists="false" ipc-concordant="A24F42/10" c-set-base-allowed="false" c-set-subsequent-allowed="true" date-revised="2022-01-01" status="published"><classification-symbol>A24F42/10</classification-symbol><class-title date-revised="2020-01-01"><title-part><text>Devices with chemical heating means</text></title-part></class-title></classification-item>
<classification-item breakdown-code="false" not-allocatable="false" level="8" additional-only="false" sort-key="A24F42/20" definition-exists="false" ipc-concordant="A24F42/20" c-set-base-allowed="false" c-set-subsequent-allowed="true" date-revised="2022-01-01" status="published"><classification-symbol>A24F42/20</classification-symbol><class-title date-revised="2020-01-01"><title-part><text>Devices without heating means</text></title-part></class-title></classification-item>
<classification-item breakdown-code="false" not-allocatable="false" level="8" additional-only="false" sort-key="A24F42/60" definition-exists="false" ipc-concordant="A24F42/60" c-set-base-allowed="false" c-set-subsequent-allowed="true" date-revised="2022-01-01" status="published"><classification-symbol>A24F42/60</classification-symbol><class-title date-revised="2020-01-01"><title-part><text>Constructional details</text></title-part></class-title></classification-item>
<classification-item breakdown-code="false" not-allocatable="false" level="8" additional-only="false" sort-key="A24F42/80" definition-exists="false" ipc-concordant="A24F42/80" c-set-base-allowed="false" c-set-subsequent-allowed="true" date-revised="2022-01-01" status="published"><classification-symbol>A24F42/80</classification-symbol><class-title date-revised="2020-01-01"><title-part><text>Manufacture</text></title-part></class-title></classification-item>
<classification-item breakdown-code="false" not-allocatable="false" level="8" additional-only="false" sort-key="A24F42/90" definition-exists="false" ipc-concordant="A24F42/90" c-set-base-allowed="false" c-set-subsequent-allowed="true" date-revised="2022-01-01" status="published"><classification-symbol>A24F42/90</classification-symbol><class-title date-revised="2020-01-01"><title-part><text>Testing</text></title-part></class-title></classification-item></classification-item></classification-item>
<classification-item breakdown-code="false" not-allocatable="true" level="6" additional-only="false" sort-key="A24F47/00" date-revised="2020-01-01" status="published"><classification-symbol>A24F47/00</classification-symbol>
<classification-item breakdown-code="false" not-allocatable="false" level="7" additional-only="false" sort-key="A24F47/00" definition-exists="true" ipc-concordant="A24F47/00" c-set-base-allowed="false" c-set-subsequent-allowed="true" date-revised="2022-01-01" status="published"><classification-symbol>A24F47/00</classification-symbol><class-title date-revised="2020-01-01"><title-part><text>Smokers&apos; requisites not otherwise provided for</text></title-part></class-title></classification-item></classification-item>
<classification-item breakdown-code="true" not-allocatable="true" level="6" additional-only="true" sort-key="A24F700/00" date-revised="2013-01-01" status="published"><classification-symbol>A24F2700/00</classification-symbol>
<classification-item breakdown-code="true" not-allocatable="false" level="7" additional-only="true" sort-key="A24F700/00" definition-exists="false" ipc-concordant="CPCONLY" c-set-base-allowed="false" c-set-subsequent-allowed="true" date-revised="2013-01-01" status="published"><classification-symbol>A24F2700/00</classification-symbol><class-title date-revised="2013-01-01"><title-part><text>Tobacco pipes</text></title-part><title-part><text>Bad-covers or accessories for smokers&apos; pipes</text></title-part></class-title>
<classification-item breakdown-code="true" not-allocatable="false" level="8" additional-only="true" sort-key="A24F700/01" definition-exists="false" ipc-concordant="CPCONLY" c-set-base-allowed="false" c-set-subsequent-allowed="true" date-revised="2013-01-01" status="published"><classification-symbol>A24F2700/01</classification-symbol><class-title date-revised="2013-01-01"><title-part><text>Collapsible pipes and pipes in general</text></title-part></class-title></classification-item>
<classification-item breakdown-code="true" not-allocatable="false" level="8" additional-only="true" sort-key="A24F700/03" definition-exists="false" ipc-concordant="CPCONLY" c-set-base-allowed="false" c-set-subsequent-allowed="true" date-revised="2013-01-01" status="published"><classification-symbol>A24F2700/03</classification-symbol><class-title date-revised="2013-01-01"><title-part><text>Pipes with cooling or zigzag circulation of the smoke</text></title-part></class-title></classification-item>
<classification-item breakdown-code="true" not-allocatable="false" level="8" additional-only="true" sort-key="A24F700/04" definition-exists="false" ipc-concordant="CPCONLY" c-set-base-allowed="false" c-set-subsequent-allowed="true" date-revised="2013-01-01" status="published"><classification-symbol>A24F2700/04</classification-symbol><class-title date-revised="2013-01-01"><title-part><text>Pipes filled with absorbant materials, pipes with devices filtering the smoke</text></title-part></class-title></classification-item>
<classification-item breakdown-code="true" not-allocatable="false" level="8" additional-only="true" sort-key="A24F700/08" definition-exists="false" ipc-concordant="CPCONLY" c-set-base-allowed="false" c-set-subsequent-allowed="true" date-revised="2013-01-01" status="published"><classification-symbol>A24F2700/08</classification-symbol><class-title date-revised="2013-01-01"><title-part><text>Bowl-covers or accessories for smokers&apos; pipes</text></title-part></class-title></classification-item></classification-item></classification-item></classification-item></class-scheme>