<?xml version="1.0" encoding="UTF-8"?>
<class-scheme publication-date="2023-08-01" scheme-type="cpc" publication-type="official">
<classification-item breakdown-code="false" not-allocatable="true" level="5" additional-only="false" sort-key="C07G" definition-exists="true" date-revised="2018-08-01" status="published"><classification-symbol>C07G</classification-symbol><class-title date-revised="2013-01-01"><title-part><text>COMPOUNDS OF UNKNOWN CONSTITUTION</text></title-part></class-title><notes-and-warnings date-revised="2013-01-01"><note type="note"><note-paragraph> This subclass <u>does not cover</u> peptides or proteins of unknown constitution, which are covered by subclass <class-ref scheme="cpc">C07K</class-ref></note-paragraph></note><note type="warning"><note-paragraph>In this subclass non-limiting references (in the sense of paragraph 39 of the Guide to the IPC) may still be displayed in the scheme.</note-paragraph></note></notes-and-warnings>
<classification-item breakdown-code="false" not-allocatable="true" level="6" additional-only="false" sort-key="C07G1/00" date-revised="2013-01-01" status="published"><classification-symbol>C07G1/00</classification-symbol>
<classification-item breakdown-code="false" not-allocatable="false" level="7" additional-only="false" sort-key="C07G1/00" definition-exists="true" ipc-concordant="C07G1/00" c-set-base-allowed="false" c-set-subsequent-allowed="true" date-revised="2013-01-01" status="published"><classification-symbol>C07G1/00</classification-symbol><class-title date-revised="2013-01-01"><title-part><text>Lignin</text></title-part><title-part><text>Lignin derivatives</text></title-part></class-title></classification-item>
<classification-item breakdown-code="false" not-allocatable="false" level="7" additional-only="false" sort-key="C07G3/00" definition-exists="true" ipc-concordant="C07G3/00" c-set-base-allowed="false" c-set-subsequent-allowed="true" date-revised="2013-01-01" status="published"><classification-symbol>C07G3/00</classification-symbol><class-title date-revised="2013-01-01"><title-part><text>Glycosides </text><reference><text>polysaccharides <class-ref scheme="cpc">C08B</class-ref></text></reference></title-part></class-title></classification-item>
<classification-item breakdown-code="false" not-allocatable="false" level="7" additional-only="false" sort-key="C07G5/00" definition-exists="true" ipc-concordant="C07G5/00" c-set-base-allowed="false" c-set-subsequent-allowed="true" date-revised="2013-01-01" status="published"><classification-symbol>C07G5/00</classification-symbol><class-title date-revised="2013-01-01"><title-part><text>Alkaloids</text></title-part></class-title></classification-item>
<classification-item breakdown-code="false" not-allocatable="false" level="7" additional-only="false" sort-key="C07G9/00" definition-exists="true" ipc-concordant="C07G9/00" c-set-base-allowed="false" c-set-subsequent-allowed="true" date-revised="2013-01-01" status="published"><classification-symbol>C07G9/00</classification-symbol><class-title date-revised="2013-01-01"><title-part><text>Ammonium bituminosulfonate, e.g. Ichthyol </text><CPC-specific-text><text>also bituminasulfonic acid and its salts</text></CPC-specific-text></title-part></class-title></classification-item>
<classification-item breakdown-code="false" not-allocatable="false" level="7" additional-only="false" sort-key="C07G11/00" definition-exists="true" ipc-concordant="C07G11/00" c-set-base-allowed="false" c-set-subsequent-allowed="true" date-revised="2013-01-01" status="published"><classification-symbol>C07G11/00</classification-symbol><class-title date-revised="2013-01-01"><title-part><text>Antibiotics</text></title-part></class-title></classification-item>
<classification-item breakdown-code="false" not-allocatable="false" level="7" additional-only="false" sort-key="C07G13/00" definition-exists="true" ipc-concordant="C07G13/00" c-set-base-allowed="false" c-set-subsequent-allowed="true" date-revised="2013-01-01" status="published"><classification-symbol>C07G13/00</classification-symbol><class-title date-revised="2013-01-01"><title-part><text>Vitamins </text><reference><text>vitamin K1 <class-ref scheme="cpc">C07C50/14</class-ref>; pantothinic acid <class-ref scheme="cpc">C07C235/12</class-ref>; vitamins of the D group <class-ref scheme="cpc">C07C401/00</class-ref>; vitamin A <class-ref scheme="cpc">C07C403/08</class-ref>; pyridoxal, pyridoxamin <class-ref scheme="cpc">C07D213/66</class-ref>; pyridoxin <class-ref scheme="cpc">C07D213/67</class-ref>; vitamin C <class-ref scheme="cpc">C07D307/62</class-ref>; tocopherols <class-ref scheme="cpc">C07D311/72</class-ref>; lipoic acid <class-ref scheme="cpc">C07D339/04</class-ref>; vitamin B1 <class-ref scheme="cpc">C07D415/00</class-ref>; riboflavin <class-ref scheme="cpc">C07D475/14</class-ref>; biotin <class-ref scheme="cpc">C07D495/04</class-ref>; sideramines, corresponding deoferri compounds <class-ref scheme="cpc">C07F15/03</class-ref>; vitamin B12 <class-ref scheme="cpc">C07H23/00</class-ref></text></reference></title-part></class-title></classification-item>
<classification-item breakdown-code="false" not-allocatable="false" level="7" additional-only="false" sort-key="C07G15/00" definition-exists="true" ipc-concordant="C07G15/00" c-set-base-allowed="false" c-set-subsequent-allowed="true" date-revised="2013-01-01" status="published"><classification-symbol>C07G15/00</classification-symbol><class-title date-revised="2013-01-01"><title-part><text>Hormones</text></title-part></class-title></classification-item>
<classification-item breakdown-code="false" not-allocatable="false" level="7" additional-only="false" sort-key="C07G99/00" definition-exists="true" ipc-concordant="C07G99/00" c-set-base-allowed="false" c-set-subsequent-allowed="true" date-revised="2022-08-01" status="published"><classification-symbol>C07G99/00</classification-symbol><class-title date-revised="2022-08-01"><title-part><text>Subject matter not provided for in other groups of this subclass</text></title-part></class-title>
<classification-item breakdown-code="false" not-allocatable="false" level="8" additional-only="false" sort-key="C07G99/002" definition-exists="false" ipc-concordant="C07G99/00" c-set-base-allowed="false" c-set-subsequent-allowed="true" date-revised="2022-08-01" status="published"><classification-symbol>C07G99/002</classification-symbol><class-title date-revised="2022-08-01"><title-part><CPC-specific-text><text>Compounds of unknown constitution containing sulfur</text></CPC-specific-text></title-part></class-title>
<classification-item breakdown-code="false" not-allocatable="false" level="9" additional-only="false" sort-key="C07G99/0022" definition-exists="false" ipc-concordant="C07G99/00" c-set-base-allowed="false" c-set-subsequent-allowed="true" date-revised="2022-08-01" status="published"><classification-symbol>C07G99/0022</classification-symbol><class-title date-revised="2022-08-01"><title-part><CPC-specific-text><text>derived from hydrocarbons</text></CPC-specific-text></title-part></class-title>
<classification-item breakdown-code="false" not-allocatable="false" level="10" additional-only="false" sort-key="C07G99/0023" definition-exists="false" ipc-concordant="C07G99/00" c-set-base-allowed="false" c-set-subsequent-allowed="true" date-revised="2022-08-01" status="published"><classification-symbol>C07G99/0023</classification-symbol><class-title date-revised="2022-08-01"><title-part><CPC-specific-text><text>the hydrocarbons being a terpene fraction</text></CPC-specific-text></title-part></class-title></classification-item></classification-item>
<classification-item breakdown-code="false" not-allocatable="false" level="9" additional-only="false" sort-key="C07G99/0024" definition-exists="false" ipc-concordant="C07G99/00" c-set-base-allowed="false" c-set-subsequent-allowed="true" date-revised="2022-08-01" status="published"><classification-symbol>C07G99/0024</classification-symbol><class-title date-revised="2022-08-01"><title-part><CPC-specific-text><text>Overbased compounds</text></CPC-specific-text></title-part></class-title></classification-item></classification-item></classification-item></classification-item></classification-item></class-scheme>