<?xml version="1.0" encoding="UTF-8"?>
<class-scheme publication-date="2023-08-01" scheme-type="cpc" publication-type="official">
<classification-item breakdown-code="false" not-allocatable="true" level="5" additional-only="false" sort-key="B27D" definition-exists="true" date-revised="2018-08-01" status="published"><classification-symbol>B27D</classification-symbol><class-title date-revised="2013-01-01"><title-part><text>WORKING VENEER OR PLYWOOD </text><reference><text>applying liquids or other fluent materials to surface in general <class-ref scheme="cpc">B05</class-ref>; grinding, sanding, or polishing of wood <class-ref scheme="cpc">B24</class-ref>; applying adhesives or glue to surfaces of wood <class-ref scheme="cpc">B27G11/00</class-ref>; manufacture of veneer <class-ref scheme="cpc">B27L5/00</class-ref></text></reference></title-part></class-title><notes-and-warnings><note type="warning"><note-paragraph>In this subclass non-limiting references (in the sense of paragraph 39 of the Guide to the IPC) may still be displayed in the scheme.</note-paragraph></note></notes-and-warnings>
<classification-item breakdown-code="false" not-allocatable="true" level="6" additional-only="false" sort-key="B27D1/00" date-revised="2013-01-01" status="published"><classification-symbol>B27D1/00</classification-symbol>
<classification-item breakdown-code="false" not-allocatable="false" level="7" additional-only="false" sort-key="B27D1/00" definition-exists="true" ipc-concordant="B27D1/00" c-set-base-allowed="false" c-set-subsequent-allowed="true" date-revised="2013-01-01" status="published"><classification-symbol>B27D1/00</classification-symbol><class-title date-revised="2013-01-01"><title-part><text>Joining wood veneer with any material</text></title-part><title-part><text>Forming articles thereby </text><reference><text>in conjunction with moulding of wood particles or fibres <class-ref scheme="cpc">B27N3/06</class-ref></text></reference></title-part><title-part><text>Preparatory processing of surfaces to be joined, e.g. scoring</text></title-part></class-title>
<classification-item breakdown-code="false" not-allocatable="false" level="8" additional-only="false" sort-key="B27D1/005" definition-exists="false" ipc-concordant="B27D1/00" c-set-base-allowed="false" c-set-subsequent-allowed="true" date-revised="2013-01-01" status="published"><classification-symbol>B27D1/005</classification-symbol><class-title date-revised="2013-01-01"><title-part><CPC-specific-text><text>Tenderising, e.g. by incising, crushing</text></CPC-specific-text></title-part></class-title></classification-item>
<classification-item breakdown-code="false" not-allocatable="false" level="8" additional-only="false" sort-key="B27D1/02" definition-exists="false" ipc-concordant="B27D1/02" c-set-base-allowed="false" c-set-subsequent-allowed="true" date-revised="2013-01-01" status="published"><classification-symbol>B27D1/02</classification-symbol><class-title date-revised="2013-01-01"><title-part><text>Hot tables for warming veneers</text></title-part></class-title>
<classification-item breakdown-code="false" not-allocatable="false" level="9" additional-only="false" sort-key="B27D1/025" definition-exists="false" ipc-concordant="B27D1/02" c-set-base-allowed="false" c-set-subsequent-allowed="true" date-revised="2013-01-01" status="published"><classification-symbol>B27D1/025</classification-symbol><class-title date-revised="2013-01-01"><title-part><CPC-specific-text><text>electrically</text></CPC-specific-text></title-part></class-title></classification-item></classification-item>
<classification-item breakdown-code="false" not-allocatable="false" level="8" additional-only="false" sort-key="B27D1/04" definition-exists="false" ipc-concordant="B27D1/04" c-set-base-allowed="false" c-set-subsequent-allowed="true" date-revised="2013-01-01" status="published"><classification-symbol>B27D1/04</classification-symbol><class-title date-revised="2013-01-01"><title-part><text>to produce plywood or articles made therefrom</text></title-part><title-part><text>Plywood sheets </text><CPC-specific-text><reference><text>making a layered veneer cutting block <class-ref scheme="cpc">B27L5/00</class-ref></text></reference></CPC-specific-text></title-part></class-title>
<classification-item breakdown-code="false" not-allocatable="false" level="9" additional-only="false" sort-key="B27D1/06" definition-exists="true" ipc-concordant="B27D1/06" c-set-base-allowed="false" c-set-subsequent-allowed="true" date-revised="2013-01-01" status="published"><classification-symbol>B27D1/06</classification-symbol><class-title date-revised="2013-01-01"><title-part><text>Manufacture of central layers</text></title-part><title-part><text>Form of central layers </text><CPC-specific-text><reference><text><u>see</u> also <class-ref scheme="cpc">B27M3/002</class-ref> and <class-ref scheme="cpc">B27M3/0026</class-ref></text></reference></CPC-specific-text></title-part></class-title></classification-item>
<classification-item breakdown-code="false" not-allocatable="false" level="9" additional-only="false" sort-key="B27D1/08" definition-exists="false" ipc-concordant="B27D1/08" c-set-base-allowed="false" c-set-subsequent-allowed="true" date-revised="2013-01-01" status="published"><classification-symbol>B27D1/08</classification-symbol><class-title date-revised="2013-01-01"><title-part><text>Manufacture of shaped articles</text></title-part><title-part><text>Presses specially designed therefor</text></title-part></class-title>
<classification-item breakdown-code="false" not-allocatable="false" level="10" additional-only="false" sort-key="B27D1/083" definition-exists="false" ipc-concordant="B27D1/08" c-set-base-allowed="false" c-set-subsequent-allowed="true" date-revised="2013-01-01" status="published"><classification-symbol>B27D1/083</classification-symbol><class-title date-revised="2013-01-01"><title-part><CPC-specific-text><text>Presses specially designed for making the manufacture of shaped plywood articles</text></CPC-specific-text></title-part></class-title></classification-item>
<classification-item breakdown-code="false" not-allocatable="false" level="10" additional-only="false" sort-key="B27D1/086" definition-exists="true" ipc-concordant="B27D1/08" c-set-base-allowed="false" c-set-subsequent-allowed="true" date-revised="2013-01-01" status="published"><classification-symbol>B27D1/086</classification-symbol><class-title date-revised="2013-01-01"><title-part><CPC-specific-text><text>Manufacture of oblong articles, e.g. tubes by spirally winding veneer blanks</text></CPC-specific-text></title-part></class-title></classification-item></classification-item></classification-item>
<classification-item breakdown-code="false" not-allocatable="false" level="8" additional-only="false" sort-key="B27D1/10" definition-exists="false" ipc-concordant="B27D1/10" c-set-base-allowed="false" c-set-subsequent-allowed="true" date-revised="2013-01-01" status="published"><classification-symbol>B27D1/10</classification-symbol><class-title date-revised="2013-01-01"><title-part><text>Butting blanks of veneer</text></title-part><title-part><text>Joining same along edges</text></title-part><title-part><text>Preparatory processing of edges, e.g. cutting </text><CPC-specific-text><reference><text><u>see</u> also <class-ref scheme="cpc">B27M3/002</class-ref> and <class-ref scheme="cpc">B27M3/0026</class-ref></text></reference></CPC-specific-text></title-part></class-title></classification-item></classification-item>
<classification-item breakdown-code="false" not-allocatable="false" level="7" additional-only="false" sort-key="B27D3/00" definition-exists="true" ipc-concordant="B27D3/00" c-set-base-allowed="false" c-set-subsequent-allowed="true" date-revised="2017-08-01" status="published"><classification-symbol>B27D3/00</classification-symbol><class-title date-revised="2017-08-01"><title-part><text>Veneer presses</text></title-part><title-part><text>Press plates</text></title-part><title-part><text>Plywood presses </text><reference><text>presses in general <class-ref scheme="cpc">B30B</class-ref> </text><CPC-specific-text><text>; presses for wood fibre sheets <class-ref scheme="cpc">B27N3/08</class-ref>, <class-ref scheme="cpc">B27N3/24</class-ref>, <class-ref scheme="cpc">B27N3/26</class-ref></text></CPC-specific-text></reference></title-part></class-title>
<classification-item breakdown-code="false" not-allocatable="false" level="8" additional-only="false" sort-key="B27D3/02" definition-exists="false" ipc-concordant="B27D3/02" c-set-base-allowed="false" c-set-subsequent-allowed="true" date-revised="2013-01-01" status="published"><classification-symbol>B27D3/02</classification-symbol><class-title date-revised="2013-01-01"><title-part><text>with a plurality of press plates, i.e. multi- platen hot presses</text></title-part></class-title></classification-item>
<classification-item breakdown-code="false" not-allocatable="false" level="8" additional-only="false" sort-key="B27D3/04" definition-exists="false" ipc-concordant="B27D3/04" c-set-base-allowed="false" c-set-subsequent-allowed="true" date-revised="2013-01-01" status="published"><classification-symbol>B27D3/04</classification-symbol><class-title date-revised="2013-01-01"><title-part><text>with endless arrangement of moving press plates, belts, or the like</text></title-part></class-title></classification-item></classification-item>
<classification-item breakdown-code="false" not-allocatable="false" level="7" additional-only="false" sort-key="B27D5/00" definition-exists="true" ipc-concordant="B27D5/00" c-set-base-allowed="false" c-set-subsequent-allowed="true" date-revised="2017-08-01" status="published"><classification-symbol>B27D5/00</classification-symbol><class-title date-revised="2017-08-01"><title-part><text>Other working of veneer or plywood specially adapted to veneer or plywood </text><reference><text>working of strips in the same way as cane <class-ref scheme="cpc">B27J</class-ref> </text><CPC-specific-text><text>; repairing tears on veneer blanks <class-ref scheme="cpc">B27D1/10</class-ref>; <class-ref scheme="cpc">B27G1/00</class-ref> takes precedence</text></CPC-specific-text></reference></title-part></class-title>
<classification-item breakdown-code="false" not-allocatable="false" level="8" additional-only="false" sort-key="B27D5/003" definition-exists="false" ipc-concordant="B27D5/00" c-set-base-allowed="false" c-set-subsequent-allowed="true" date-revised="2013-01-01" status="published"><classification-symbol>B27D5/003</classification-symbol><class-title date-revised="2013-01-01"><title-part><CPC-specific-text><text>securing a veneer strip to a panel edge </text><reference><text>fitting a tenonned strip to a grooved panel edge <class-ref scheme="cpc">B27M3/0026</class-ref></text></reference></CPC-specific-text></title-part></class-title></classification-item>
<classification-item breakdown-code="false" not-allocatable="false" level="8" additional-only="false" sort-key="B27D5/006" definition-exists="false" ipc-concordant="B27D5/00" c-set-base-allowed="false" c-set-subsequent-allowed="true" date-revised="2013-01-01" status="published"><classification-symbol>B27D5/006</classification-symbol><class-title date-revised="2013-01-01"><title-part><CPC-specific-text><text>Trimming, chamfering or bevelling edgings, e.g. lists </text><reference><text><class-ref scheme="cpc">B23C3/126</class-ref> takes precedence</text></reference></CPC-specific-text></title-part></class-title></classification-item></classification-item></classification-item></classification-item></class-scheme>