<?xml version="1.0" encoding="UTF-8"?>
<class-scheme publication-date="2023-08-01" scheme-type="cpc" publication-type="official">
<classification-item breakdown-code="false" not-allocatable="true" level="5" additional-only="false" sort-key="A63K" definition-exists="true" date-revised="2018-08-01" status="published"><classification-symbol>A63K</classification-symbol><class-title date-revised="2013-01-01"><title-part><text>RACING</text></title-part><title-part><text>RIDING SPORTS</text></title-part><title-part><text>EQUIPMENT OR ACCESSORIES THEREFOR </text><reference><text>stop watches <class-ref scheme="cpc">G04F7/06</class-ref>; timing <class-ref scheme="cpc">G07C1/22</class-ref>; indicating arrangements for variable information by selection or combination of individual elements <class-ref scheme="cpc">G09F9/00</class-ref></text></reference></title-part></class-title><notes-and-warnings><note type="warning"><note-paragraph>In this subclass non-limiting references (in the sense of paragraph 39 of the Guide to the IPC) may still be displayed in the scheme.</note-paragraph></note></notes-and-warnings>
<classification-item breakdown-code="false" not-allocatable="true" level="6" additional-only="false" sort-key="A63K1/00" date-revised="2013-01-01" status="published"><classification-symbol>A63K1/00</classification-symbol>
<classification-item breakdown-code="false" not-allocatable="false" level="7" additional-only="false" sort-key="A63K1/00" definition-exists="true" ipc-concordant="A63K1/00" c-set-base-allowed="false" c-set-subsequent-allowed="true" date-revised="2013-01-01" status="published"><classification-symbol>A63K1/00</classification-symbol><class-title date-revised="2013-01-01"><title-part><text>Race-courses</text></title-part><title-part><text>Race-tracks</text></title-part></class-title>
<classification-item breakdown-code="false" not-allocatable="false" level="8" additional-only="false" sort-key="A63K1/02" definition-exists="true" ipc-concordant="A63K1/02" c-set-base-allowed="false" c-set-subsequent-allowed="true" date-revised="2013-01-01" status="published"><classification-symbol>A63K1/02</classification-symbol><class-title date-revised="2013-01-01"><title-part><text>for greyhounds or other dogs</text></title-part></class-title></classification-item></classification-item>
<classification-item breakdown-code="false" not-allocatable="false" level="7" additional-only="false" sort-key="A63K3/00" definition-exists="true" ipc-concordant="A63K3/00" c-set-base-allowed="false" c-set-subsequent-allowed="true" date-revised="2013-01-01" status="published"><classification-symbol>A63K3/00</classification-symbol><class-title date-revised="2013-01-01"><title-part><text>Equipment or accessories for racing or riding sports </text><CPC-specific-text><reference><text>training equipment for animals <class-ref scheme="cpc">A01K15/02</class-ref></text></reference></CPC-specific-text></title-part></class-title>
<classification-item breakdown-code="false" not-allocatable="false" level="8" additional-only="false" sort-key="A63K3/02" definition-exists="true" ipc-concordant="A63K3/02" c-set-base-allowed="false" c-set-subsequent-allowed="true" date-revised="2013-01-01" status="published"><classification-symbol>A63K3/02</classification-symbol><class-title date-revised="2013-01-01"><title-part><text>Starting-appliances</text></title-part></class-title>
<classification-item breakdown-code="false" not-allocatable="false" level="9" additional-only="false" sort-key="A63K3/023" definition-exists="true" ipc-concordant="A63K3/02" c-set-base-allowed="false" c-set-subsequent-allowed="true" date-revised="2013-01-01" status="published"><classification-symbol>A63K3/023</classification-symbol><class-title date-revised="2013-01-01"><title-part><CPC-specific-text><text>Starting-blocks</text></CPC-specific-text></title-part></class-title></classification-item>
<classification-item breakdown-code="false" not-allocatable="false" level="9" additional-only="false" sort-key="A63K3/026" definition-exists="true" ipc-concordant="A63K3/02" c-set-base-allowed="false" c-set-subsequent-allowed="true" date-revised="2013-01-01" status="published"><classification-symbol>A63K3/026</classification-symbol><class-title date-revised="2013-01-01"><title-part><CPC-specific-text><text>Starting stalls or starting boxes, e.g. for racing horses, greyhounds</text></CPC-specific-text></title-part></class-title></classification-item></classification-item>
<classification-item breakdown-code="false" not-allocatable="false" level="8" additional-only="false" sort-key="A63K3/04" definition-exists="true" ipc-concordant="A63K3/04" c-set-base-allowed="false" c-set-subsequent-allowed="true" date-revised="2013-01-01" status="published"><classification-symbol>A63K3/04</classification-symbol><class-title date-revised="2013-01-01"><title-part><text>Hurdles or the like</text></title-part></class-title>
<classification-item breakdown-code="false" not-allocatable="false" level="9" additional-only="false" sort-key="A63K3/043" definition-exists="true" ipc-concordant="A63K3/04" c-set-base-allowed="false" c-set-subsequent-allowed="true" date-revised="2013-01-01" status="published"><classification-symbol>A63K3/043</classification-symbol><class-title date-revised="2013-01-01"><title-part><CPC-specific-text><text>Athletics hurdles</text></CPC-specific-text></title-part></class-title></classification-item>
<classification-item breakdown-code="false" not-allocatable="false" level="9" additional-only="false" sort-key="A63K3/046" definition-exists="true" ipc-concordant="A63K3/04" c-set-base-allowed="false" c-set-subsequent-allowed="true" date-revised="2013-01-01" status="published"><classification-symbol>A63K3/046</classification-symbol><class-title date-revised="2013-01-01"><title-part><CPC-specific-text><text>Equestrian hurdles</text></CPC-specific-text></title-part></class-title></classification-item></classification-item></classification-item>
<classification-item breakdown-code="false" not-allocatable="false" level="7" additional-only="false" sort-key="A63K99/00" definition-exists="false" ipc-concordant="A63K99/00" c-set-base-allowed="false" c-set-subsequent-allowed="true" date-revised="2013-01-01" status="published"><classification-symbol>A63K99/00</classification-symbol><class-title date-revised="2013-01-01"><title-part><text>Subject matter not provided for in other groups of this subclass</text></title-part></class-title></classification-item></classification-item></classification-item></class-scheme>