<?xml version="1.0" encoding="UTF-8"?>
<class-scheme publication-date="2023-08-01" scheme-type="cpc" publication-type="official">
<classification-item breakdown-code="false" not-allocatable="true" level="5" additional-only="false" sort-key="D05C" definition-exists="true" date-revised="2018-08-01" status="published"><classification-symbol>D05C</classification-symbol><class-title date-revised="2013-01-01"><title-part><text>EMBROIDERING</text></title-part><title-part><text>TUFTING </text><reference><text>making non-woven fabrics <class-ref scheme="cpc">D04H</class-ref>; sewing <class-ref scheme="cpc">D05B</class-ref></text></reference></title-part></class-title><notes-and-warnings><note type="warning"><note-paragraph>In this subclass non-limiting references (in the sense of paragraph 39 of the Guide to the IPC) may still be displayed in the scheme.</note-paragraph></note></notes-and-warnings>
<classification-item breakdown-code="false" not-allocatable="true" level="6" additional-only="false" sort-key="D05C1/00" date-revised="2013-01-01" status="published"><classification-symbol>D05C1/00</classification-symbol>
<classification-item breakdown-code="false" not-allocatable="false" level="7" additional-only="false" sort-key="D05C1/00" definition-exists="true" ipc-concordant="D05C1/00" c-set-base-allowed="false" c-set-subsequent-allowed="true" date-revised="2013-01-01" status="published"><classification-symbol>D05C1/00</classification-symbol><class-title date-revised="2013-01-01"><title-part><text>Apparatus, devices, or tools for hand embroidering</text></title-part></class-title>
<classification-item breakdown-code="false" not-allocatable="false" level="8" additional-only="false" sort-key="D05C1/02" definition-exists="true" ipc-concordant="D05C1/02" c-set-base-allowed="false" c-set-subsequent-allowed="true" date-revised="2013-01-01" status="published"><classification-symbol>D05C1/02</classification-symbol><class-title date-revised="2013-01-01"><title-part><text>Work frames</text></title-part></class-title>
<classification-item breakdown-code="false" not-allocatable="false" level="9" additional-only="false" sort-key="D05C1/04" definition-exists="false" ipc-concordant="D05C1/04" c-set-base-allowed="false" c-set-subsequent-allowed="true" date-revised="2013-01-01" status="published"><classification-symbol>D05C1/04</classification-symbol><class-title date-revised="2013-01-01"><title-part><text>circular</text></title-part></class-title></classification-item></classification-item>
<classification-item breakdown-code="false" not-allocatable="false" level="8" additional-only="false" sort-key="D05C1/06" definition-exists="false" ipc-concordant="D05C1/06" c-set-base-allowed="false" c-set-subsequent-allowed="true" date-revised="2013-01-01" status="published"><classification-symbol>D05C1/06</classification-symbol><class-title date-revised="2013-01-01"><title-part><text>Needles specially adapted for hand embroidering </text><reference><text>sewing needles <class-ref scheme="cpc">D05B85/00</class-ref></text></reference></title-part><title-part><text>Holders for needles or threads</text></title-part></class-title>
<classification-item breakdown-code="false" not-allocatable="false" level="9" additional-only="false" sort-key="D05C1/065" definition-exists="true" ipc-concordant="D05C1/06" c-set-base-allowed="false" c-set-subsequent-allowed="true" date-revised="2013-01-01" status="published"><classification-symbol>D05C1/065</classification-symbol><class-title date-revised="2013-01-01"><title-part><CPC-specific-text><text>Holders for needles or threads</text></CPC-specific-text></title-part></class-title></classification-item></classification-item>
<classification-item breakdown-code="false" not-allocatable="false" level="8" additional-only="false" sort-key="D05C1/08" definition-exists="false" ipc-concordant="D05C1/08" c-set-base-allowed="false" c-set-subsequent-allowed="true" date-revised="2013-01-01" status="published"><classification-symbol>D05C1/08</classification-symbol><class-title date-revised="2013-01-01"><title-part><text>Patterns for hand embroidering</text></title-part><title-part><text>Manufacture thereof</text></title-part></class-title></classification-item></classification-item></classification-item>
<classification-item breakdown-code="false" not-allocatable="true" level="6" additional-only="false" sort-key="D05C3/00" date-revised="2013-01-01" status="published"><classification-symbol>D05C3/00</classification-symbol><class-title date-revised="2013-01-01"><title-part><text>Embroidering machines </text><reference><CPC-specific-text><text>embroidering attachments for sewing machines <class-ref scheme="cpc">D05B3/243</class-ref></text></CPC-specific-text><text>; programme-controlled sewing machines with embroidering capability <class-ref scheme="cpc">D05B19/00</class-ref>, <class-ref scheme="cpc">D05B21/00</class-ref></text></reference></title-part></class-title>
<classification-item breakdown-code="false" not-allocatable="false" level="7" additional-only="false" sort-key="D05C3/00" definition-exists="true" ipc-concordant="D05C3/00" c-set-base-allowed="false" c-set-subsequent-allowed="true" date-revised="2013-01-01" status="published"><classification-symbol>D05C3/00</classification-symbol><class-title date-revised="2013-01-01"><title-part><text>General types of embroidering machines</text></title-part></class-title>
<classification-item breakdown-code="false" not-allocatable="false" level="8" additional-only="false" sort-key="D05C3/02" definition-exists="false" ipc-concordant="D05C3/02" c-set-base-allowed="false" c-set-subsequent-allowed="true" date-revised="2013-01-01" status="published"><classification-symbol>D05C3/02</classification-symbol><class-title date-revised="2013-01-01"><title-part><text>with vertical needles</text></title-part></class-title></classification-item>
<classification-item breakdown-code="false" not-allocatable="false" level="8" additional-only="false" sort-key="D05C3/04" definition-exists="false" ipc-concordant="D05C3/04" c-set-base-allowed="false" c-set-subsequent-allowed="true" date-revised="2013-01-01" status="published"><classification-symbol>D05C3/04</classification-symbol><class-title date-revised="2013-01-01"><title-part><text>with horizontal needles</text></title-part></class-title></classification-item></classification-item>
<classification-item breakdown-code="false" not-allocatable="false" level="7" additional-only="false" sort-key="D05C5/00" definition-exists="true" ipc-concordant="D05C5/00" c-set-base-allowed="false" c-set-subsequent-allowed="true" date-revised="2013-01-01" status="published"><classification-symbol>D05C5/00</classification-symbol><class-title date-revised="2013-01-01"><title-part><text>Embroidering machines with arrangements for automatic control of a series of individual steps</text></title-part></class-title>
<classification-item breakdown-code="false" not-allocatable="false" level="8" additional-only="false" sort-key="D05C5/02" definition-exists="false" ipc-concordant="D05C5/02" c-set-base-allowed="false" c-set-subsequent-allowed="true" date-revised="2013-01-01" status="published"><classification-symbol>D05C5/02</classification-symbol><class-title date-revised="2013-01-01"><title-part><text>by electrical or magnetic control devices</text></title-part></class-title></classification-item>
<classification-item breakdown-code="false" not-allocatable="false" level="8" additional-only="false" sort-key="D05C5/04" definition-exists="false" ipc-concordant="D05C5/04" c-set-base-allowed="false" c-set-subsequent-allowed="true" date-revised="2013-01-01" status="published"><classification-symbol>D05C5/04</classification-symbol><class-title date-revised="2013-01-01"><title-part><text>by input of recorded information, e.g. on perforated tape</text></title-part></class-title>
<classification-item breakdown-code="false" not-allocatable="false" level="9" additional-only="false" sort-key="D05C5/06" definition-exists="false" ipc-concordant="D05C5/06" c-set-base-allowed="false" c-set-subsequent-allowed="true" date-revised="2013-01-01" status="published"><classification-symbol>D05C5/06</classification-symbol><class-title date-revised="2013-01-01"><title-part><text>with means for recording the information</text></title-part></class-title></classification-item></classification-item></classification-item>
<classification-item breakdown-code="false" not-allocatable="false" level="7" additional-only="false" sort-key="D05C7/00" definition-exists="true" ipc-concordant="D05C7/00" c-set-base-allowed="false" c-set-subsequent-allowed="true" date-revised="2013-01-01" status="published"><classification-symbol>D05C7/00</classification-symbol><class-title date-revised="2013-01-01"><title-part><text>Special-purpose or automatic embroidering machines</text></title-part></class-title>
<classification-item breakdown-code="false" not-allocatable="false" level="8" additional-only="false" sort-key="D05C7/02" definition-exists="false" ipc-concordant="D05C7/02" c-set-base-allowed="false" c-set-subsequent-allowed="true" date-revised="2013-01-01" status="published"><classification-symbol>D05C7/02</classification-symbol><class-title date-revised="2013-01-01"><title-part><text>with accessories for peculiar kinds of embroidery</text></title-part></class-title></classification-item>
<classification-item breakdown-code="false" not-allocatable="false" level="8" additional-only="false" sort-key="D05C7/04" definition-exists="true" ipc-concordant="D05C7/04" c-set-base-allowed="false" c-set-subsequent-allowed="true" date-revised="2013-01-01" status="published"><classification-symbol>D05C7/04</classification-symbol><class-title date-revised="2013-01-01"><title-part><text>for boring or jogging</text></title-part></class-title></classification-item>
<classification-item breakdown-code="false" not-allocatable="false" level="8" additional-only="false" sort-key="D05C7/06" definition-exists="true" ipc-concordant="D05C7/06" c-set-base-allowed="false" c-set-subsequent-allowed="true" date-revised="2013-01-01" status="published"><classification-symbol>D05C7/06</classification-symbol><class-title date-revised="2013-01-01"><title-part><text>for embroidering festoons</text></title-part></class-title></classification-item>
<classification-item breakdown-code="false" not-allocatable="false" level="8" additional-only="false" sort-key="D05C7/08" definition-exists="true" ipc-concordant="D05C7/08" c-set-base-allowed="false" c-set-subsequent-allowed="true" date-revised="2013-01-01" status="published"><classification-symbol>D05C7/08</classification-symbol><class-title date-revised="2013-01-01"><title-part><text>for attaching cords, tapes, bands, or the like</text></title-part></class-title></classification-item>
<classification-item breakdown-code="false" not-allocatable="false" level="8" additional-only="false" sort-key="D05C7/10" definition-exists="true" ipc-concordant="D05C7/10" c-set-base-allowed="false" c-set-subsequent-allowed="true" date-revised="2013-01-01" status="published"><classification-symbol>D05C7/10</classification-symbol><class-title date-revised="2013-01-01"><title-part><text>for separating and burning-off parts of the base fabric </text><reference><text>making patterns or designs on fabrics by singeing or etching <class-ref scheme="cpc">D06C23/02</class-ref></text></reference></title-part></class-title></classification-item>
<classification-item breakdown-code="false" not-allocatable="false" level="8" additional-only="false" sort-key="D05C7/12" definition-exists="false" ipc-concordant="D05C7/12" c-set-base-allowed="false" c-set-subsequent-allowed="true" date-revised="2013-01-01" status="published"><classification-symbol>D05C7/12</classification-symbol><class-title date-revised="2013-01-01"><title-part><text>for making cotton buttons</text></title-part></class-title></classification-item></classification-item>
<classification-item breakdown-code="false" not-allocatable="false" level="7" additional-only="false" sort-key="D05C9/00" definition-exists="true" ipc-concordant="D05C9/00" c-set-base-allowed="false" c-set-subsequent-allowed="true" date-revised="2013-01-01" status="published"><classification-symbol>D05C9/00</classification-symbol><class-title date-revised="2013-01-01"><title-part><text>Appliances for holding or feeding the base fabric in embroidering machines</text></title-part></class-title>
<classification-item breakdown-code="false" not-allocatable="false" level="8" additional-only="false" sort-key="D05C9/02" definition-exists="false" ipc-concordant="D05C9/02" c-set-base-allowed="false" c-set-subsequent-allowed="true" date-revised="2013-01-01" status="published"><classification-symbol>D05C9/02</classification-symbol><class-title date-revised="2013-01-01"><title-part><text>in machines with vertical needles</text></title-part></class-title>
<classification-item breakdown-code="false" not-allocatable="false" level="9" additional-only="false" sort-key="D05C9/04" definition-exists="false" ipc-concordant="D05C9/04" c-set-base-allowed="false" c-set-subsequent-allowed="true" date-revised="2013-01-01" status="published"><classification-symbol>D05C9/04</classification-symbol><class-title date-revised="2013-01-01"><title-part><text>Work holders, e.g. frames</text></title-part></class-title>
<classification-item breakdown-code="false" not-allocatable="false" level="10" additional-only="false" sort-key="D05C9/06" definition-exists="false" ipc-concordant="D05C9/06" c-set-base-allowed="false" c-set-subsequent-allowed="true" date-revised="2013-01-01" status="published"><classification-symbol>D05C9/06</classification-symbol><class-title date-revised="2013-01-01"><title-part><text>Feeding arrangements therefor, e.g. influenced by patterns, operated by pantographs</text></title-part></class-title></classification-item></classification-item></classification-item>
<classification-item breakdown-code="false" not-allocatable="false" level="8" additional-only="false" sort-key="D05C9/08" definition-exists="false" ipc-concordant="D05C9/08" c-set-base-allowed="false" c-set-subsequent-allowed="true" date-revised="2013-01-01" status="published"><classification-symbol>D05C9/08</classification-symbol><class-title date-revised="2013-01-01"><title-part><text>in machines with horizontal needles</text></title-part></class-title>
<classification-item breakdown-code="false" not-allocatable="false" level="9" additional-only="false" sort-key="D05C9/10" definition-exists="false" ipc-concordant="D05C9/10" c-set-base-allowed="false" c-set-subsequent-allowed="true" date-revised="2013-01-01" status="published"><classification-symbol>D05C9/10</classification-symbol><class-title date-revised="2013-01-01"><title-part><text>Work holders or carriers</text></title-part></class-title>
<classification-item breakdown-code="false" not-allocatable="false" level="10" additional-only="false" sort-key="D05C9/12" definition-exists="false" ipc-concordant="D05C9/12" c-set-base-allowed="false" c-set-subsequent-allowed="true" date-revised="2013-01-01" status="published"><classification-symbol>D05C9/12</classification-symbol><class-title date-revised="2013-01-01"><title-part><text>Holding or stretching arrangements for the base fabric in embroidery work holders</text></title-part></class-title></classification-item>
<classification-item breakdown-code="false" not-allocatable="false" level="10" additional-only="false" sort-key="D05C9/14" definition-exists="false" ipc-concordant="D05C9/14" c-set-base-allowed="false" c-set-subsequent-allowed="true" date-revised="2013-01-01" status="published"><classification-symbol>D05C9/14</classification-symbol><class-title date-revised="2013-01-01"><title-part><text>Suspension or balancing arrangements therefor</text></title-part></class-title></classification-item>
<classification-item breakdown-code="false" not-allocatable="false" level="10" additional-only="false" sort-key="D05C9/16" definition-exists="false" ipc-concordant="D05C9/16" c-set-base-allowed="false" c-set-subsequent-allowed="true" date-revised="2013-01-01" status="published"><classification-symbol>D05C9/16</classification-symbol><class-title date-revised="2013-01-01"><title-part><text>Feeding arrangements therefor</text></title-part></class-title></classification-item></classification-item></classification-item>
<classification-item breakdown-code="false" not-allocatable="false" level="8" additional-only="false" sort-key="D05C9/18" definition-exists="false" ipc-concordant="D05C9/18" c-set-base-allowed="false" c-set-subsequent-allowed="true" date-revised="2013-01-01" status="published"><classification-symbol>D05C9/18</classification-symbol><class-title date-revised="2013-01-01"><title-part><text>Movement of the base fabric in one of the two directions controlled by embroidering needles</text></title-part></class-title></classification-item>
<classification-item breakdown-code="false" not-allocatable="false" level="8" additional-only="false" sort-key="D05C9/20" definition-exists="false" ipc-concordant="D05C9/20" c-set-base-allowed="false" c-set-subsequent-allowed="true" date-revised="2013-01-01" status="published"><classification-symbol>D05C9/20</classification-symbol><class-title date-revised="2013-01-01"><title-part><text>Movement of the base fabric controlled by the presser feet</text></title-part><title-part><text>Driving arrangements therefor</text></title-part></class-title></classification-item>
<classification-item breakdown-code="false" not-allocatable="false" level="8" additional-only="false" sort-key="D05C9/22" definition-exists="false" ipc-concordant="D05C9/22" c-set-base-allowed="false" c-set-subsequent-allowed="true" date-revised="2013-01-01" status="published"><classification-symbol>D05C9/22</classification-symbol><class-title date-revised="2013-01-01"><title-part><text>Adjusting or registering devices for the base fabric, e.g. for alignment with respect to the needles</text></title-part></class-title></classification-item></classification-item>
<classification-item breakdown-code="false" not-allocatable="false" level="7" additional-only="false" sort-key="D05C11/00" definition-exists="true" ipc-concordant="D05C11/00" c-set-base-allowed="false" c-set-subsequent-allowed="true" date-revised="2013-01-01" status="published"><classification-symbol>D05C11/00</classification-symbol><class-title date-revised="2013-01-01"><title-part><text>Devices for guiding, feeding, handling, or treating the threads in embroidering machines</text></title-part><title-part><text>Machine needles</text></title-part><title-part><text>Operating or control mechanisms therefor</text></title-part></class-title>
<classification-item breakdown-code="false" not-allocatable="false" level="8" additional-only="false" sort-key="D05C11/02" definition-exists="true" ipc-concordant="D05C11/02" c-set-base-allowed="false" c-set-subsequent-allowed="true" date-revised="2013-01-01" status="published"><classification-symbol>D05C11/02</classification-symbol><class-title date-revised="2013-01-01"><title-part><text>Machine needles</text></title-part></class-title>
<classification-item breakdown-code="false" not-allocatable="false" level="9" additional-only="false" sort-key="D05C11/04" definition-exists="true" ipc-concordant="D05C11/04" c-set-base-allowed="false" c-set-subsequent-allowed="true" date-revised="2013-01-01" status="published"><classification-symbol>D05C11/04</classification-symbol><class-title date-revised="2013-01-01"><title-part><text>Arrangements for fastening or inserting in bars or carriers</text></title-part></class-title></classification-item>
<classification-item breakdown-code="false" not-allocatable="false" level="9" additional-only="false" sort-key="D05C11/06" definition-exists="false" ipc-concordant="D05C11/06" c-set-base-allowed="false" c-set-subsequent-allowed="true" date-revised="2013-01-01" status="published"><classification-symbol>D05C11/06</classification-symbol><class-title date-revised="2013-01-01"><title-part><text>Needle-driving or control mechanisms</text></title-part></class-title></classification-item></classification-item>
<classification-item breakdown-code="false" not-allocatable="false" level="8" additional-only="false" sort-key="D05C11/08" definition-exists="true" ipc-concordant="D05C11/08" c-set-base-allowed="false" c-set-subsequent-allowed="true" date-revised="2013-01-01" status="published"><classification-symbol>D05C11/08</classification-symbol><class-title date-revised="2013-01-01"><title-part><text>Thread-tensioning arrangements </text><CPC-specific-text><reference><text>inside the shuttle <class-ref scheme="cpc">D05C11/18</class-ref></text></reference></CPC-specific-text></title-part></class-title>
<classification-item breakdown-code="false" not-allocatable="false" level="9" additional-only="false" sort-key="D05C11/10" definition-exists="false" ipc-concordant="D05C11/10" c-set-base-allowed="false" c-set-subsequent-allowed="true" date-revised="2013-01-01" status="published"><classification-symbol>D05C11/10</classification-symbol><class-title date-revised="2013-01-01"><title-part><text>Guides, e.g. resilient</text></title-part></class-title></classification-item>
<classification-item breakdown-code="false" not-allocatable="false" level="9" additional-only="false" sort-key="D05C11/12" definition-exists="false" ipc-concordant="D05C11/12" c-set-base-allowed="false" c-set-subsequent-allowed="true" date-revised="2013-01-01" status="published"><classification-symbol>D05C11/12</classification-symbol><class-title date-revised="2013-01-01"><title-part><text>Rollers</text></title-part></class-title></classification-item>
<classification-item breakdown-code="false" not-allocatable="false" level="9" additional-only="false" sort-key="D05C11/14" definition-exists="true" ipc-concordant="D05C11/14" c-set-base-allowed="false" c-set-subsequent-allowed="true" date-revised="2013-01-01" status="published"><classification-symbol>D05C11/14</classification-symbol><class-title date-revised="2013-01-01"><title-part><text>Stop motions responsive to thread tension or breakage</text></title-part></class-title></classification-item></classification-item>
<classification-item breakdown-code="false" not-allocatable="false" level="8" additional-only="false" sort-key="D05C11/16" definition-exists="false" ipc-concordant="D05C11/16" c-set-base-allowed="false" c-set-subsequent-allowed="true" date-revised="2013-01-01" status="published"><classification-symbol>D05C11/16</classification-symbol><class-title date-revised="2013-01-01"><title-part><text>Arrangements for repeating thread patterns or for changing threads</text></title-part></class-title></classification-item>
<classification-item breakdown-code="false" not-allocatable="false" level="8" additional-only="false" sort-key="D05C11/18" definition-exists="true" ipc-concordant="D05C11/18" c-set-base-allowed="false" c-set-subsequent-allowed="true" date-revised="2017-08-01" status="published"><classification-symbol>D05C11/18</classification-symbol><class-title date-revised="2017-08-01"><title-part><text>Shuttles </text><CPC-specific-text><text>; Shuttle holders; Shuttle driving arrangements</text></CPC-specific-text></title-part></class-title></classification-item>
<classification-item breakdown-code="false" not-allocatable="false" level="8" additional-only="false" sort-key="D05C11/20" definition-exists="true" ipc-concordant="D05C11/20" c-set-base-allowed="false" c-set-subsequent-allowed="true" date-revised="2013-01-01" status="published"><classification-symbol>D05C11/20</classification-symbol><class-title date-revised="2013-01-01"><title-part><text>Arrangements for cutting the needle or lower threads</text></title-part></class-title></classification-item>
<classification-item breakdown-code="false" not-allocatable="false" level="8" additional-only="false" sort-key="D05C11/22" definition-exists="false" ipc-concordant="D05C11/22" c-set-base-allowed="false" c-set-subsequent-allowed="true" date-revised="2013-01-01" status="published"><classification-symbol>D05C11/22</classification-symbol><class-title date-revised="2013-01-01"><title-part><text>Arrangements for cutting-out broken threads</text></title-part></class-title></classification-item>
<classification-item breakdown-code="false" not-allocatable="false" level="8" additional-only="false" sort-key="D05C11/24" definition-exists="true" ipc-concordant="D05C11/24" c-set-base-allowed="false" c-set-subsequent-allowed="true" date-revised="2013-01-01" status="published"><classification-symbol>D05C11/24</classification-symbol><class-title date-revised="2013-01-01"><title-part><text>incorporating devices for dyeing or impregnating the threads</text></title-part></class-title></classification-item></classification-item>
<classification-item breakdown-code="false" not-allocatable="false" level="7" additional-only="false" sort-key="D05C13/00" definition-exists="true" ipc-concordant="D05C13/00" c-set-base-allowed="false" c-set-subsequent-allowed="true" date-revised="2013-01-01" status="published"><classification-symbol>D05C13/00</classification-symbol><class-title date-revised="2013-01-01"><title-part><text>Auxiliary devices incorporated in embroidering machines, not otherwise provided for</text></title-part><title-part><text>Ancillary apparatus for use with embroidering machines</text></title-part></class-title>
<classification-item breakdown-code="false" not-allocatable="false" level="8" additional-only="false" sort-key="D05C13/02" definition-exists="true" ipc-concordant="D05C13/02" c-set-base-allowed="false" c-set-subsequent-allowed="true" date-revised="2013-01-01" status="published"><classification-symbol>D05C13/02</classification-symbol><class-title date-revised="2013-01-01"><title-part><text>Counting, measuring, indicating, warning, or safety devices</text></title-part></class-title></classification-item>
<classification-item breakdown-code="false" not-allocatable="false" level="8" additional-only="false" sort-key="D05C13/04" definition-exists="true" ipc-concordant="D05C13/04" c-set-base-allowed="false" c-set-subsequent-allowed="true" date-revised="2013-01-01" status="published"><classification-symbol>D05C13/04</classification-symbol><class-title date-revised="2013-01-01"><title-part><text>Lubricating devices</text></title-part></class-title></classification-item>
<classification-item breakdown-code="false" not-allocatable="false" level="8" additional-only="false" sort-key="D05C13/06" definition-exists="true" ipc-concordant="D05C13/06" c-set-base-allowed="false" c-set-subsequent-allowed="true" date-revised="2013-01-01" status="published"><classification-symbol>D05C13/06</classification-symbol><class-title date-revised="2013-01-01"><title-part><text>Apparatus for filling or threading shuttles</text></title-part></class-title></classification-item></classification-item>
<classification-item breakdown-code="false" not-allocatable="false" level="7" additional-only="false" sort-key="D05C15/00" definition-exists="true" ipc-concordant="D05C15/00" c-set-base-allowed="false" c-set-subsequent-allowed="true" date-revised="2013-01-01" status="published"><classification-symbol>D05C15/00</classification-symbol><class-title date-revised="2013-01-01"><title-part><text>Making pile fabrics or articles having similar surface features by inserting loops into a base material </text><reference><text>layered products <class-ref scheme="cpc">B32B</class-ref>; non-woven pile fabrics <class-ref scheme="cpc">D04H11/00</class-ref></text></reference></title-part></class-title>
<classification-item breakdown-code="false" not-allocatable="false" level="8" additional-only="false" sort-key="D05C15/02" definition-exists="false" ipc-concordant="D05C15/02" c-set-base-allowed="false" c-set-subsequent-allowed="true" date-revised="2013-01-01" status="published"><classification-symbol>D05C15/02</classification-symbol><class-title date-revised="2013-01-01"><title-part><text>Rooting of hair in doll heads or wigs </text><reference><text>wigs <class-ref scheme="cpc">A41G3/00</class-ref>; hair or wigs for doll heads <class-ref scheme="cpc">A63H3/44</class-ref></text></reference></title-part></class-title></classification-item>
<classification-item breakdown-code="false" not-allocatable="false" level="8" additional-only="false" sort-key="D05C15/04" definition-exists="true" ipc-concordant="D05C15/04" c-set-base-allowed="false" c-set-subsequent-allowed="true" date-revised="2013-01-01" status="published"><classification-symbol>D05C15/04</classification-symbol><class-title date-revised="2013-01-01"><title-part><text>Tufting</text></title-part></class-title>
<classification-item breakdown-code="false" not-allocatable="false" level="9" additional-only="false" sort-key="D05C15/06" definition-exists="false" ipc-concordant="D05C15/06" c-set-base-allowed="false" c-set-subsequent-allowed="true" date-revised="2023-08-01" status="published"><classification-symbol>D05C15/06</classification-symbol><class-title date-revised="2023-08-01"><title-part><text>Hand tufting needles </text><CPC-specific-text><text>; Hand-held tufting apparatus</text></CPC-specific-text></title-part></class-title></classification-item>
<classification-item breakdown-code="false" not-allocatable="false" level="9" additional-only="false" sort-key="D05C15/08" definition-exists="false" ipc-concordant="D05C15/08" c-set-base-allowed="false" c-set-subsequent-allowed="true" date-revised="2013-01-01" status="published"><classification-symbol>D05C15/08</classification-symbol><class-title date-revised="2013-01-01"><title-part><text>Tufting machines </text><CPC-specific-text><reference><text><class-ref scheme="cpc">D05C15/06</class-ref> takes precedence</text></reference></CPC-specific-text></title-part></class-title>
<classification-item breakdown-code="false" not-allocatable="false" level="10" additional-only="false" sort-key="D05C15/10" definition-exists="false" ipc-concordant="D05C15/10" c-set-base-allowed="false" c-set-subsequent-allowed="true" date-revised="2013-01-01" status="published"><classification-symbol>D05C15/10</classification-symbol><class-title date-revised="2013-01-01"><title-part><text>operating with a plurality of needles, e.g. in one row</text></title-part></class-title>
<classification-item breakdown-code="false" not-allocatable="false" level="11" additional-only="false" sort-key="D05C15/12" definition-exists="false" ipc-concordant="D05C15/12" c-set-base-allowed="false" c-set-subsequent-allowed="true" date-revised="2013-01-01" status="published"><classification-symbol>D05C15/12</classification-symbol><class-title date-revised="2013-01-01"><title-part><text>in more than one row</text></title-part></class-title></classification-item></classification-item>
<classification-item breakdown-code="false" not-allocatable="false" level="10" additional-only="false" sort-key="D05C15/14" definition-exists="false" ipc-concordant="D05C15/14" c-set-base-allowed="false" c-set-subsequent-allowed="true" date-revised="2013-01-01" status="published"><classification-symbol>D05C15/14</classification-symbol><class-title date-revised="2013-01-01"><title-part><text>Arrangements or devices for holding or feeding the base material </text><reference><text><class-ref scheme="cpc">D05C15/26</class-ref> takes precedence</text></reference></title-part></class-title>
<classification-item breakdown-code="false" not-allocatable="false" level="11" additional-only="false" sort-key="D05C15/145" definition-exists="false" ipc-concordant="D05C15/14" c-set-base-allowed="false" c-set-subsequent-allowed="true" date-revised="2013-01-01" status="published"><classification-symbol>D05C15/145</classification-symbol><class-title date-revised="2013-01-01"><title-part><CPC-specific-text><text>Needle plates</text></CPC-specific-text></title-part></class-title></classification-item></classification-item>
<classification-item breakdown-code="false" not-allocatable="false" level="10" additional-only="false" sort-key="D05C15/16" definition-exists="true" ipc-concordant="D05C15/16" c-set-base-allowed="false" c-set-subsequent-allowed="true" date-revised="2013-01-01" status="published"><classification-symbol>D05C15/16</classification-symbol><class-title date-revised="2013-01-01"><title-part><text>Arrangements or devices for manipulating threads </text><reference><text><class-ref scheme="cpc">D05C15/26</class-ref> takes precedence</text></reference></title-part></class-title>
<classification-item breakdown-code="false" not-allocatable="false" level="11" additional-only="false" sort-key="D05C15/18" definition-exists="true" ipc-concordant="D05C15/18" c-set-base-allowed="false" c-set-subsequent-allowed="true" date-revised="2013-01-01" status="published"><classification-symbol>D05C15/18</classification-symbol><class-title date-revised="2013-01-01"><title-part><text>Thread feeding or tensioning arrangements</text></title-part></class-title></classification-item>
<classification-item breakdown-code="false" not-allocatable="false" level="11" additional-only="false" sort-key="D05C15/20" definition-exists="false" ipc-concordant="D05C15/20" c-set-base-allowed="false" c-set-subsequent-allowed="true" date-revised="2013-01-01" status="published"><classification-symbol>D05C15/20</classification-symbol><class-title date-revised="2013-01-01"><title-part><text>Arrangements or devices, e.g. needles, for inserting loops</text></title-part><title-part><text>Driving mechanisms therefor</text></title-part></class-title></classification-item>
<classification-item breakdown-code="false" not-allocatable="false" level="11" additional-only="false" sort-key="D05C15/22" definition-exists="false" ipc-concordant="D05C15/22" c-set-base-allowed="false" c-set-subsequent-allowed="true" date-revised="2013-01-01" status="published"><classification-symbol>D05C15/22</classification-symbol><class-title date-revised="2013-01-01"><title-part><text>Loop-catching arrangements, e.g. loopers</text></title-part><title-part><text>Driving mechanisms therefor</text></title-part></class-title></classification-item>
<classification-item breakdown-code="false" not-allocatable="false" level="11" additional-only="false" sort-key="D05C15/24" definition-exists="false" ipc-concordant="D05C15/24" c-set-base-allowed="false" c-set-subsequent-allowed="true" date-revised="2013-01-01" status="published"><classification-symbol>D05C15/24</classification-symbol><class-title date-revised="2013-01-01"><title-part><text>Loop cutters</text></title-part><title-part><text>Driving mechanisms therefor</text></title-part></class-title></classification-item></classification-item>
<classification-item breakdown-code="false" not-allocatable="false" level="10" additional-only="false" sort-key="D05C15/26" definition-exists="false" ipc-concordant="D05C15/26" c-set-base-allowed="false" c-set-subsequent-allowed="true" date-revised="2013-01-01" status="published"><classification-symbol>D05C15/26</classification-symbol><class-title date-revised="2013-01-01"><title-part><text>with provision for producing patterns</text></title-part></class-title>
<classification-item breakdown-code="false" not-allocatable="false" level="11" additional-only="false" sort-key="D05C15/28" definition-exists="false" ipc-concordant="D05C15/28" c-set-base-allowed="false" c-set-subsequent-allowed="true" date-revised="2013-01-01" status="published"><classification-symbol>D05C15/28</classification-symbol><class-title date-revised="2013-01-01"><title-part><text>by moving the base material laterally</text></title-part></class-title></classification-item>
<classification-item breakdown-code="false" not-allocatable="false" level="11" additional-only="false" sort-key="D05C15/30" definition-exists="true" ipc-concordant="D05C15/30" c-set-base-allowed="false" c-set-subsequent-allowed="true" date-revised="2013-01-01" status="published"><classification-symbol>D05C15/30</classification-symbol><class-title date-revised="2013-01-01"><title-part><text>by moving the tufting tools laterally</text></title-part></class-title></classification-item>
<classification-item breakdown-code="false" not-allocatable="false" level="11" additional-only="false" sort-key="D05C15/32" definition-exists="false" ipc-concordant="D05C15/32" c-set-base-allowed="false" c-set-subsequent-allowed="true" date-revised="2013-01-01" status="published"><classification-symbol>D05C15/32</classification-symbol><class-title date-revised="2013-01-01"><title-part><text>by altering the loop length</text></title-part></class-title></classification-item>
<classification-item breakdown-code="false" not-allocatable="false" level="11" additional-only="false" sort-key="D05C15/34" definition-exists="false" ipc-concordant="D05C15/34" c-set-base-allowed="false" c-set-subsequent-allowed="true" date-revised="2013-01-01" status="published"><classification-symbol>D05C15/34</classification-symbol><class-title date-revised="2013-01-01"><title-part><text>by inserting loops of different nature or colour</text></title-part></class-title></classification-item>
<classification-item breakdown-code="false" not-allocatable="false" level="11" additional-only="false" sort-key="D05C15/36" definition-exists="false" ipc-concordant="D05C15/36" c-set-base-allowed="false" c-set-subsequent-allowed="true" date-revised="2013-01-01" status="published"><classification-symbol>D05C15/36</classification-symbol><class-title date-revised="2013-01-01"><title-part><text>by selective cutting of loops</text></title-part></class-title></classification-item></classification-item></classification-item></classification-item>
<classification-item breakdown-code="false" not-allocatable="false" level="8" additional-only="false" sort-key="D05C15/38" definition-exists="false" ipc-concordant="D05C15/38" c-set-base-allowed="false" c-set-subsequent-allowed="true" date-revised="2013-01-01" status="published"><classification-symbol>D05C15/38</classification-symbol><class-title date-revised="2013-01-01"><title-part><text>by passing thread material in zig-zag manner through spaced layers of base material and subsequently cutting along a central plane</text></title-part></class-title></classification-item></classification-item>
<classification-item breakdown-code="false" not-allocatable="false" level="7" additional-only="false" sort-key="D05C17/00" definition-exists="true" ipc-concordant="D05C17/00" c-set-base-allowed="false" c-set-subsequent-allowed="true" date-revised="2013-01-01" status="published"><classification-symbol>D05C17/00</classification-symbol><class-title date-revised="2013-01-01"><title-part><text>Embroidered or tufted products</text></title-part><title-part><text>Base fabrics specially adapted for embroidered work</text></title-part><title-part><text>Inserts for producing surface irregularities in embroidered products </text><reference><text>layered products <class-ref scheme="cpc">B32B</class-ref>; non-woven pile fabrics <class-ref scheme="cpc">D04H11/00</class-ref></text></reference></title-part></class-title>
<classification-item breakdown-code="false" not-allocatable="false" level="8" additional-only="false" sort-key="D05C17/02" definition-exists="true" ipc-concordant="D05C17/02" c-set-base-allowed="false" c-set-subsequent-allowed="true" date-revised="2013-01-01" status="published"><classification-symbol>D05C17/02</classification-symbol><class-title date-revised="2013-01-01"><title-part><text>Tufted products</text></title-part></class-title>
<classification-item breakdown-code="false" not-allocatable="false" level="9" additional-only="false" sort-key="D05C17/023" definition-exists="false" ipc-concordant="D05C17/02" c-set-base-allowed="false" c-set-subsequent-allowed="true" date-revised="2013-01-01" status="published"><classification-symbol>D05C17/023</classification-symbol><class-title date-revised="2013-01-01"><title-part><CPC-specific-text><text>characterised by the base fabric</text></CPC-specific-text></title-part></class-title></classification-item>
<classification-item breakdown-code="false" not-allocatable="false" level="9" additional-only="false" sort-key="D05C17/026" definition-exists="false" ipc-concordant="D05C17/02" c-set-base-allowed="false" c-set-subsequent-allowed="true" date-revised="2013-01-01" status="published"><classification-symbol>D05C17/026</classification-symbol><class-title date-revised="2013-01-01"><title-part><CPC-specific-text><text>characterised by the tufted pile surface</text></CPC-specific-text></title-part></class-title></classification-item></classification-item></classification-item></classification-item></classification-item></class-scheme>