<?xml version="1.0" encoding="UTF-8"?>
<class-scheme publication-date="2023-08-01" scheme-type="cpc" publication-type="official">
<classification-item breakdown-code="false" not-allocatable="true" level="5" additional-only="false" sort-key="B60F" definition-exists="true" date-revised="2018-08-01" status="published"><classification-symbol>B60F</classification-symbol><class-title date-revised="2013-01-01"><title-part><text>VEHICLES FOR USE BOTH ON RAIL AND ON ROAD</text></title-part><title-part><text>AMPHIBIOUS OR LIKE VEHICLES</text></title-part><title-part><text>CONVERTIBLE VEHICLES </text><reference><text>air-cushion vehicles <class-ref scheme="cpc">B60V</class-ref></text></reference></title-part></class-title><notes-and-warnings><note type="warning"><note-paragraph>In this subclass non-limiting references (in the sense of paragraph 39 of the Guide to the IPC) may still be displayed in the scheme.</note-paragraph></note></notes-and-warnings>
<classification-item breakdown-code="false" not-allocatable="true" level="6" additional-only="false" sort-key="B60F1/00" date-revised="2013-01-01" status="published"><classification-symbol>B60F1/00</classification-symbol>
<classification-item breakdown-code="false" not-allocatable="false" level="7" additional-only="false" sort-key="B60F1/00" definition-exists="true" ipc-concordant="B60F1/00" c-set-base-allowed="false" c-set-subsequent-allowed="true" date-revised="2013-01-01" status="published"><classification-symbol>B60F1/00</classification-symbol><class-title date-revised="2013-01-01"><title-part><text>Vehicles for use both on rail and on road</text></title-part><title-part><text>Conversions therefor</text></title-part></class-title>
<classification-item breakdown-code="false" not-allocatable="false" level="8" additional-only="false" sort-key="B60F1/005" definition-exists="false" ipc-concordant="B60F1/00" c-set-base-allowed="false" c-set-subsequent-allowed="true" date-revised="2013-01-01" status="published"><classification-symbol>B60F1/005</classification-symbol><class-title date-revised="2013-01-01"><title-part><CPC-specific-text><text>with guiding elements keeping the road wheels on the rails</text></CPC-specific-text></title-part></class-title></classification-item>
<classification-item breakdown-code="false" not-allocatable="false" level="8" additional-only="false" sort-key="B60F1/02" definition-exists="false" ipc-concordant="B60F1/02" c-set-base-allowed="false" c-set-subsequent-allowed="true" date-revised="2013-01-01" status="published"><classification-symbol>B60F1/02</classification-symbol><class-title date-revised="2013-01-01"><title-part><text>with rail and road wheels on the same axle</text></title-part></class-title></classification-item>
<classification-item breakdown-code="false" not-allocatable="false" level="8" additional-only="false" sort-key="B60F1/04" definition-exists="false" ipc-concordant="B60F1/04" c-set-base-allowed="false" c-set-subsequent-allowed="true" date-revised="2013-01-01" status="published"><classification-symbol>B60F1/04</classification-symbol><class-title date-revised="2013-01-01"><title-part><text>with rail and road wheels on different axles</text></title-part></class-title>
<classification-item breakdown-code="false" not-allocatable="false" level="9" additional-only="false" sort-key="B60F1/043" definition-exists="false" ipc-concordant="B60F1/04" c-set-base-allowed="false" c-set-subsequent-allowed="true" date-revised="2013-01-01" status="published"><classification-symbol>B60F1/043</classification-symbol><class-title date-revised="2013-01-01"><title-part><CPC-specific-text><text>Vehicles comprising own propelling units</text></CPC-specific-text></title-part></class-title></classification-item>
<classification-item breakdown-code="false" not-allocatable="false" level="9" additional-only="false" sort-key="B60F1/046" definition-exists="false" ipc-concordant="B60F1/04" c-set-base-allowed="false" c-set-subsequent-allowed="true" date-revised="2013-01-01" status="published"><classification-symbol>B60F1/046</classification-symbol><class-title date-revised="2013-01-01"><title-part><CPC-specific-text><text>Semi-trailer or trailer type vehicles without own propelling units</text></CPC-specific-text></title-part></class-title></classification-item></classification-item></classification-item>
<classification-item breakdown-code="false" not-allocatable="false" level="7" additional-only="false" sort-key="B60F3/00" definition-exists="true" ipc-concordant="B60F3/00" c-set-base-allowed="false" c-set-subsequent-allowed="true" date-revised="2017-08-01" status="published"><classification-symbol>B60F3/00</classification-symbol><class-title date-revised="2017-08-01"><title-part><text>Amphibious vehicles, i.e. vehicles capable of travelling both on land and on water</text></title-part><title-part><text>Land vehicles capable of travelling under water </text><reference><text>buoyant wheels <class-ref scheme="cpc">B60B</class-ref>  </text><CPC-specific-text><text>; equipment forming part of, or attachable to vessels, facilitating transport over land <class-ref scheme="cpc">B63C13/00</class-ref></text></CPC-specific-text></reference></title-part></class-title>
<classification-item breakdown-code="false" not-allocatable="false" level="8" additional-only="false" sort-key="B60F3/0007" definition-exists="false" ipc-concordant="B60F3/00" c-set-base-allowed="false" c-set-subsequent-allowed="true" date-revised="2013-01-01" status="published"><classification-symbol>B60F3/0007</classification-symbol><class-title date-revised="2013-01-01"><title-part><CPC-specific-text><text>Arrangement of propulsion or steering means on amphibious vehicles </text><reference><text>marine propulsion or steering <class-ref scheme="cpc">B63H</class-ref></text></reference></CPC-specific-text></title-part></class-title>
<classification-item breakdown-code="false" not-allocatable="false" level="9" additional-only="false" sort-key="B60F3/0015" definition-exists="false" ipc-concordant="B60F3/00" c-set-base-allowed="false" c-set-subsequent-allowed="true" date-revised="2013-01-01" status="published"><classification-symbol>B60F3/0015</classification-symbol><class-title date-revised="2013-01-01"><title-part><CPC-specific-text><text>comprising tracks specially adapted therefor </text><reference><text>articulated tracks for vehicles, in general <class-ref scheme="cpc">B62D55/20</class-ref></text></reference></CPC-specific-text></title-part></class-title></classification-item>
<classification-item breakdown-code="false" not-allocatable="false" level="9" additional-only="false" sort-key="B60F3/0023" definition-exists="false" ipc-concordant="B60F3/00" c-set-base-allowed="false" c-set-subsequent-allowed="true" date-revised="2013-01-01" status="published"><classification-symbol>B60F3/0023</classification-symbol><class-title date-revised="2013-01-01"><title-part><CPC-specific-text><text>comprising screw-type ground-engaging means </text><reference><text>vehicles characterised by having other ground-engaging means than wheels or endless track <class-ref scheme="cpc">B62D57/00</class-ref></text></reference></CPC-specific-text></title-part></class-title></classification-item></classification-item>
<classification-item breakdown-code="false" not-allocatable="false" level="8" additional-only="false" sort-key="B60F3/003" definition-exists="false" ipc-concordant="B60F3/00" c-set-base-allowed="false" c-set-subsequent-allowed="true" date-revised="2013-01-01" status="published"><classification-symbol>B60F3/003</classification-symbol><class-title date-revised="2013-01-01"><title-part><CPC-specific-text><text>Parts or details of the vehicle structure; vehicle arrangements not otherwise provided for</text></CPC-specific-text></title-part></class-title>
<classification-item breakdown-code="false" not-allocatable="false" level="9" additional-only="false" sort-key="B60F3/0038" definition-exists="false" ipc-concordant="B60F3/00" c-set-base-allowed="false" c-set-subsequent-allowed="true" date-revised="2013-01-01" status="published"><classification-symbol>B60F3/0038</classification-symbol><class-title date-revised="2013-01-01"><title-part><CPC-specific-text><text>Flotation, updrift or stability devices </text><reference><text>for ships or other waterborne vessels <class-ref scheme="cpc">B63B39/00</class-ref>, <class-ref scheme="cpc">B63B43/10</class-ref></text></reference></CPC-specific-text></title-part></class-title></classification-item>
<classification-item breakdown-code="false" not-allocatable="false" level="9" additional-only="false" sort-key="B60F3/0046" definition-exists="false" ipc-concordant="B60F3/00" c-set-base-allowed="false" c-set-subsequent-allowed="true" date-revised="2013-01-01" status="published"><classification-symbol>B60F3/0046</classification-symbol><class-title date-revised="2013-01-01"><title-part><CPC-specific-text><text>Water deflectors or screens</text></CPC-specific-text></title-part></class-title></classification-item>
<classification-item breakdown-code="false" not-allocatable="false" level="9" additional-only="false" sort-key="B60F3/0053" definition-exists="false" ipc-concordant="B60F3/00" c-set-base-allowed="false" c-set-subsequent-allowed="true" date-revised="2013-01-01" status="published"><classification-symbol>B60F3/0053</classification-symbol><class-title date-revised="2013-01-01"><title-part><CPC-specific-text><text>Particular devices for gas circulation, e.g. air admission, cooling, water tightners</text></CPC-specific-text></title-part></class-title></classification-item></classification-item>
<classification-item breakdown-code="false" not-allocatable="false" level="8" additional-only="false" sort-key="B60F3/0061" definition-exists="false" ipc-concordant="B60F3/00" c-set-base-allowed="false" c-set-subsequent-allowed="true" date-revised="2013-01-01" status="published"><classification-symbol>B60F3/0061</classification-symbol><class-title date-revised="2013-01-01"><title-part><CPC-specific-text><text>Amphibious vehicles specially adapted for particular purposes or of a particular type </text><reference><text>armoured amphibious vehicles <class-ref scheme="cpc">F41H7/00</class-ref>; equipment for working under water <class-ref scheme="cpc">B63C11/00</class-ref>; flating bridges designed as or mounted on vehicles <class-ref scheme="cpc">E01D15/22</class-ref></text></reference></CPC-specific-text></title-part></class-title>
<classification-item breakdown-code="false" not-allocatable="false" level="9" additional-only="false" sort-key="B60F3/0069" definition-exists="false" ipc-concordant="B60F3/00" c-set-base-allowed="false" c-set-subsequent-allowed="true" date-revised="2013-01-01" status="published"><classification-symbol>B60F3/0069</classification-symbol><class-title date-revised="2013-01-01"><title-part><CPC-specific-text><text>Recreational amphibious vehicles </text><reference><text>toy vehicles <class-ref scheme="cpc">A63H17/00</class-ref> - <class-ref scheme="cpc">A63H31/00</class-ref></text></reference></CPC-specific-text></title-part></class-title></classification-item>
<classification-item breakdown-code="false" not-allocatable="false" level="9" additional-only="false" sort-key="B60F3/0076" definition-exists="false" ipc-concordant="B60F3/00" c-set-base-allowed="false" c-set-subsequent-allowed="true" date-revised="2013-01-01" status="published"><classification-symbol>B60F3/0076</classification-symbol><class-title date-revised="2013-01-01"><title-part><CPC-specific-text><text>Amphibious snowmobiles </text><reference><text>ski-vehicles <class-ref scheme="cpc">A63C5/00</class-ref>; sledges in general <class-ref scheme="cpc">B62B13/00</class-ref> - <class-ref scheme="cpc">B62B19/00</class-ref></text></reference></CPC-specific-text></title-part></class-title></classification-item>
<classification-item breakdown-code="false" not-allocatable="false" level="9" additional-only="false" sort-key="B60F3/0084" definition-exists="false" ipc-concordant="B60F3/00" c-set-base-allowed="false" c-set-subsequent-allowed="true" date-revised="2013-01-01" status="published"><classification-symbol>B60F3/0084</classification-symbol><class-title date-revised="2013-01-01"><title-part><CPC-specific-text><text>Amphibious cycles </text><reference><text>vessel being powered by land vehicle supported by vessel <class-ref scheme="cpc">B63H21/175</class-ref></text></reference></CPC-specific-text></title-part></class-title></classification-item>
<classification-item breakdown-code="false" not-allocatable="false" level="9" additional-only="false" sort-key="B60F3/0092" definition-exists="false" ipc-concordant="B60F3/00" c-set-base-allowed="false" c-set-subsequent-allowed="true" date-revised="2020-02-01" status="published"><classification-symbol>B60F3/0092</classification-symbol><class-title date-revised="2020-02-01"><title-part><CPC-specific-text><text>Amphibious trailers </text><reference><text>trailers in general <class-ref scheme="cpc">B62D63/06</class-ref>; house boats <class-ref scheme="cpc">B63B2035/4426</class-ref></text></reference></CPC-specific-text></title-part></class-title></classification-item></classification-item></classification-item>
<classification-item breakdown-code="false" not-allocatable="false" level="7" additional-only="false" sort-key="B60F5/00" definition-exists="true" ipc-concordant="B60F5/00" c-set-base-allowed="false" c-set-subsequent-allowed="true" date-revised="2013-01-01" status="published"><classification-symbol>B60F5/00</classification-symbol><class-title date-revised="2013-01-01"><title-part><text>Other convertible vehicles, i.e. vehicles capable of travelling in or on different media </text><reference><text>vehicles having alternatively-usable runners and wheels <class-ref scheme="cpc">B62B13/18</class-ref>; cycles convertible into other types of land vehicles <class-ref scheme="cpc">B62K13/00</class-ref>; aircraft <class-ref scheme="cpc">B64</class-ref>; flying-boats or seaplanes <class-ref scheme="cpc">B64C</class-ref></text></reference></title-part></class-title>
<classification-item breakdown-code="false" not-allocatable="false" level="8" additional-only="false" sort-key="B60F5/003" definition-exists="false" ipc-concordant="B60F5/00" c-set-base-allowed="false" c-set-subsequent-allowed="true" date-revised="2013-01-01" status="published"><classification-symbol>B60F5/003</classification-symbol><class-title date-revised="2013-01-01"><title-part><CPC-specific-text><text>Off the road or amphibian vehicles adaptable for air or space transport</text></CPC-specific-text></title-part></class-title>
<classification-item breakdown-code="false" not-allocatable="false" level="9" additional-only="false" sort-key="B60F5/006" definition-exists="false" ipc-concordant="B60F5/00" c-set-base-allowed="false" c-set-subsequent-allowed="true" date-revised="2013-01-01" status="published"><classification-symbol>B60F5/006</classification-symbol><class-title date-revised="2013-01-01"><title-part><CPC-specific-text><text>droppable</text></CPC-specific-text></title-part></class-title></classification-item></classification-item>
<classification-item breakdown-code="false" not-allocatable="false" level="8" additional-only="false" sort-key="B60F5/02" definition-exists="false" ipc-concordant="B60F5/02" c-set-base-allowed="false" c-set-subsequent-allowed="true" date-revised="2013-01-01" status="published"><classification-symbol>B60F5/02</classification-symbol><class-title date-revised="2013-01-01"><title-part><text>convertible into aircraft</text></title-part></class-title></classification-item></classification-item></classification-item>
<classification-item breakdown-code="true" not-allocatable="true" level="6" additional-only="true" sort-key="B60F301/00" date-revised="2013-01-01" status="published"><classification-symbol>B60F2301/00</classification-symbol>
<classification-item breakdown-code="true" not-allocatable="false" level="7" additional-only="true" sort-key="B60F301/00" definition-exists="false" ipc-concordant="CPCONLY" c-set-base-allowed="false" c-set-subsequent-allowed="true" date-revised="2013-01-01" status="published"><classification-symbol>B60F2301/00</classification-symbol><class-title date-revised="2013-01-01"><title-part><text>Retractable wheels</text></title-part></class-title>
<classification-item breakdown-code="true" not-allocatable="false" level="8" additional-only="true" sort-key="B60F301/02" definition-exists="false" ipc-concordant="CPCONLY" c-set-base-allowed="false" c-set-subsequent-allowed="true" date-revised="2013-01-01" status="published"><classification-symbol>B60F2301/02</classification-symbol><class-title date-revised="2013-01-01"><title-part><text>slidably</text></title-part></class-title></classification-item>
<classification-item breakdown-code="true" not-allocatable="false" level="8" additional-only="true" sort-key="B60F301/04" definition-exists="false" ipc-concordant="CPCONLY" c-set-base-allowed="false" c-set-subsequent-allowed="true" date-revised="2013-01-01" status="published"><classification-symbol>B60F2301/04</classification-symbol><class-title date-revised="2013-01-01"><title-part><text>pivotally</text></title-part></class-title></classification-item>
<classification-item breakdown-code="true" not-allocatable="false" level="8" additional-only="true" sort-key="B60F301/10" definition-exists="false" ipc-concordant="CPCONLY" c-set-base-allowed="false" c-set-subsequent-allowed="true" date-revised="2013-01-01" status="published"><classification-symbol>B60F2301/10</classification-symbol><class-title date-revised="2013-01-01"><title-part><text>Methods of getting on or off the rails</text></title-part></class-title></classification-item>
<classification-item breakdown-code="true" not-allocatable="false" level="8" additional-only="true" sort-key="B60F301/12" definition-exists="false" ipc-concordant="CPCONLY" c-set-base-allowed="false" c-set-subsequent-allowed="true" date-revised="2013-01-01" status="published"><classification-symbol>B60F2301/12</classification-symbol><class-title date-revised="2013-01-01"><title-part><text>using transverse wheels, endless chains, or the like, i.e. rail wheels axes orthogonal to road wheel axes</text></title-part></class-title></classification-item></classification-item></classification-item></classification-item></class-scheme>