<?xml version="1.0" encoding="UTF-8"?>
<class-scheme publication-date="2023-08-01" scheme-type="cpc" publication-type="official">
<classification-item breakdown-code="false" not-allocatable="true" level="5" additional-only="false" sort-key="A41H" definition-exists="true" date-revised="2023-02-01" status="published"><classification-symbol>A41H</classification-symbol><class-title date-revised="2023-02-01"><title-part><text>APPLIANCES OR METHODS FOR MAKING CLOTHES, e.g. FOR DRESS-MAKING OR FOR TAILORING, NOT OTHERWISE PROVIDED FOR</text></title-part></class-title><notes-and-warnings><note type="warning"><note-paragraph><CPC-specific-note>In this subclass, non-limiting references (in the sense of paragraph 39 of the Guide to the IPC) may still be displayed in the scheme.</CPC-specific-note></note-paragraph></note></notes-and-warnings>
<classification-item breakdown-code="false" not-allocatable="true" level="6" additional-only="false" sort-key="A41H1/00" date-revised="2013-01-01" status="published"><classification-symbol>A41H1/00</classification-symbol>
<classification-item breakdown-code="false" not-allocatable="false" level="7" additional-only="false" sort-key="A41H1/00" definition-exists="true" ipc-concordant="A41H1/00" c-set-base-allowed="false" c-set-subsequent-allowed="true" date-revised="2023-02-01" status="published"><classification-symbol>A41H1/00</classification-symbol><class-title date-revised="2023-02-01"><title-part><text>Measuring aids or methods</text></title-part></class-title>
<classification-item breakdown-code="false" not-allocatable="false" level="8" additional-only="false" sort-key="A41H1/02" definition-exists="false" ipc-concordant="A41H1/02" c-set-base-allowed="false" c-set-subsequent-allowed="true" date-revised="2013-01-01" status="published"><classification-symbol>A41H1/02</classification-symbol><class-title date-revised="2013-01-01"><title-part><text>Devices for taking measurements on the human body</text></title-part></class-title>
<classification-item breakdown-code="false" not-allocatable="false" level="9" additional-only="false" sort-key="A41H1/04" definition-exists="false" ipc-concordant="A41H1/04" c-set-base-allowed="false" c-set-subsequent-allowed="true" date-revised="2013-01-01" status="published"><classification-symbol>A41H1/04</classification-symbol><class-title date-revised="2013-01-01"><title-part><text>Stands for taking measurements</text></title-part></class-title></classification-item></classification-item>
<classification-item breakdown-code="false" not-allocatable="false" level="8" additional-only="false" sort-key="A41H1/06" definition-exists="true" ipc-concordant="A41H1/06" c-set-base-allowed="false" c-set-subsequent-allowed="true" date-revised="2023-02-01" status="published"><classification-symbol>A41H1/06</classification-symbol><class-title date-revised="2023-02-01"><title-part><text>in combination with marking</text></title-part></class-title></classification-item>
<classification-item breakdown-code="false" not-allocatable="false" level="8" additional-only="false" sort-key="A41H1/10" definition-exists="false" ipc-concordant="A41H1/10" c-set-base-allowed="false" c-set-subsequent-allowed="true" date-revised="2013-01-01" status="published"><classification-symbol>A41H1/10</classification-symbol><class-title date-revised="2013-01-01"><title-part><text>Measuring jackets for marking-out patterns</text></title-part></class-title></classification-item></classification-item>
<classification-item breakdown-code="false" not-allocatable="false" level="7" additional-only="false" sort-key="A41H3/00" definition-exists="true" ipc-concordant="A41H3/00" c-set-base-allowed="false" c-set-subsequent-allowed="true" date-revised="2023-02-01" status="published"><classification-symbol>A41H3/00</classification-symbol><class-title date-revised="2023-02-01"><title-part><text>Patterns for cutting-out</text></title-part><title-part><text>Methods of drafting or marking-out such patterns, e.g. on the cloth</text></title-part></class-title>
<classification-item breakdown-code="false" not-allocatable="false" level="8" additional-only="false" sort-key="A41H3/002" definition-exists="false" ipc-concordant="A41H3/00" c-set-base-allowed="false" c-set-subsequent-allowed="true" date-revised="2013-01-01" status="published"><classification-symbol>A41H3/002</classification-symbol><class-title date-revised="2013-01-01"><title-part><CPC-specific-text><text>Set squares or rulers for drafting patterns </text><reference><text>drawing aids in general <class-ref scheme="cpc">B43L</class-ref></text></reference></CPC-specific-text></title-part></class-title></classification-item>
<classification-item breakdown-code="false" not-allocatable="false" level="8" additional-only="false" sort-key="A41H3/005" definition-exists="false" ipc-concordant="A41H3/00" c-set-base-allowed="false" c-set-subsequent-allowed="true" date-revised="2013-01-01" status="published"><classification-symbol>A41H3/005</classification-symbol><class-title date-revised="2013-01-01"><title-part><CPC-specific-text><text>Sheet materials for drafting patterns, e.g. by using a photosensitive layer or a transfer sheet </text><reference><text>patterns on paper <class-ref scheme="cpc">A41H3/06</class-ref>; sheet materials for duplicating or marking methods <class-ref scheme="cpc">B41M5/00</class-ref>; photosensitive compositions or bases carrying them <class-ref scheme="cpc">G03C</class-ref></text></reference></CPC-specific-text></title-part></class-title></classification-item>
<classification-item breakdown-code="false" not-allocatable="false" level="8" additional-only="false" sort-key="A41H3/007" definition-exists="true" ipc-concordant="A41H3/00" c-set-base-allowed="false" c-set-subsequent-allowed="true" date-revised="2020-01-01" status="published"><classification-symbol>A41H3/007</classification-symbol><class-title date-revised="2020-01-01"><title-part><CPC-specific-text><text>Methods of drafting or marking-out patterns using computers </text><reference><text>computer-aided design <class-ref scheme="cpc">G06F30/00</class-ref></text></reference></CPC-specific-text></title-part></class-title></classification-item>
<classification-item breakdown-code="false" not-allocatable="false" level="8" additional-only="false" sort-key="A41H3/01" definition-exists="false" ipc-concordant="A41H3/01" c-set-base-allowed="false" c-set-subsequent-allowed="true" date-revised="2013-01-01" status="published"><classification-symbol>A41H3/01</classification-symbol><class-title date-revised="2013-01-01"><title-part><text>using stencils</text></title-part></class-title>
<classification-item breakdown-code="false" not-allocatable="false" level="9" additional-only="false" sort-key="A41H3/015" definition-exists="false" ipc-concordant="A41H3/015" c-set-base-allowed="false" c-set-subsequent-allowed="true" date-revised="2013-01-01" status="published"><classification-symbol>A41H3/015</classification-symbol><class-title date-revised="2013-01-01"><title-part><text>of adjustable type</text></title-part></class-title></classification-item></classification-item>
<classification-item breakdown-code="false" not-allocatable="false" level="8" additional-only="false" sort-key="A41H3/02" definition-exists="true" ipc-concordant="A41H3/02" c-set-base-allowed="false" c-set-subsequent-allowed="true" date-revised="2023-02-01" status="published"><classification-symbol>A41H3/02</classification-symbol><class-title date-revised="2023-02-01"><title-part><text>Making patterns by copying</text></title-part></class-title></classification-item>
<classification-item breakdown-code="false" not-allocatable="false" level="8" additional-only="false" sort-key="A41H3/04" definition-exists="false" ipc-concordant="A41H3/04" c-set-base-allowed="false" c-set-subsequent-allowed="true" date-revised="2013-01-01" status="published"><classification-symbol>A41H3/04</classification-symbol><class-title date-revised="2013-01-01"><title-part><text>Making patterns by modelling on the human body</text></title-part></class-title></classification-item>
<classification-item breakdown-code="false" not-allocatable="false" level="8" additional-only="false" sort-key="A41H3/06" definition-exists="false" ipc-concordant="A41H3/06" c-set-base-allowed="false" c-set-subsequent-allowed="true" date-revised="2013-01-01" status="published"><classification-symbol>A41H3/06</classification-symbol><class-title date-revised="2013-01-01"><title-part><text>Patterns on paper</text></title-part></class-title>
<classification-item breakdown-code="false" not-allocatable="false" level="9" additional-only="false" sort-key="A41H3/065" definition-exists="false" ipc-concordant="A41H3/06" c-set-base-allowed="false" c-set-subsequent-allowed="true" date-revised="2013-01-01" status="published"><classification-symbol>A41H3/065</classification-symbol><class-title date-revised="2013-01-01"><title-part><CPC-specific-text><text>Patterns on plastic materials</text></CPC-specific-text></title-part></class-title></classification-item></classification-item>
<classification-item breakdown-code="false" not-allocatable="false" level="8" additional-only="false" sort-key="A41H3/08" definition-exists="false" ipc-concordant="A41H3/08" c-set-base-allowed="false" c-set-subsequent-allowed="true" date-revised="2013-01-01" status="published"><classification-symbol>A41H3/08</classification-symbol><class-title date-revised="2013-01-01"><title-part><text>Patterns on the cloth, e.g. printed</text></title-part></class-title></classification-item></classification-item>
<classification-item breakdown-code="false" not-allocatable="false" level="7" additional-only="false" sort-key="A41H5/00" definition-exists="true" ipc-concordant="A41H5/00" c-set-base-allowed="false" c-set-subsequent-allowed="true" date-revised="2023-02-01" status="published"><classification-symbol>A41H5/00</classification-symbol><class-title date-revised="2023-02-01"><title-part><text>Dress forms</text></title-part><title-part><text>Bust forms</text></title-part><title-part><text>Stands</text></title-part></class-title>
<classification-item breakdown-code="false" not-allocatable="false" level="8" additional-only="false" sort-key="A41H5/01" definition-exists="false" ipc-concordant="A41H5/01" c-set-base-allowed="false" c-set-subsequent-allowed="true" date-revised="2013-01-01" status="published"><classification-symbol>A41H5/01</classification-symbol><class-title date-revised="2013-01-01"><title-part><text>with means for adjustment, e.g. of height</text></title-part></class-title></classification-item>
<classification-item breakdown-code="false" not-allocatable="false" level="8" additional-only="false" sort-key="A41H5/02" definition-exists="false" ipc-concordant="A41H5/02" c-set-base-allowed="false" c-set-subsequent-allowed="true" date-revised="2013-01-01" status="published"><classification-symbol>A41H5/02</classification-symbol><class-title date-revised="2013-01-01"><title-part><text>Inflatable forms</text></title-part></class-title></classification-item></classification-item>
<classification-item breakdown-code="false" not-allocatable="false" level="7" additional-only="false" sort-key="A41H9/00" definition-exists="true" ipc-concordant="A41H9/00" c-set-base-allowed="false" c-set-subsequent-allowed="true" date-revised="2023-02-01" status="published"><classification-symbol>A41H9/00</classification-symbol><class-title date-revised="2023-02-01"><title-part><text>Devices or methods for trimming, levelling or straightening the hems of garments</text></title-part></class-title>
<classification-item breakdown-code="false" not-allocatable="false" level="8" additional-only="false" sort-key="A41H9/02" definition-exists="false" ipc-concordant="A41H9/02" c-set-base-allowed="false" c-set-subsequent-allowed="true" date-revised="2013-01-01" status="published"><classification-symbol>A41H9/02</classification-symbol><class-title date-revised="2013-01-01"><title-part><text>Devices for marking the length of garments</text></title-part></class-title></classification-item></classification-item>
<classification-item breakdown-code="false" not-allocatable="false" level="7" additional-only="false" sort-key="A41H11/00" definition-exists="false" ipc-concordant="A41H11/00" c-set-base-allowed="false" c-set-subsequent-allowed="true" date-revised="2013-01-01" status="published"><classification-symbol>A41H11/00</classification-symbol><class-title date-revised="2013-01-01"><title-part><text>Tracing-wheels</text></title-part></class-title></classification-item>
<classification-item breakdown-code="false" not-allocatable="false" level="7" additional-only="false" sort-key="A41H15/00" definition-exists="false" ipc-concordant="A41H15/00" c-set-base-allowed="false" c-set-subsequent-allowed="true" date-revised="2013-01-01" status="published"><classification-symbol>A41H15/00</classification-symbol><class-title date-revised="2013-01-01"><title-part><text>Cloth-holders</text></title-part></class-title></classification-item>
<classification-item breakdown-code="false" not-allocatable="false" level="7" additional-only="false" sort-key="A41H17/00" definition-exists="true" ipc-concordant="A41H17/00" c-set-base-allowed="false" c-set-subsequent-allowed="true" date-revised="2013-01-01" status="published"><classification-symbol>A41H17/00</classification-symbol><class-title date-revised="2013-01-01"><title-part><text>Cushions for needles or pins </text><reference><text><class-ref scheme="cpc">A41H19/00</class-ref> takes precedence</text></reference></title-part></class-title></classification-item>
<classification-item breakdown-code="false" not-allocatable="false" level="7" additional-only="false" sort-key="A41H19/00" definition-exists="false" ipc-concordant="A41H19/00" c-set-base-allowed="false" c-set-subsequent-allowed="true" date-revised="2013-01-01" status="published"><classification-symbol>A41H19/00</classification-symbol><class-title date-revised="2013-01-01"><title-part><text>Boxes for needles or pins</text></title-part></class-title></classification-item>
<classification-item breakdown-code="false" not-allocatable="false" level="7" additional-only="false" sort-key="A41H21/00" definition-exists="false" ipc-concordant="A41H21/00" c-set-base-allowed="false" c-set-subsequent-allowed="true" date-revised="2017-08-01" status="published"><classification-symbol>A41H21/00</classification-symbol><class-title date-revised="2017-08-01"><title-part><text>Supports for the body whilst trying-on or fitting</text></title-part></class-title></classification-item>
<classification-item breakdown-code="false" not-allocatable="false" level="7" additional-only="false" sort-key="A41H23/00" definition-exists="true" ipc-concordant="A41H23/00" c-set-base-allowed="false" c-set-subsequent-allowed="true" date-revised="2023-02-01" status="published"><classification-symbol>A41H23/00</classification-symbol><class-title date-revised="2023-02-01"><title-part><text>Devices for applying chalk</text></title-part><title-part><text>Sharpening or holding chalk</text></title-part></class-title></classification-item>
<classification-item breakdown-code="false" not-allocatable="false" level="7" additional-only="false" sort-key="A41H25/00" definition-exists="true" ipc-concordant="A41H25/00" c-set-base-allowed="false" c-set-subsequent-allowed="true" date-revised="2023-02-01" status="published"><classification-symbol>A41H25/00</classification-symbol><class-title date-revised="2023-02-01"><title-part><text>Appliances or methods for marking-out, perforating or making buttonholes</text></title-part></class-title>
<classification-item breakdown-code="false" not-allocatable="false" level="8" additional-only="false" sort-key="A41H25/02" definition-exists="false" ipc-concordant="A41H25/02" c-set-base-allowed="false" c-set-subsequent-allowed="true" date-revised="2013-01-01" status="published"><classification-symbol>A41H25/02</classification-symbol><class-title date-revised="2013-01-01"><title-part><text>Buttonhole shears</text></title-part></class-title></classification-item></classification-item>
<classification-item breakdown-code="false" not-allocatable="false" level="7" additional-only="false" sort-key="A41H27/00" definition-exists="true" ipc-concordant="A41H27/00" c-set-base-allowed="false" c-set-subsequent-allowed="true" date-revised="2013-01-01" status="published"><classification-symbol>A41H27/00</classification-symbol><class-title date-revised="2013-01-01"><title-part><text>Mending garments by adhesives or adhesive patches</text></title-part></class-title></classification-item>
<classification-item breakdown-code="false" not-allocatable="false" level="7" additional-only="false" sort-key="A41H31/00" definition-exists="false" ipc-concordant="A41H31/00" c-set-base-allowed="false" c-set-subsequent-allowed="true" date-revised="2013-01-01" status="published"><classification-symbol>A41H31/00</classification-symbol><class-title date-revised="2013-01-01"><title-part><text>Other aids for tailors</text></title-part></class-title>
<classification-item breakdown-code="false" not-allocatable="false" level="8" additional-only="false" sort-key="A41H31/005" definition-exists="false" ipc-concordant="A41H31/00" c-set-base-allowed="false" c-set-subsequent-allowed="true" date-revised="2013-01-01" status="published"><classification-symbol>A41H31/005</classification-symbol><class-title date-revised="2013-01-01"><title-part><CPC-specific-text><text>Thread-cutting or seam-ripping tools</text></CPC-specific-text></title-part></class-title></classification-item></classification-item>
<classification-item breakdown-code="false" not-allocatable="false" level="7" additional-only="false" sort-key="A41H33/00" definition-exists="true" ipc-concordant="A41H33/00" c-set-base-allowed="false" c-set-subsequent-allowed="true" date-revised="2023-02-01" status="published"><classification-symbol>A41H33/00</classification-symbol><class-title date-revised="2023-02-01"><title-part><text>Machines or appliances for folding the edges of collars, cuffs or the like while manufacturing</text></title-part></class-title></classification-item>
<classification-item breakdown-code="false" not-allocatable="false" level="7" additional-only="false" sort-key="A41H37/00" definition-exists="true" ipc-concordant="A41H37/00" c-set-base-allowed="false" c-set-subsequent-allowed="true" date-revised="2023-02-01" status="published"><classification-symbol>A41H37/00</classification-symbol><class-title date-revised="2023-02-01"><title-part><text>Machines, appliances or methods for setting fastener-elements on garments</text></title-part></class-title>
<classification-item breakdown-code="false" not-allocatable="false" level="8" additional-only="false" sort-key="A41H37/001" definition-exists="true" ipc-concordant="A41H37/00" c-set-base-allowed="false" c-set-subsequent-allowed="true" date-revised="2013-01-01" status="published"><classification-symbol>A41H37/001</classification-symbol><class-title date-revised="2013-01-01"><title-part><CPC-specific-text><text>Methods</text></CPC-specific-text></title-part></class-title>
<classification-item breakdown-code="false" not-allocatable="false" level="9" additional-only="false" sort-key="A41H37/003" definition-exists="false" ipc-concordant="A41H37/00" c-set-base-allowed="false" c-set-subsequent-allowed="true" date-revised="2013-01-01" status="published"><classification-symbol>A41H37/003</classification-symbol><class-title date-revised="2013-01-01"><title-part><CPC-specific-text><text>for attaching slide or glide fasteners to garments</text></CPC-specific-text></title-part></class-title></classification-item></classification-item>
<classification-item breakdown-code="false" not-allocatable="false" level="8" additional-only="false" sort-key="A41H37/005" definition-exists="false" ipc-concordant="A41H37/00" c-set-base-allowed="false" c-set-subsequent-allowed="true" date-revised="2013-01-01" status="published"><classification-symbol>A41H37/005</classification-symbol><class-title date-revised="2013-01-01"><title-part><CPC-specific-text><text>Hand implements</text></CPC-specific-text></title-part></class-title>
<classification-item breakdown-code="false" not-allocatable="false" level="9" additional-only="false" sort-key="A41H37/006" definition-exists="false" ipc-concordant="A41H37/00" c-set-base-allowed="false" c-set-subsequent-allowed="true" date-revised="2013-01-01" status="published"><classification-symbol>A41H37/006</classification-symbol><class-title date-revised="2013-01-01"><title-part><CPC-specific-text><text>in the form of pliers</text></CPC-specific-text></title-part></class-title></classification-item>
<classification-item breakdown-code="false" not-allocatable="false" level="9" additional-only="false" sort-key="A41H37/008" definition-exists="false" ipc-concordant="A41H37/00" c-set-base-allowed="false" c-set-subsequent-allowed="true" date-revised="2013-01-01" status="published"><classification-symbol>A41H37/008</classification-symbol><class-title date-revised="2013-01-01"><title-part><CPC-specific-text><text>provided with a needle tube </text><reference><text>affixing tags <class-ref scheme="cpc">B65C7/00</class-ref></text></reference></CPC-specific-text></title-part></class-title></classification-item></classification-item>
<classification-item breakdown-code="false" not-allocatable="false" level="8" additional-only="false" sort-key="A41H37/02" definition-exists="true" ipc-concordant="A41H37/02" c-set-base-allowed="false" c-set-subsequent-allowed="true" date-revised="2013-01-01" status="published"><classification-symbol>A41H37/02</classification-symbol><class-title date-revised="2013-01-01"><title-part><text>Setting hooks or eyes </text><CPC-specific-text><reference><text><class-ref scheme="cpc">A41H37/001</class-ref>, <class-ref scheme="cpc">A41H37/005</class-ref> take precedence</text></reference></CPC-specific-text></title-part></class-title></classification-item>
<classification-item breakdown-code="false" not-allocatable="false" level="8" additional-only="false" sort-key="A41H37/04" definition-exists="true" ipc-concordant="A41H37/04" c-set-base-allowed="false" c-set-subsequent-allowed="true" date-revised="2013-01-01" status="published"><classification-symbol>A41H37/04</classification-symbol><class-title date-revised="2013-01-01"><title-part><text>Setting snap fasteners </text><CPC-specific-text><reference><text><class-ref scheme="cpc">A41H37/001</class-ref>, <class-ref scheme="cpc">A41H37/005</class-ref> take precedence</text></reference></CPC-specific-text></title-part></class-title></classification-item>
<classification-item breakdown-code="false" not-allocatable="false" level="8" additional-only="false" sort-key="A41H37/06" definition-exists="true" ipc-concordant="A41H37/06" c-set-base-allowed="false" c-set-subsequent-allowed="true" date-revised="2013-01-01" status="published"><classification-symbol>A41H37/06</classification-symbol><class-title date-revised="2013-01-01"><title-part><text>Setting slide or glide fastener elements </text><CPC-specific-text><reference><text><class-ref scheme="cpc">A41H37/001</class-ref>, <class-ref scheme="cpc">A41H37/005</class-ref> take precedence</text></reference></CPC-specific-text></title-part></class-title></classification-item>
<classification-item breakdown-code="false" not-allocatable="false" level="8" additional-only="false" sort-key="A41H37/08" definition-exists="true" ipc-concordant="A41H37/08" c-set-base-allowed="false" c-set-subsequent-allowed="true" date-revised="2013-01-01" status="published"><classification-symbol>A41H37/08</classification-symbol><class-title date-revised="2013-01-01"><title-part><text>Setting buckles </text><CPC-specific-text><reference><text><class-ref scheme="cpc">A41H37/001</class-ref>, <class-ref scheme="cpc">A41H37/005</class-ref> take precedence</text></reference></CPC-specific-text></title-part></class-title></classification-item>
<classification-item breakdown-code="false" not-allocatable="false" level="8" additional-only="false" sort-key="A41H37/10" definition-exists="true" ipc-concordant="A41H37/10" c-set-base-allowed="false" c-set-subsequent-allowed="true" date-revised="2013-01-01" status="published"><classification-symbol>A41H37/10</classification-symbol><class-title date-revised="2013-01-01"><title-part><text>Setting buttons </text><CPC-specific-text><reference><text><class-ref scheme="cpc">A41H37/001</class-ref>, <class-ref scheme="cpc">A41H37/005</class-ref> take precedence; quick, thread-like anchoring means avoiding the use of a separate needle and thread <class-ref scheme="cpc">A44B1/185</class-ref></text></reference></CPC-specific-text></title-part></class-title></classification-item></classification-item>
<classification-item breakdown-code="false" not-allocatable="false" level="7" additional-only="false" sort-key="A41H41/00" definition-exists="true" ipc-concordant="A41H41/00" c-set-base-allowed="false" c-set-subsequent-allowed="true" date-revised="2023-02-01" status="published"><classification-symbol>A41H41/00</classification-symbol><class-title date-revised="2023-02-01"><title-part><text>Machines or appliances for making garments from natural or artificial fur</text></title-part></class-title>
<classification-item breakdown-code="false" not-allocatable="false" level="8" additional-only="false" sort-key="A41H41/005" definition-exists="false" ipc-concordant="A41H41/00" c-set-base-allowed="false" c-set-subsequent-allowed="true" date-revised="2013-01-01" status="published"><classification-symbol>A41H41/005</classification-symbol><class-title date-revised="2013-01-01"><title-part><CPC-specific-text><text>Machines or appliances for making garments from artificial fur</text></CPC-specific-text></title-part></class-title></classification-item></classification-item>
<classification-item breakdown-code="false" not-allocatable="false" level="7" additional-only="false" sort-key="A41H42/00" definition-exists="true" ipc-concordant="A41H42/00" c-set-base-allowed="false" c-set-subsequent-allowed="true" date-revised="2023-02-01" status="published"><classification-symbol>A41H42/00</classification-symbol><class-title date-revised="2023-02-01"><title-part><text>Multi-step production lines for making clothes</text></title-part></class-title></classification-item>
<classification-item breakdown-code="false" not-allocatable="false" level="7" additional-only="false" sort-key="A41H43/00" definition-exists="true" ipc-concordant="A41H43/00" c-set-base-allowed="false" c-set-subsequent-allowed="true" date-revised="2013-01-01" status="published"><classification-symbol>A41H43/00</classification-symbol><class-title date-revised="2013-01-01"><title-part><text>Other methods, machines or appliances</text></title-part></class-title>
<classification-item breakdown-code="false" not-allocatable="false" level="8" additional-only="false" sort-key="A41H43/005" definition-exists="true" ipc-concordant="A41H43/00" c-set-base-allowed="false" c-set-subsequent-allowed="true" date-revised="2013-01-01" status="published"><classification-symbol>A41H43/005</classification-symbol><class-title date-revised="2013-01-01"><title-part><CPC-specific-text><text>Cloth spreading or piling apparatus in view of its cutting </text><reference><text>folding webs transversely <class-ref scheme="cpc">B65H45/10</class-ref></text></reference></CPC-specific-text></title-part></class-title></classification-item>
<classification-item breakdown-code="false" not-allocatable="false" level="8" additional-only="false" sort-key="A41H43/02" definition-exists="true" ipc-concordant="A41H43/02" c-set-base-allowed="false" c-set-subsequent-allowed="true" date-revised="2023-02-01" status="published"><classification-symbol>A41H43/02</classification-symbol><class-title date-revised="2023-02-01"><title-part><text>Handling garment parts or blanks, e.g. feeding, piling, separating or reversing</text></title-part></class-title>
<classification-item breakdown-code="false" not-allocatable="false" level="9" additional-only="false" sort-key="A41H43/0207" definition-exists="false" ipc-concordant="A41H43/02" c-set-base-allowed="false" c-set-subsequent-allowed="true" date-revised="2013-01-01" status="published"><classification-symbol>A41H43/0207</classification-symbol><class-title date-revised="2013-01-01"><title-part><CPC-specific-text><text>Stacking</text></CPC-specific-text></title-part></class-title>
<classification-item breakdown-code="false" not-allocatable="false" level="10" additional-only="false" sort-key="A41H43/0214" definition-exists="false" ipc-concordant="A41H43/02" c-set-base-allowed="false" c-set-subsequent-allowed="true" date-revised="2013-01-01" status="published"><classification-symbol>A41H43/0214</classification-symbol><class-title date-revised="2013-01-01"><title-part><CPC-specific-text><text>laying flat</text></CPC-specific-text></title-part></class-title></classification-item>
<classification-item breakdown-code="false" not-allocatable="false" level="10" additional-only="false" sort-key="A41H43/0221" definition-exists="false" ipc-concordant="A41H43/02" c-set-base-allowed="false" c-set-subsequent-allowed="true" date-revised="2013-01-01" status="published"><classification-symbol>A41H43/0221</classification-symbol><class-title date-revised="2013-01-01"><title-part><CPC-specific-text><text>folded over a stacker rod</text></CPC-specific-text></title-part></class-title></classification-item></classification-item>
<classification-item breakdown-code="false" not-allocatable="false" level="9" additional-only="false" sort-key="A41H43/0228" definition-exists="false" ipc-concordant="A41H43/02" c-set-base-allowed="false" c-set-subsequent-allowed="true" date-revised="2013-01-01" status="published"><classification-symbol>A41H43/0228</classification-symbol><class-title date-revised="2013-01-01"><title-part><CPC-specific-text><text>Separating from piles</text></CPC-specific-text></title-part></class-title></classification-item>
<classification-item breakdown-code="false" not-allocatable="false" level="9" additional-only="false" sort-key="A41H43/0235" definition-exists="false" ipc-concordant="A41H43/02" c-set-base-allowed="false" c-set-subsequent-allowed="true" date-revised="2013-01-01" status="published"><classification-symbol>A41H43/0235</classification-symbol><class-title date-revised="2013-01-01"><title-part><CPC-specific-text><text>Feeding or advancing</text></CPC-specific-text></title-part></class-title>
<classification-item breakdown-code="false" not-allocatable="false" level="10" additional-only="false" sort-key="A41H43/0242" definition-exists="false" ipc-concordant="A41H43/02" c-set-base-allowed="false" c-set-subsequent-allowed="true" date-revised="2016-05-01" status="published"><classification-symbol>A41H43/0242</classification-symbol><class-title date-revised="2016-05-01"><title-part><CPC-specific-text><text>Conveyors therefor</text></CPC-specific-text></title-part></class-title></classification-item></classification-item>
<classification-item breakdown-code="false" not-allocatable="false" level="9" additional-only="false" sort-key="A41H43/025" definition-exists="true" ipc-concordant="A41H43/02" c-set-base-allowed="false" c-set-subsequent-allowed="true" date-revised="2013-01-01" status="published"><classification-symbol>A41H43/025</classification-symbol><class-title date-revised="2013-01-01"><title-part><CPC-specific-text><text>Folding, unfolding or turning over</text></CPC-specific-text></title-part></class-title>
<classification-item breakdown-code="false" not-allocatable="false" level="10" additional-only="false" sort-key="A41H43/0257" definition-exists="false" ipc-concordant="A41H43/02" c-set-base-allowed="false" c-set-subsequent-allowed="true" date-revised="2013-01-01" status="published"><classification-symbol>A41H43/0257</classification-symbol><class-title date-revised="2013-01-01"><title-part><CPC-specific-text><text>Folding</text></CPC-specific-text></title-part></class-title></classification-item>
<classification-item breakdown-code="false" not-allocatable="false" level="10" additional-only="false" sort-key="A41H43/0264" definition-exists="false" ipc-concordant="A41H43/02" c-set-base-allowed="false" c-set-subsequent-allowed="true" date-revised="2013-01-01" status="published"><classification-symbol>A41H43/0264</classification-symbol><class-title date-revised="2013-01-01"><title-part><CPC-specific-text><text>Turning over</text></CPC-specific-text></title-part></class-title></classification-item></classification-item>
<classification-item breakdown-code="false" not-allocatable="false" level="9" additional-only="false" sort-key="A41H43/0271" definition-exists="false" ipc-concordant="A41H43/02" c-set-base-allowed="false" c-set-subsequent-allowed="true" date-revised="2013-01-01" status="published"><classification-symbol>A41H43/0271</classification-symbol><class-title date-revised="2013-01-01"><title-part><CPC-specific-text><text>Registering</text></CPC-specific-text></title-part></class-title>
<classification-item breakdown-code="false" not-allocatable="false" level="10" additional-only="false" sort-key="A41H43/0278" definition-exists="false" ipc-concordant="A41H43/02" c-set-base-allowed="false" c-set-subsequent-allowed="true" date-revised="2013-01-01" status="published"><classification-symbol>A41H43/0278</classification-symbol><class-title date-revised="2013-01-01"><title-part><CPC-specific-text><text>of one sheet</text></CPC-specific-text></title-part></class-title></classification-item></classification-item>
<classification-item breakdown-code="false" not-allocatable="false" level="9" additional-only="false" sort-key="A41H43/0285" definition-exists="false" ipc-concordant="A41H43/02" c-set-base-allowed="false" c-set-subsequent-allowed="true" date-revised="2013-01-01" status="published"><classification-symbol>A41H43/0285</classification-symbol><class-title date-revised="2013-01-01"><title-part><CPC-specific-text><text>Tables </text><reference><text>cloth holders <class-ref scheme="cpc">A41H15/00</class-ref></text></reference></CPC-specific-text></title-part></class-title>
<classification-item breakdown-code="false" not-allocatable="false" level="10" additional-only="false" sort-key="A41H43/0292" definition-exists="false" ipc-concordant="A41H43/02" c-set-base-allowed="false" c-set-subsequent-allowed="true" date-revised="2013-01-01" status="published"><classification-symbol>A41H43/0292</classification-symbol><class-title date-revised="2013-01-01"><title-part><CPC-specific-text><text>Air-cushion or suction tables</text></CPC-specific-text></title-part></class-title></classification-item></classification-item></classification-item>
<classification-item breakdown-code="false" not-allocatable="false" level="8" additional-only="false" sort-key="A41H43/04" definition-exists="true" ipc-concordant="A41H43/04" c-set-base-allowed="false" c-set-subsequent-allowed="true" date-revised="2023-02-01" status="published"><classification-symbol>A41H43/04</classification-symbol><class-title date-revised="2023-02-01"><title-part><text>Joining garment parts or blanks by gluing or welding </text><reference><text>mending garments by adhesives or adhesive patches <class-ref scheme="cpc">A41H27/00</class-ref></text></reference><text> </text><CPC-specific-text><text>; Gluing presses</text></CPC-specific-text></title-part></class-title></classification-item></classification-item></classification-item></classification-item></class-scheme>