<?xml version="1.0" encoding="UTF-8"?>
<class-scheme publication-date="2023-08-01" scheme-type="cpc" publication-type="official">
<classification-item breakdown-code="false" not-allocatable="true" level="5" additional-only="false" sort-key="B22C" definition-exists="true" date-revised="2018-08-01" status="published"><classification-symbol>B22C</classification-symbol><class-title date-revised="2013-01-01"><title-part><text>FOUNDRY MOULDING </text><reference><text>moulding refractory materials in general <class-ref scheme="cpc">B28B</class-ref></text></reference></title-part></class-title><notes-and-warnings date-revised="2013-01-01"><note type="note"><note-paragraph>This subclass <u>covers:</u> <subnote type="bullet"><note-paragraph>the making of moulds for casting metals or of other refractory moulds;</note-paragraph><note-paragraph>selection or preparation of materials therefor;</note-paragraph><note-paragraph>the necessary patterns, processes, machines, accessory devices or tools.</note-paragraph></subnote></note-paragraph></note><note type="warning"><note-paragraph warning-type="ipc-not-used">The following IPC groups are not in the CPC scheme. The subject matter for these IPC groups is classified in the following CPC groups: <table><row><entry><class-ref scheme="ipc">B22C3/02</class-ref></entry><entry> covered by </entry><entry><class-ref scheme="cpc">B22C3/00</class-ref></entry></row><row><entry><class-ref scheme="ipc">B22C5/13</class-ref></entry><entry> covered by </entry><entry><class-ref scheme="cpc">B22C5/12</class-ref></entry></row><row><entry><class-ref scheme="ipc">B22C7/05</class-ref></entry><entry> covered by </entry><entry><class-ref scheme="cpc">B22C7/04</class-ref></entry></row><row><entry><class-ref scheme="ipc">B22C9/11</class-ref></entry><entry> covered by </entry><entry><class-ref scheme="cpc">B22C9/10</class-ref></entry></row><row><entry><class-ref scheme="ipc">B22C9/14</class-ref></entry><entry> covered by </entry><entry><class-ref scheme="cpc">B22C9/12</class-ref></entry></row><row><entry><class-ref scheme="ipc">B22C9/16</class-ref></entry><entry> covered by </entry><entry><class-ref scheme="cpc">B22C9/12</class-ref></entry></row><row><entry><class-ref scheme="ipc">B22C15/264</class-ref> - <class-ref scheme="ipc">B22C15/276</class-ref></entry><entry> covered by </entry><entry><class-ref scheme="cpc">B22C15/23</class-ref></entry></row><row><entry><class-ref scheme="ipc">B22C19/01</class-ref></entry><entry> covered by </entry><entry><class-ref scheme="cpc">B22C19/00</class-ref></entry></row></table></note-paragraph><note-paragraph>In this subclass non-limiting references (in the sense of paragraph 39 of the Guide to the IPC) may still be displayed in the scheme.</note-paragraph></note></notes-and-warnings>
<classification-item breakdown-code="false" not-allocatable="true" level="6" additional-only="false" sort-key="B22C1/00" date-revised="2013-01-01" status="published"><classification-symbol>B22C1/00</classification-symbol>
<classification-item breakdown-code="false" not-allocatable="false" level="7" additional-only="false" sort-key="B22C1/00" definition-exists="true" ipc-concordant="B22C1/00" c-set-base-allowed="false" c-set-subsequent-allowed="true" date-revised="2013-01-01" status="published"><classification-symbol>B22C1/00</classification-symbol><class-title date-revised="2013-01-01"><title-part><text>Compositions of refractory mould or core materials</text></title-part><title-part><text>Grain structures thereof </text><reference><text>refractory materials in general <class-ref scheme="cpc">C04B35/00</class-ref></text></reference></title-part><title-part><text>Chemical or physical features in the formation or manufacture of moulds</text></title-part></class-title>
<classification-item breakdown-code="false" not-allocatable="false" level="8" additional-only="false" sort-key="B22C1/02" definition-exists="false" ipc-concordant="B22C1/02" c-set-base-allowed="false" c-set-subsequent-allowed="true" date-revised="2017-08-01" status="published"><classification-symbol>B22C1/02</classification-symbol><class-title date-revised="2017-08-01"><title-part><text>characterised by additives for special purposes, e.g. indicators, breakdown additives</text></title-part></class-title>
<classification-item breakdown-code="false" not-allocatable="false" level="9" additional-only="false" sort-key="B22C1/04" definition-exists="false" ipc-concordant="B22C1/04" c-set-base-allowed="false" c-set-subsequent-allowed="true" date-revised="2013-01-01" status="published"><classification-symbol>B22C1/04</classification-symbol><class-title date-revised="2013-01-01"><title-part><text>for protection of the casting, e.g. against decarbonisation</text></title-part></class-title>
<classification-item breakdown-code="false" not-allocatable="false" level="10" additional-only="false" sort-key="B22C1/06" definition-exists="false" ipc-concordant="B22C1/06" c-set-base-allowed="false" c-set-subsequent-allowed="true" date-revised="2013-01-01" status="published"><classification-symbol>B22C1/06</classification-symbol><class-title date-revised="2013-01-01"><title-part><text>for casting extremely oxidisable metals</text></title-part></class-title></classification-item></classification-item>
<classification-item breakdown-code="false" not-allocatable="false" level="9" additional-only="false" sort-key="B22C1/08" definition-exists="false" ipc-concordant="B22C1/08" c-set-base-allowed="false" c-set-subsequent-allowed="true" date-revised="2013-01-01" status="published"><classification-symbol>B22C1/08</classification-symbol><class-title date-revised="2013-01-01"><title-part><text>for decreasing shrinkage of the mould, e.g. for investment casting</text></title-part></class-title></classification-item>
<classification-item breakdown-code="false" not-allocatable="false" level="9" additional-only="false" sort-key="B22C1/10" definition-exists="false" ipc-concordant="B22C1/10" c-set-base-allowed="false" c-set-subsequent-allowed="true" date-revised="2013-01-01" status="published"><classification-symbol>B22C1/10</classification-symbol><class-title date-revised="2013-01-01"><title-part><text>for influencing the hardening tendency of the mould material </text><reference><text>influencing the hardening tendency of the binding agent only <class-ref scheme="cpc">B22C1/16</class-ref></text></reference></title-part></class-title></classification-item>
<classification-item breakdown-code="false" not-allocatable="false" level="9" additional-only="false" sort-key="B22C1/12" definition-exists="false" ipc-concordant="B22C1/12" c-set-base-allowed="false" c-set-subsequent-allowed="true" date-revised="2013-01-01" status="published"><classification-symbol>B22C1/12</classification-symbol><class-title date-revised="2013-01-01"><title-part><text>for manufacturing permanent moulds or cores</text></title-part></class-title></classification-item>
<classification-item breakdown-code="false" not-allocatable="false" level="9" additional-only="false" sort-key="B22C1/14" definition-exists="false" ipc-concordant="B22C1/14" c-set-base-allowed="false" c-set-subsequent-allowed="true" date-revised="2013-01-01" status="published"><classification-symbol>B22C1/14</classification-symbol><class-title date-revised="2013-01-01"><title-part><text>for separating the pattern from the mould</text></title-part></class-title></classification-item></classification-item>
<classification-item breakdown-code="false" not-allocatable="false" level="8" additional-only="false" sort-key="B22C1/16" definition-exists="false" ipc-concordant="B22C1/16" c-set-base-allowed="false" c-set-subsequent-allowed="true" date-revised="2013-01-01" status="published"><classification-symbol>B22C1/16</classification-symbol><class-title date-revised="2013-01-01"><title-part><text>characterised by the use of binding agents</text></title-part><title-part><text>Mixtures of binding agents</text></title-part></class-title>
<classification-item breakdown-code="false" not-allocatable="false" level="9" additional-only="false" sort-key="B22C1/162" definition-exists="false" ipc-concordant="B22C1/16" c-set-base-allowed="false" c-set-subsequent-allowed="true" date-revised="2013-01-01" status="published"><classification-symbol>B22C1/162</classification-symbol><class-title date-revised="2013-01-01"><title-part><CPC-specific-text><text>use of a gaseous treating agent for hardening the binder</text></CPC-specific-text></title-part></class-title></classification-item>
<classification-item breakdown-code="false" not-allocatable="false" level="9" additional-only="false" sort-key="B22C1/165" definition-exists="false" ipc-concordant="B22C1/16" c-set-base-allowed="false" c-set-subsequent-allowed="true" date-revised="2013-01-01" status="published"><classification-symbol>B22C1/165</classification-symbol><class-title date-revised="2013-01-01"><title-part><CPC-specific-text><text>in the manufacture of multilayered shell moulds</text></CPC-specific-text></title-part></class-title></classification-item>
<classification-item breakdown-code="false" not-allocatable="false" level="9" additional-only="false" sort-key="B22C1/167" definition-exists="false" ipc-concordant="B22C1/16" c-set-base-allowed="false" c-set-subsequent-allowed="true" date-revised="2013-01-01" status="published"><classification-symbol>B22C1/167</classification-symbol><class-title date-revised="2013-01-01"><title-part><CPC-specific-text><text>Mixtures of inorganic and organic binding agents</text></CPC-specific-text></title-part></class-title></classification-item>
<classification-item breakdown-code="false" not-allocatable="false" level="9" additional-only="false" sort-key="B22C1/18" definition-exists="false" ipc-concordant="B22C1/18" c-set-base-allowed="false" c-set-subsequent-allowed="true" date-revised="2013-01-01" status="published"><classification-symbol>B22C1/18</classification-symbol><class-title date-revised="2013-01-01"><title-part><text>of inorganic agents </text><CPC-specific-text><reference><text><class-ref scheme="cpc">B22C1/162</class-ref> takes precedence</text></reference></CPC-specific-text></title-part></class-title>
<classification-item breakdown-code="false" not-allocatable="false" level="10" additional-only="false" sort-key="B22C1/181" definition-exists="false" ipc-concordant="B22C1/18" c-set-base-allowed="false" c-set-subsequent-allowed="true" date-revised="2013-01-01" status="published"><classification-symbol>B22C1/181</classification-symbol><class-title date-revised="2013-01-01"><title-part><CPC-specific-text><text>Cements, oxides or clays</text></CPC-specific-text></title-part></class-title></classification-item>
<classification-item breakdown-code="false" not-allocatable="false" level="10" additional-only="false" sort-key="B22C1/183" definition-exists="false" ipc-concordant="B22C1/18" c-set-base-allowed="false" c-set-subsequent-allowed="true" date-revised="2013-01-01" status="published"><classification-symbol>B22C1/183</classification-symbol><class-title date-revised="2013-01-01"><title-part><CPC-specific-text><text>Sols, colloids or hydroxide gels</text></CPC-specific-text></title-part></class-title></classification-item>
<classification-item breakdown-code="false" not-allocatable="false" level="10" additional-only="false" sort-key="B22C1/185" definition-exists="false" ipc-concordant="B22C1/18" c-set-base-allowed="false" c-set-subsequent-allowed="true" date-revised="2013-01-01" status="published"><classification-symbol>B22C1/185</classification-symbol><class-title date-revised="2013-01-01"><title-part><CPC-specific-text><text>containing phosphates, phosphoric acids or its derivatives</text></CPC-specific-text></title-part></class-title></classification-item>
<classification-item breakdown-code="false" not-allocatable="false" level="10" additional-only="false" sort-key="B22C1/186" definition-exists="false" ipc-concordant="B22C1/18" c-set-base-allowed="false" c-set-subsequent-allowed="true" date-revised="2013-01-01" status="published"><classification-symbol>B22C1/186</classification-symbol><class-title date-revised="2013-01-01"><title-part><CPC-specific-text><text>contaming ammonium or metal silicates, silica sols</text></CPC-specific-text></title-part></class-title>
<classification-item breakdown-code="false" not-allocatable="false" level="11" additional-only="false" sort-key="B22C1/188" definition-exists="false" ipc-concordant="B22C1/18" c-set-base-allowed="false" c-set-subsequent-allowed="true" date-revised="2013-01-01" status="published"><classification-symbol>B22C1/188</classification-symbol><class-title date-revised="2013-01-01"><title-part><CPC-specific-text><text>Alkali metal silicates</text></CPC-specific-text></title-part></class-title></classification-item></classification-item></classification-item>
<classification-item breakdown-code="false" not-allocatable="false" level="9" additional-only="false" sort-key="B22C1/20" definition-exists="false" ipc-concordant="B22C1/20" c-set-base-allowed="false" c-set-subsequent-allowed="true" date-revised="2013-01-01" status="published"><classification-symbol>B22C1/20</classification-symbol><class-title date-revised="2013-01-01"><title-part><text>of organic agents</text></title-part></class-title>
<classification-item breakdown-code="false" not-allocatable="false" level="10" additional-only="false" sort-key="B22C1/205" definition-exists="false" ipc-concordant="B22C1/20" c-set-base-allowed="false" c-set-subsequent-allowed="true" date-revised="2013-01-01" status="published"><classification-symbol>B22C1/205</classification-symbol><class-title date-revised="2013-01-01"><title-part><CPC-specific-text><text>of organic silicon or metal compounds, other organometallic compounds</text></CPC-specific-text></title-part></class-title></classification-item>
<classification-item breakdown-code="false" not-allocatable="false" level="10" additional-only="false" sort-key="B22C1/22" definition-exists="false" ipc-concordant="B22C1/22" c-set-base-allowed="false" c-set-subsequent-allowed="true" date-revised="2013-01-01" status="published"><classification-symbol>B22C1/22</classification-symbol><class-title date-revised="2013-01-01"><title-part><text>of resins or rosins</text></title-part></class-title>
<classification-item breakdown-code="false" not-allocatable="false" level="11" additional-only="false" sort-key="B22C1/2206" definition-exists="false" ipc-concordant="B22C1/22" c-set-base-allowed="false" c-set-subsequent-allowed="true" date-revised="2013-01-01" status="published"><classification-symbol>B22C1/2206</classification-symbol><class-title date-revised="2013-01-01"><title-part><CPC-specific-text><text>obtained by reactions only involving carbon-to-carbon unsaturated bonds</text></CPC-specific-text></title-part></class-title>
<classification-item breakdown-code="false" not-allocatable="false" level="12" additional-only="false" sort-key="B22C1/2213" definition-exists="false" ipc-concordant="B22C1/22" c-set-base-allowed="false" c-set-subsequent-allowed="true" date-revised="2013-01-01" status="published"><classification-symbol>B22C1/2213</classification-symbol><class-title date-revised="2013-01-01"><title-part><CPC-specific-text><text>Polyalkenes</text></CPC-specific-text></title-part></class-title></classification-item>
<classification-item breakdown-code="false" not-allocatable="false" level="12" additional-only="false" sort-key="B22C1/222" definition-exists="false" ipc-concordant="B22C1/22" c-set-base-allowed="false" c-set-subsequent-allowed="true" date-revised="2013-01-01" status="published"><classification-symbol>B22C1/222</classification-symbol><class-title date-revised="2013-01-01"><title-part><CPC-specific-text><text>Polyacrylates</text></CPC-specific-text></title-part></class-title></classification-item>
<classification-item breakdown-code="false" not-allocatable="false" level="12" additional-only="false" sort-key="B22C1/2226" definition-exists="false" ipc-concordant="B22C1/22" c-set-base-allowed="false" c-set-subsequent-allowed="true" date-revised="2013-01-01" status="published"><classification-symbol>B22C1/2226</classification-symbol><class-title date-revised="2013-01-01"><title-part><CPC-specific-text><text>Polymers containing halogens</text></CPC-specific-text></title-part></class-title></classification-item></classification-item>
<classification-item breakdown-code="false" not-allocatable="false" level="11" additional-only="false" sort-key="B22C1/2233" definition-exists="false" ipc-concordant="B22C1/22" c-set-base-allowed="false" c-set-subsequent-allowed="true" date-revised="2013-01-01" status="published"><classification-symbol>B22C1/2233</classification-symbol><class-title date-revised="2013-01-01"><title-part><CPC-specific-text><text>obtained otherwise than by reactions only involving carbon-to-carbon unsaturated bonds</text></CPC-specific-text></title-part></class-title>
<classification-item breakdown-code="false" not-allocatable="false" level="12" additional-only="false" sort-key="B22C1/224" definition-exists="false" ipc-concordant="B22C1/22" c-set-base-allowed="false" c-set-subsequent-allowed="true" date-revised="2013-01-01" status="published"><classification-symbol>B22C1/224</classification-symbol><class-title date-revised="2013-01-01"><title-part><CPC-specific-text><text>Furan polymers </text><reference><text><class-ref scheme="cpc">B22C1/2273</class-ref> takes precedence</text></reference></CPC-specific-text></title-part></class-title></classification-item>
<classification-item breakdown-code="false" not-allocatable="false" level="12" additional-only="false" sort-key="B22C1/2246" definition-exists="false" ipc-concordant="B22C1/22" c-set-base-allowed="false" c-set-subsequent-allowed="true" date-revised="2013-01-01" status="published"><classification-symbol>B22C1/2246</classification-symbol><class-title date-revised="2013-01-01"><title-part><CPC-specific-text><text>Condensation polymers of aldehydes and ketones </text><reference><text><class-ref scheme="cpc">B22C1/224</class-ref>, <class-ref scheme="cpc">B22C1/2273</class-ref> take precedence</text></reference></CPC-specific-text></title-part></class-title>
<classification-item breakdown-code="false" not-allocatable="false" level="13" additional-only="false" sort-key="B22C1/2253" definition-exists="false" ipc-concordant="B22C1/22" c-set-base-allowed="false" c-set-subsequent-allowed="true" date-revised="2013-01-01" status="published"><classification-symbol>B22C1/2253</classification-symbol><class-title date-revised="2013-01-01"><title-part><CPC-specific-text><text>with phenols</text></CPC-specific-text></title-part></class-title></classification-item></classification-item>
<classification-item breakdown-code="false" not-allocatable="false" level="12" additional-only="false" sort-key="B22C1/226" definition-exists="false" ipc-concordant="B22C1/22" c-set-base-allowed="false" c-set-subsequent-allowed="true" date-revised="2013-01-01" status="published"><classification-symbol>B22C1/226</classification-symbol><class-title date-revised="2013-01-01"><title-part><CPC-specific-text><text>Polyepoxides</text></CPC-specific-text></title-part></class-title></classification-item>
<classification-item breakdown-code="false" not-allocatable="false" level="12" additional-only="false" sort-key="B22C1/2266" definition-exists="false" ipc-concordant="B22C1/22" c-set-base-allowed="false" c-set-subsequent-allowed="true" date-revised="2013-01-01" status="published"><classification-symbol>B22C1/2266</classification-symbol><class-title date-revised="2013-01-01"><title-part><CPC-specific-text><text>Polyesters; Polycarbonates</text></CPC-specific-text></title-part></class-title></classification-item>
<classification-item breakdown-code="false" not-allocatable="false" level="12" additional-only="false" sort-key="B22C1/2273" definition-exists="false" ipc-concordant="B22C1/22" c-set-base-allowed="false" c-set-subsequent-allowed="true" date-revised="2013-01-01" status="published"><classification-symbol>B22C1/2273</classification-symbol><class-title date-revised="2013-01-01"><title-part><CPC-specific-text><text>Polyurethanes; Polyisocyanates</text></CPC-specific-text></title-part></class-title></classification-item>
<classification-item breakdown-code="false" not-allocatable="false" level="12" additional-only="false" sort-key="B22C1/228" definition-exists="false" ipc-concordant="B22C1/22" c-set-base-allowed="false" c-set-subsequent-allowed="true" date-revised="2013-01-01" status="published"><classification-symbol>B22C1/228</classification-symbol><class-title date-revised="2013-01-01"><title-part><CPC-specific-text><text>Polyamides</text></CPC-specific-text></title-part></class-title></classification-item>
<classification-item breakdown-code="false" not-allocatable="false" level="12" additional-only="false" sort-key="B22C1/2286" definition-exists="false" ipc-concordant="B22C1/22" c-set-base-allowed="false" c-set-subsequent-allowed="true" date-revised="2013-01-01" status="published"><classification-symbol>B22C1/2286</classification-symbol><class-title date-revised="2013-01-01"><title-part><CPC-specific-text><text>Polyethers</text></CPC-specific-text></title-part></class-title></classification-item></classification-item>
<classification-item breakdown-code="false" not-allocatable="false" level="11" additional-only="false" sort-key="B22C1/2293" definition-exists="false" ipc-concordant="B22C1/22" c-set-base-allowed="false" c-set-subsequent-allowed="true" date-revised="2013-01-01" status="published"><classification-symbol>B22C1/2293</classification-symbol><class-title date-revised="2013-01-01"><title-part><CPC-specific-text><text>Natural polymers </text><reference><text><class-ref scheme="cpc">B22C1/24</class-ref>, <class-ref scheme="cpc">B22C1/26</class-ref> take precedence</text></reference></CPC-specific-text></title-part></class-title></classification-item></classification-item>
<classification-item breakdown-code="false" not-allocatable="false" level="10" additional-only="false" sort-key="B22C1/24" definition-exists="false" ipc-concordant="B22C1/24" c-set-base-allowed="false" c-set-subsequent-allowed="true" date-revised="2013-01-01" status="published"><classification-symbol>B22C1/24</classification-symbol><class-title date-revised="2013-01-01"><title-part><text>of oily or fatty substances</text></title-part><title-part><text>of distillation residues therefrom</text></title-part></class-title></classification-item>
<classification-item breakdown-code="false" not-allocatable="false" level="10" additional-only="false" sort-key="B22C1/26" definition-exists="false" ipc-concordant="B22C1/26" c-set-base-allowed="false" c-set-subsequent-allowed="true" date-revised="2013-01-01" status="published"><classification-symbol>B22C1/26</classification-symbol><class-title date-revised="2013-01-01"><title-part><text>of carbohydrates</text></title-part><title-part><text>of distillation residues therefrom</text></title-part></class-title></classification-item></classification-item></classification-item></classification-item>
<classification-item breakdown-code="false" not-allocatable="false" level="7" additional-only="false" sort-key="B22C3/00" definition-exists="true" ipc-concordant="B22C3/00" c-set-base-allowed="false" c-set-subsequent-allowed="true" date-revised="2013-01-01" status="published"><classification-symbol>B22C3/00</classification-symbol><class-title date-revised="2013-01-01"><title-part><text>Selection of compositions for coating the surfaces of moulds, cores, or patterns</text></title-part></class-title></classification-item>
<classification-item breakdown-code="false" not-allocatable="false" level="7" additional-only="false" sort-key="B22C5/00" definition-exists="true" ipc-concordant="B22C5/00" c-set-base-allowed="false" c-set-subsequent-allowed="true" date-revised="2013-01-01" status="published"><classification-symbol>B22C5/00</classification-symbol><class-title date-revised="2013-01-01"><title-part><text>Machines or devices specially designed for dressing or handling the mould material so far as specially adapted for that purpose </text><reference><text>of general applicability, <u>see</u> the relevant places, e.g. for material with water-setting properties <class-ref scheme="cpc">B28C</class-ref></text></reference></title-part></class-title>
<classification-item breakdown-code="false" not-allocatable="false" level="8" additional-only="false" sort-key="B22C5/02" definition-exists="false" ipc-concordant="B22C5/02" c-set-base-allowed="false" c-set-subsequent-allowed="true" date-revised="2013-01-01" status="published"><classification-symbol>B22C5/02</classification-symbol><class-title date-revised="2013-01-01"><title-part><text>Dressing by centrifuging essentially or additionally</text></title-part></class-title></classification-item>
<classification-item breakdown-code="false" not-allocatable="false" level="8" additional-only="false" sort-key="B22C5/04" definition-exists="false" ipc-concordant="B22C5/04" c-set-base-allowed="false" c-set-subsequent-allowed="true" date-revised="2013-01-01" status="published"><classification-symbol>B22C5/04</classification-symbol><class-title date-revised="2013-01-01"><title-part><text>by grinding, blending, mixing, kneading, or stirring</text></title-part></class-title>
<classification-item breakdown-code="false" not-allocatable="false" level="9" additional-only="false" sort-key="B22C5/0404" definition-exists="false" ipc-concordant="B22C5/04" c-set-base-allowed="false" c-set-subsequent-allowed="true" date-revised="2013-01-01" status="published"><classification-symbol>B22C5/0404</classification-symbol><class-title date-revised="2013-01-01"><title-part><CPC-specific-text><text>Stirring by using vibrations while grinding</text></CPC-specific-text></title-part></class-title></classification-item>
<classification-item breakdown-code="false" not-allocatable="false" level="9" additional-only="false" sort-key="B22C5/0409" definition-exists="false" ipc-concordant="B22C5/04" c-set-base-allowed="false" c-set-subsequent-allowed="true" date-revised="2013-01-01" status="published"><classification-symbol>B22C5/0409</classification-symbol><class-title date-revised="2013-01-01"><title-part><CPC-specific-text><text>Blending, mixing, kneading or stirring; Methods therefor </text><reference><text><class-ref scheme="cpc">B22C5/0486</class-ref> takes precedence</text></reference></CPC-specific-text></title-part></class-title>
<classification-item breakdown-code="false" not-allocatable="false" level="10" additional-only="false" sort-key="B22C5/0413" definition-exists="false" ipc-concordant="B22C5/04" c-set-base-allowed="false" c-set-subsequent-allowed="true" date-revised="2013-01-01" status="published"><classification-symbol>B22C5/0413</classification-symbol><class-title date-revised="2013-01-01"><title-part><CPC-specific-text><text>Horizontal mixing and conveying units, e.g. the unit being rotatable about a vertical axis, or having a supplementary mixing house with a vertical axis at its end</text></CPC-specific-text></title-part></class-title>
<classification-item breakdown-code="false" not-allocatable="false" level="11" additional-only="false" sort-key="B22C5/0418" definition-exists="false" ipc-concordant="B22C5/04" c-set-base-allowed="false" c-set-subsequent-allowed="true" date-revised="2013-01-01" status="published"><classification-symbol>B22C5/0418</classification-symbol><class-title date-revised="2013-01-01"><title-part><CPC-specific-text><text>Details concerning the method</text></CPC-specific-text></title-part></class-title></classification-item></classification-item>
<classification-item breakdown-code="false" not-allocatable="false" level="10" additional-only="false" sort-key="B22C5/0422" definition-exists="false" ipc-concordant="B22C5/04" c-set-base-allowed="false" c-set-subsequent-allowed="true" date-revised="2013-01-01" status="published"><classification-symbol>B22C5/0422</classification-symbol><class-title date-revised="2013-01-01"><title-part><CPC-specific-text><text>Devices having a fixed receptable with rotating tools, some or all of these tools being rolls or balls loosely mounted on their axis or loose balls in contact with the side wall or the bottom of the receptacle, e.g. with aerating means; &quot;Devices of the Muller type&quot;</text></CPC-specific-text></title-part></class-title>
<classification-item breakdown-code="false" not-allocatable="false" level="11" additional-only="false" sort-key="B22C5/0427" definition-exists="false" ipc-concordant="B22C5/04" c-set-base-allowed="false" c-set-subsequent-allowed="true" date-revised="2013-01-01" status="published"><classification-symbol>B22C5/0427</classification-symbol><class-title date-revised="2013-01-01"><title-part><CPC-specific-text><text>having only one vertical tool-driving shaft</text></CPC-specific-text></title-part></class-title></classification-item>
<classification-item breakdown-code="false" not-allocatable="false" level="11" additional-only="false" sort-key="B22C5/0431" definition-exists="false" ipc-concordant="B22C5/04" c-set-base-allowed="false" c-set-subsequent-allowed="true" date-revised="2013-01-01" status="published"><classification-symbol>B22C5/0431</classification-symbol><class-title date-revised="2013-01-01"><title-part><CPC-specific-text><text>having at least two vertical tool-driving shafts</text></CPC-specific-text></title-part></class-title></classification-item>
<classification-item breakdown-code="false" not-allocatable="false" level="11" additional-only="false" sort-key="B22C5/0436" definition-exists="false" ipc-concordant="B22C5/04" c-set-base-allowed="false" c-set-subsequent-allowed="true" date-revised="2013-01-01" status="published"><classification-symbol>B22C5/0436</classification-symbol><class-title date-revised="2013-01-01"><title-part><CPC-specific-text><text>having a horizontal tool-driving shaft</text></CPC-specific-text></title-part></class-title></classification-item></classification-item>
<classification-item breakdown-code="false" not-allocatable="false" level="10" additional-only="false" sort-key="B22C5/044" definition-exists="false" ipc-concordant="B22C5/04" c-set-base-allowed="false" c-set-subsequent-allowed="true" date-revised="2013-01-01" status="published"><classification-symbol>B22C5/044</classification-symbol><class-title date-revised="2013-01-01"><title-part><CPC-specific-text><text>Devices having a vertical stirrer shaft in a fixed receptacle </text><reference><text><class-ref scheme="cpc">B22C5/0422</class-ref> takes precedence</text></reference></CPC-specific-text></title-part></class-title>
<classification-item breakdown-code="false" not-allocatable="false" level="11" additional-only="false" sort-key="B22C5/0445" definition-exists="false" ipc-concordant="B22C5/04" c-set-base-allowed="false" c-set-subsequent-allowed="true" date-revised="2013-01-01" status="published"><classification-symbol>B22C5/0445</classification-symbol><class-title date-revised="2013-01-01"><title-part><CPC-specific-text><text>the material flowing continuously through the device</text></CPC-specific-text></title-part></class-title></classification-item></classification-item>
<classification-item breakdown-code="false" not-allocatable="false" level="10" additional-only="false" sort-key="B22C5/045" definition-exists="false" ipc-concordant="B22C5/04" c-set-base-allowed="false" c-set-subsequent-allowed="true" date-revised="2013-01-01" status="published"><classification-symbol>B22C5/045</classification-symbol><class-title date-revised="2013-01-01"><title-part><CPC-specific-text><text>Devices having a horizontal stirrer shaft in a fixed receptacle </text><reference><text><class-ref scheme="cpc">B22C5/0422</class-ref> takes precedence</text></reference></CPC-specific-text></title-part></class-title></classification-item>
<classification-item breakdown-code="false" not-allocatable="false" level="10" additional-only="false" sort-key="B22C5/0454" definition-exists="false" ipc-concordant="B22C5/04" c-set-base-allowed="false" c-set-subsequent-allowed="true" date-revised="2013-01-01" status="published"><classification-symbol>B22C5/0454</classification-symbol><class-title date-revised="2013-01-01"><title-part><CPC-specific-text><text>with bottom disc rotating about a vertical axis or with receptacle rotating about a vertical or steeply inclined axis, e.g. with fixed or driven tools, such as rolls</text></CPC-specific-text></title-part></class-title></classification-item>
<classification-item breakdown-code="false" not-allocatable="false" level="10" additional-only="false" sort-key="B22C5/0459" definition-exists="false" ipc-concordant="B22C5/04" c-set-base-allowed="false" c-set-subsequent-allowed="true" date-revised="2013-01-01" status="published"><classification-symbol>B22C5/0459</classification-symbol><class-title date-revised="2013-01-01"><title-part><CPC-specific-text><text>with a receptacle rotating about a horizontal or slightly inclined axis, e.g. with fixed or rotating tools</text></CPC-specific-text></title-part></class-title></classification-item>
<classification-item breakdown-code="false" not-allocatable="false" level="10" additional-only="false" sort-key="B22C5/0463" definition-exists="false" ipc-concordant="B22C5/04" c-set-base-allowed="false" c-set-subsequent-allowed="true" date-revised="2013-01-01" status="published"><classification-symbol>B22C5/0463</classification-symbol><class-title date-revised="2013-01-01"><title-part><CPC-specific-text><text>Plants</text></CPC-specific-text></title-part></class-title>
<classification-item breakdown-code="false" not-allocatable="false" level="11" additional-only="false" sort-key="B22C5/0468" definition-exists="false" ipc-concordant="B22C5/04" c-set-base-allowed="false" c-set-subsequent-allowed="true" date-revised="2013-01-01" status="published"><classification-symbol>B22C5/0468</classification-symbol><class-title date-revised="2013-01-01"><title-part><CPC-specific-text><text>having feeding moulds, e.g. using gas</text></CPC-specific-text></title-part></class-title></classification-item></classification-item>
<classification-item breakdown-code="false" not-allocatable="false" level="10" additional-only="false" sort-key="B22C5/0472" definition-exists="false" ipc-concordant="B22C5/04" c-set-base-allowed="false" c-set-subsequent-allowed="true" date-revised="2013-01-01" status="published"><classification-symbol>B22C5/0472</classification-symbol><class-title date-revised="2013-01-01"><title-part><CPC-specific-text><text>Parts; Accessories; Controlling; Feeding; Discharging; Proportioning</text></CPC-specific-text></title-part></class-title></classification-item>
<classification-item breakdown-code="false" not-allocatable="false" level="10" additional-only="false" sort-key="B22C5/0477" definition-exists="false" ipc-concordant="B22C5/04" c-set-base-allowed="false" c-set-subsequent-allowed="true" date-revised="2013-01-01" status="published"><classification-symbol>B22C5/0477</classification-symbol><class-title date-revised="2013-01-01"><title-part><CPC-specific-text><text>Mixing while transporting the mixture on an endless belt, e.g. with driven stirring elements</text></CPC-specific-text></title-part></class-title></classification-item>
<classification-item breakdown-code="false" not-allocatable="false" level="10" additional-only="false" sort-key="B22C5/0481" definition-exists="false" ipc-concordant="B22C5/04" c-set-base-allowed="false" c-set-subsequent-allowed="true" date-revised="2013-01-01" status="published"><classification-symbol>B22C5/0481</classification-symbol><class-title date-revised="2013-01-01"><title-part><CPC-specific-text><text>using vibrations</text></CPC-specific-text></title-part></class-title></classification-item></classification-item>
<classification-item breakdown-code="false" not-allocatable="false" level="9" additional-only="false" sort-key="B22C5/0486" definition-exists="false" ipc-concordant="B22C5/04" c-set-base-allowed="false" c-set-subsequent-allowed="true" date-revised="2013-01-01" status="published"><classification-symbol>B22C5/0486</classification-symbol><class-title date-revised="2013-01-01"><title-part><CPC-specific-text><text>Movable devices for cutting or mixing material laying on the ground</text></CPC-specific-text></title-part></class-title>
<classification-item breakdown-code="false" not-allocatable="false" level="10" additional-only="false" sort-key="B22C5/049" definition-exists="false" ipc-concordant="B22C5/04" c-set-base-allowed="false" c-set-subsequent-allowed="true" date-revised="2013-01-01" status="published"><classification-symbol>B22C5/049</classification-symbol><class-title date-revised="2013-01-01"><title-part><CPC-specific-text><text>using rotating tools</text></CPC-specific-text></title-part></class-title>
<classification-item breakdown-code="false" not-allocatable="false" level="11" additional-only="false" sort-key="B22C5/0495" definition-exists="false" ipc-concordant="B22C5/04" c-set-base-allowed="false" c-set-subsequent-allowed="true" date-revised="2013-01-01" status="published"><classification-symbol>B22C5/0495</classification-symbol><class-title date-revised="2013-01-01"><title-part><CPC-specific-text><text>combined with another operation, e.g. sieving, or with means for picking up material from the ground</text></CPC-specific-text></title-part></class-title></classification-item></classification-item></classification-item></classification-item>
<classification-item breakdown-code="false" not-allocatable="false" level="8" additional-only="false" sort-key="B22C5/06" definition-exists="false" ipc-concordant="B22C5/06" c-set-base-allowed="false" c-set-subsequent-allowed="true" date-revised="2013-01-01" status="published"><classification-symbol>B22C5/06</classification-symbol><class-title date-revised="2013-01-01"><title-part><text>by sieving or magnetic separating</text></title-part></class-title></classification-item>
<classification-item breakdown-code="false" not-allocatable="false" level="8" additional-only="false" sort-key="B22C5/08" definition-exists="false" ipc-concordant="B22C5/08" c-set-base-allowed="false" c-set-subsequent-allowed="true" date-revised="2013-01-01" status="published"><classification-symbol>B22C5/08</classification-symbol><class-title date-revised="2013-01-01"><title-part><text>by sprinkling, cooling, or drying</text></title-part></class-title>
<classification-item breakdown-code="false" not-allocatable="false" level="9" additional-only="false" sort-key="B22C5/085" definition-exists="false" ipc-concordant="B22C5/08" c-set-base-allowed="false" c-set-subsequent-allowed="true" date-revised="2013-01-01" status="published"><classification-symbol>B22C5/085</classification-symbol><class-title date-revised="2013-01-01"><title-part><CPC-specific-text><text>Cooling or drying the sand together with the castings</text></CPC-specific-text></title-part></class-title></classification-item></classification-item>
<classification-item breakdown-code="false" not-allocatable="false" level="8" additional-only="false" sort-key="B22C5/10" definition-exists="false" ipc-concordant="B22C5/10" c-set-base-allowed="false" c-set-subsequent-allowed="true" date-revised="2013-01-01" status="published"><classification-symbol>B22C5/10</classification-symbol><class-title date-revised="2013-01-01"><title-part><text>by dust separating</text></title-part></class-title></classification-item>
<classification-item breakdown-code="false" not-allocatable="false" level="8" additional-only="false" sort-key="B22C5/12" definition-exists="false" ipc-concordant="B22C5/12" c-set-base-allowed="false" c-set-subsequent-allowed="true" date-revised="2016-05-01" status="published"><classification-symbol>B22C5/12</classification-symbol><class-title date-revised="2016-05-01"><title-part><text>for filling flasks </text><reference><text>in combination with compacting <class-ref scheme="cpc">B22C15/20</class-ref>&#160;-&#160;<class-ref scheme="cpc">B22C15/28</class-ref></text></reference></title-part></class-title></classification-item>
<classification-item breakdown-code="false" not-allocatable="false" level="8" additional-only="false" sort-key="B22C5/14" definition-exists="false" ipc-concordant="B22C5/14" c-set-base-allowed="false" c-set-subsequent-allowed="true" date-revised="2013-01-01" status="published"><classification-symbol>B22C5/14</classification-symbol><class-title date-revised="2013-01-01"><title-part><text>Equipment for storing or handling the dressed mould material, forming part of a plant for preparing such material</text></title-part></class-title>
<classification-item breakdown-code="false" not-allocatable="false" level="9" additional-only="false" sort-key="B22C5/16" definition-exists="false" ipc-concordant="B22C5/16" c-set-base-allowed="false" c-set-subsequent-allowed="true" date-revised="2016-05-01" status="published"><classification-symbol>B22C5/16</classification-symbol><class-title date-revised="2016-05-01"><title-part><text>with conveyors or other equipment for feeding the material</text></title-part></class-title></classification-item></classification-item>
<classification-item breakdown-code="false" not-allocatable="false" level="8" additional-only="false" sort-key="B22C5/18" definition-exists="false" ipc-concordant="B22C5/18" c-set-base-allowed="false" c-set-subsequent-allowed="true" date-revised="2013-01-01" status="published"><classification-symbol>B22C5/18</classification-symbol><class-title date-revised="2013-01-01"><title-part><text>Plants for preparing mould materials</text></title-part></class-title>
<classification-item breakdown-code="false" not-allocatable="false" level="9" additional-only="false" sort-key="B22C5/185" definition-exists="false" ipc-concordant="B22C5/18" c-set-base-allowed="false" c-set-subsequent-allowed="true" date-revised="2013-01-01" status="published"><classification-symbol>B22C5/185</classification-symbol><class-title date-revised="2013-01-01"><title-part><CPC-specific-text><text>comprising a wet reclamation step</text></CPC-specific-text></title-part></class-title></classification-item></classification-item></classification-item>
<classification-item breakdown-code="false" not-allocatable="false" level="7" additional-only="false" sort-key="B22C7/00" definition-exists="true" ipc-concordant="B22C7/00" c-set-base-allowed="false" c-set-subsequent-allowed="true" date-revised="2013-01-01" status="published"><classification-symbol>B22C7/00</classification-symbol><class-title date-revised="2013-01-01"><title-part><text>Patterns</text></title-part><title-part><text>Manufacture thereof so far as not provided for in other classes</text></title-part></class-title>
<classification-item breakdown-code="false" not-allocatable="false" level="8" additional-only="false" sort-key="B22C7/005" definition-exists="false" ipc-concordant="B22C7/00" c-set-base-allowed="false" c-set-subsequent-allowed="true" date-revised="2013-01-01" status="published"><classification-symbol>B22C7/005</classification-symbol><class-title date-revised="2013-01-01"><title-part><CPC-specific-text><text>Adjustable, sectional, expandable or flexible patterns</text></CPC-specific-text></title-part></class-title></classification-item>
<classification-item breakdown-code="false" not-allocatable="false" level="8" additional-only="false" sort-key="B22C7/02" definition-exists="false" ipc-concordant="B22C7/02" c-set-base-allowed="false" c-set-subsequent-allowed="true" date-revised="2013-01-01" status="published"><classification-symbol>B22C7/02</classification-symbol><class-title date-revised="2013-01-01"><title-part><text>Lost patterns</text></title-part></class-title>
<classification-item breakdown-code="false" not-allocatable="false" level="9" additional-only="false" sort-key="B22C7/023" definition-exists="false" ipc-concordant="B22C7/02" c-set-base-allowed="false" c-set-subsequent-allowed="true" date-revised="2013-01-01" status="published"><classification-symbol>B22C7/023</classification-symbol><class-title date-revised="2013-01-01"><title-part><CPC-specific-text><text>Patterns made from expanded plastic materials</text></CPC-specific-text></title-part></class-title>
<classification-item breakdown-code="false" not-allocatable="false" level="10" additional-only="false" sort-key="B22C7/026" definition-exists="false" ipc-concordant="B22C7/02" c-set-base-allowed="false" c-set-subsequent-allowed="true" date-revised="2013-01-01" status="published"><classification-symbol>B22C7/026</classification-symbol><class-title date-revised="2013-01-01"><title-part><CPC-specific-text><text>by assembling preformed parts </text><reference><text>joining of plastics, in general <class-ref scheme="cpc">B29C65/00</class-ref></text></reference></CPC-specific-text></title-part></class-title></classification-item></classification-item></classification-item>
<classification-item breakdown-code="false" not-allocatable="false" level="8" additional-only="false" sort-key="B22C7/04" definition-exists="false" ipc-concordant="B22C7/04" c-set-base-allowed="false" c-set-subsequent-allowed="true" date-revised="2013-01-01" status="published"><classification-symbol>B22C7/04</classification-symbol><class-title date-revised="2013-01-01"><title-part><text>Pattern plates</text></title-part></class-title></classification-item>
<classification-item breakdown-code="false" not-allocatable="false" level="8" additional-only="false" sort-key="B22C7/06" definition-exists="false" ipc-concordant="B22C7/06" c-set-base-allowed="false" c-set-subsequent-allowed="true" date-revised="2013-01-01" status="published"><classification-symbol>B22C7/06</classification-symbol><class-title date-revised="2013-01-01"><title-part><text>Core boxes</text></title-part></class-title>
<classification-item breakdown-code="false" not-allocatable="false" level="9" additional-only="false" sort-key="B22C7/062" definition-exists="false" ipc-concordant="B22C7/06" c-set-base-allowed="false" c-set-subsequent-allowed="true" date-revised="2013-01-01" status="published"><classification-symbol>B22C7/062</classification-symbol><class-title date-revised="2013-01-01"><title-part><CPC-specific-text><text>Sealing means</text></CPC-specific-text></title-part></class-title></classification-item>
<classification-item breakdown-code="false" not-allocatable="false" level="9" additional-only="false" sort-key="B22C7/065" definition-exists="false" ipc-concordant="B22C7/06" c-set-base-allowed="false" c-set-subsequent-allowed="true" date-revised="2013-01-01" status="published"><classification-symbol>B22C7/065</classification-symbol><class-title date-revised="2013-01-01"><title-part><CPC-specific-text><text>Venting means</text></CPC-specific-text></title-part></class-title></classification-item>
<classification-item breakdown-code="false" not-allocatable="false" level="9" additional-only="false" sort-key="B22C7/067" definition-exists="false" ipc-concordant="B22C7/06" c-set-base-allowed="false" c-set-subsequent-allowed="true" date-revised="2013-01-01" status="published"><classification-symbol>B22C7/067</classification-symbol><class-title date-revised="2013-01-01"><title-part><CPC-specific-text><text>Ejector elements</text></CPC-specific-text></title-part></class-title></classification-item></classification-item></classification-item>
<classification-item breakdown-code="false" not-allocatable="false" level="7" additional-only="false" sort-key="B22C9/00" definition-exists="true" ipc-concordant="B22C9/00" c-set-base-allowed="false" c-set-subsequent-allowed="true" date-revised="2013-01-01" status="published"><classification-symbol>B22C9/00</classification-symbol><class-title date-revised="2013-01-01"><title-part><text>Moulds or cores </text><reference><text>uniquely adapted to particular casting processes <class-ref scheme="cpc">B22D</class-ref></text></reference></title-part><title-part><text>Moulding processes </text><reference><text>processes involving the use of particular moulding machines, <u>see</u> the relevant groups for these machines</text></reference></title-part></class-title>
<classification-item breakdown-code="false" not-allocatable="false" level="8" additional-only="false" sort-key="B22C9/02" definition-exists="false" ipc-concordant="B22C9/02" c-set-base-allowed="false" c-set-subsequent-allowed="true" date-revised="2013-01-01" status="published"><classification-symbol>B22C9/02</classification-symbol><class-title date-revised="2013-01-01"><title-part><text>Sand moulds or like moulds for shaped castings</text></title-part></class-title>
<classification-item breakdown-code="false" not-allocatable="false" level="9" additional-only="false" sort-key="B22C9/03" definition-exists="false" ipc-concordant="B22C9/03" c-set-base-allowed="false" c-set-subsequent-allowed="true" date-revised="2013-01-01" status="published"><classification-symbol>B22C9/03</classification-symbol><class-title date-revised="2013-01-01"><title-part><text>formed by vacuum-sealed moulding</text></title-part></class-title></classification-item>
<classification-item breakdown-code="false" not-allocatable="false" level="9" additional-only="false" sort-key="B22C9/04" definition-exists="false" ipc-concordant="B22C9/04" c-set-base-allowed="false" c-set-subsequent-allowed="true" date-revised="2013-01-01" status="published"><classification-symbol>B22C9/04</classification-symbol><class-title date-revised="2013-01-01"><title-part><text>Use of lost patterns</text></title-part></class-title>
<classification-item breakdown-code="false" not-allocatable="false" level="10" additional-only="false" sort-key="B22C9/043" definition-exists="false" ipc-concordant="B22C9/04" c-set-base-allowed="false" c-set-subsequent-allowed="true" date-revised="2013-01-01" status="published"><classification-symbol>B22C9/043</classification-symbol><class-title date-revised="2013-01-01"><title-part><CPC-specific-text><text>Removing the consumable pattern</text></CPC-specific-text></title-part></class-title></classification-item>
<classification-item breakdown-code="false" not-allocatable="false" level="10" additional-only="false" sort-key="B22C9/046" definition-exists="false" ipc-concordant="B22C9/04" c-set-base-allowed="false" c-set-subsequent-allowed="true" date-revised="2013-01-01" status="published"><classification-symbol>B22C9/046</classification-symbol><class-title date-revised="2013-01-01"><title-part><CPC-specific-text><text>Use of patterns which are eliminated by the liquid metal in the mould</text></CPC-specific-text></title-part></class-title></classification-item></classification-item></classification-item>
<classification-item breakdown-code="false" not-allocatable="false" level="8" additional-only="false" sort-key="B22C9/06" definition-exists="false" ipc-concordant="B22C9/06" c-set-base-allowed="false" c-set-subsequent-allowed="true" date-revised="2013-01-01" status="published"><classification-symbol>B22C9/06</classification-symbol><class-title date-revised="2013-01-01"><title-part><text>Permanent moulds for shaped castings </text><reference><text>moulds for ingots <class-ref scheme="cpc">B22D7/06</class-ref></text></reference></title-part></class-title>
<classification-item breakdown-code="false" not-allocatable="false" level="9" additional-only="false" sort-key="B22C9/061" definition-exists="false" ipc-concordant="B22C9/06" c-set-base-allowed="false" c-set-subsequent-allowed="true" date-revised="2013-01-01" status="published"><classification-symbol>B22C9/061</classification-symbol><class-title date-revised="2013-01-01"><title-part><CPC-specific-text><text>Materials which make up the mould</text></CPC-specific-text></title-part></class-title></classification-item>
<classification-item breakdown-code="false" not-allocatable="false" level="9" additional-only="false" sort-key="B22C9/062" definition-exists="false" ipc-concordant="B22C9/06" c-set-base-allowed="false" c-set-subsequent-allowed="true" date-revised="2013-01-01" status="published"><classification-symbol>B22C9/062</classification-symbol><class-title date-revised="2013-01-01"><title-part><CPC-specific-text><text>Mechanisms for locking or opening moulds</text></CPC-specific-text></title-part></class-title></classification-item>
<classification-item breakdown-code="false" not-allocatable="false" level="9" additional-only="false" sort-key="B22C9/064" definition-exists="false" ipc-concordant="B22C9/06" c-set-base-allowed="false" c-set-subsequent-allowed="true" date-revised="2013-01-01" status="published"><classification-symbol>B22C9/064</classification-symbol><class-title date-revised="2013-01-01"><title-part><CPC-specific-text><text>Locating means for cores</text></CPC-specific-text></title-part></class-title></classification-item>
<classification-item breakdown-code="false" not-allocatable="false" level="9" additional-only="false" sort-key="B22C9/065" definition-exists="false" ipc-concordant="B22C9/06" c-set-base-allowed="false" c-set-subsequent-allowed="true" date-revised="2013-01-01" status="published"><classification-symbol>B22C9/065</classification-symbol><class-title date-revised="2013-01-01"><title-part><CPC-specific-text><text>Cooling or heating equipment for moulds</text></CPC-specific-text></title-part></class-title></classification-item>
<classification-item breakdown-code="false" not-allocatable="false" level="9" additional-only="false" sort-key="B22C9/067" definition-exists="false" ipc-concordant="B22C9/06" c-set-base-allowed="false" c-set-subsequent-allowed="true" date-revised="2013-01-01" status="published"><classification-symbol>B22C9/067</classification-symbol><class-title date-revised="2013-01-01"><title-part><CPC-specific-text><text>Venting means for moulds</text></CPC-specific-text></title-part></class-title></classification-item>
<classification-item breakdown-code="false" not-allocatable="false" level="9" additional-only="false" sort-key="B22C9/068" definition-exists="false" ipc-concordant="B22C9/06" c-set-base-allowed="false" c-set-subsequent-allowed="true" date-revised="2013-01-01" status="published"><classification-symbol>B22C9/068</classification-symbol><class-title date-revised="2013-01-01"><title-part><CPC-specific-text><text>Semi-permanent moulds</text></CPC-specific-text></title-part></class-title></classification-item></classification-item>
<classification-item breakdown-code="false" not-allocatable="false" level="8" additional-only="false" sort-key="B22C9/08" definition-exists="false" ipc-concordant="B22C9/08" c-set-base-allowed="false" c-set-subsequent-allowed="true" date-revised="2013-01-01" status="published"><classification-symbol>B22C9/08</classification-symbol><class-title date-revised="2013-01-01"><title-part><text>Features with respect to supply of molten metal, e.g. ingates, circular gates, skim gates</text></title-part></class-title>
<classification-item breakdown-code="false" not-allocatable="false" level="9" additional-only="false" sort-key="B22C9/082" definition-exists="false" ipc-concordant="B22C9/08" c-set-base-allowed="false" c-set-subsequent-allowed="true" date-revised="2013-01-01" status="published"><classification-symbol>B22C9/082</classification-symbol><class-title date-revised="2013-01-01"><title-part><CPC-specific-text><text>Sprues, pouring cups</text></CPC-specific-text></title-part></class-title></classification-item>
<classification-item breakdown-code="false" not-allocatable="false" level="9" additional-only="false" sort-key="B22C9/084" definition-exists="false" ipc-concordant="B22C9/08" c-set-base-allowed="false" c-set-subsequent-allowed="true" date-revised="2013-01-01" status="published"><classification-symbol>B22C9/084</classification-symbol><class-title date-revised="2013-01-01"><title-part><CPC-specific-text><text>Breaker cores</text></CPC-specific-text></title-part></class-title></classification-item>
<classification-item breakdown-code="false" not-allocatable="false" level="9" additional-only="false" sort-key="B22C9/086" definition-exists="false" ipc-concordant="B22C9/08" c-set-base-allowed="false" c-set-subsequent-allowed="true" date-revised="2013-01-01" status="published"><classification-symbol>B22C9/086</classification-symbol><class-title date-revised="2013-01-01"><title-part><CPC-specific-text><text>Filters</text></CPC-specific-text></title-part></class-title></classification-item>
<classification-item breakdown-code="false" not-allocatable="false" level="9" additional-only="false" sort-key="B22C9/088" definition-exists="false" ipc-concordant="B22C9/08" c-set-base-allowed="false" c-set-subsequent-allowed="true" date-revised="2013-01-01" status="published"><classification-symbol>B22C9/088</classification-symbol><class-title date-revised="2013-01-01"><title-part><CPC-specific-text><text>Feeder heads</text></CPC-specific-text></title-part></class-title></classification-item></classification-item>
<classification-item breakdown-code="false" not-allocatable="false" level="8" additional-only="false" sort-key="B22C9/10" definition-exists="false" ipc-concordant="B22C9/10" c-set-base-allowed="false" c-set-subsequent-allowed="true" date-revised="2013-01-01" status="published"><classification-symbol>B22C9/10</classification-symbol><class-title date-revised="2013-01-01"><title-part><text>Cores</text></title-part><title-part><text>Manufacture or installation of cores </text><CPC-specific-text><reference><text>breaker cores <class-ref scheme="cpc">B22C9/084</class-ref></text></reference></CPC-specific-text></title-part></class-title>
<classification-item breakdown-code="false" not-allocatable="false" level="9" additional-only="false" sort-key="B22C9/101" definition-exists="false" ipc-concordant="B22C9/10" c-set-base-allowed="false" c-set-subsequent-allowed="true" date-revised="2013-01-01" status="published"><classification-symbol>B22C9/101</classification-symbol><class-title date-revised="2013-01-01"><title-part><CPC-specific-text><text>Permanent cores</text></CPC-specific-text></title-part></class-title></classification-item>
<classification-item breakdown-code="false" not-allocatable="false" level="9" additional-only="false" sort-key="B22C9/103" definition-exists="false" ipc-concordant="B22C9/10" c-set-base-allowed="false" c-set-subsequent-allowed="true" date-revised="2013-01-01" status="published"><classification-symbol>B22C9/103</classification-symbol><class-title date-revised="2013-01-01"><title-part><CPC-specific-text><text>Multipart cores</text></CPC-specific-text></title-part></class-title></classification-item>
<classification-item breakdown-code="false" not-allocatable="false" level="9" additional-only="false" sort-key="B22C9/105" definition-exists="false" ipc-concordant="B22C9/10" c-set-base-allowed="false" c-set-subsequent-allowed="true" date-revised="2013-01-01" status="published"><classification-symbol>B22C9/105</classification-symbol><class-title date-revised="2013-01-01"><title-part><CPC-specific-text><text>Salt cores</text></CPC-specific-text></title-part></class-title></classification-item>
<classification-item breakdown-code="false" not-allocatable="false" level="9" additional-only="false" sort-key="B22C9/106" definition-exists="false" ipc-concordant="B22C9/10" c-set-base-allowed="false" c-set-subsequent-allowed="true" date-revised="2013-01-01" status="published"><classification-symbol>B22C9/106</classification-symbol><class-title date-revised="2013-01-01"><title-part><CPC-specific-text><text>Vented or reinforced cores</text></CPC-specific-text></title-part></class-title></classification-item>
<classification-item breakdown-code="false" not-allocatable="false" level="9" additional-only="false" sort-key="B22C9/108" definition-exists="false" ipc-concordant="B22C9/10" c-set-base-allowed="false" c-set-subsequent-allowed="true" date-revised="2013-01-01" status="published"><classification-symbol>B22C9/108</classification-symbol><class-title date-revised="2013-01-01"><title-part><CPC-specific-text><text>Installation of cores</text></CPC-specific-text></title-part></class-title></classification-item></classification-item>
<classification-item breakdown-code="false" not-allocatable="false" level="8" additional-only="false" sort-key="B22C9/12" definition-exists="false" ipc-concordant="B22C9/12" c-set-base-allowed="false" c-set-subsequent-allowed="true" date-revised="2013-01-01" status="published"><classification-symbol>B22C9/12</classification-symbol><class-title date-revised="2013-01-01"><title-part><text>Treating moulds or cores, e.g. drying, hardening</text></title-part></class-title>
<classification-item breakdown-code="false" not-allocatable="false" level="9" additional-only="false" sort-key="B22C9/123" definition-exists="false" ipc-concordant="B22C9/12" c-set-base-allowed="false" c-set-subsequent-allowed="true" date-revised="2013-01-01" status="published"><classification-symbol>B22C9/123</classification-symbol><class-title date-revised="2013-01-01"><title-part><CPC-specific-text><text>Gas-hardening</text></CPC-specific-text></title-part></class-title></classification-item>
<classification-item breakdown-code="false" not-allocatable="false" level="9" additional-only="false" sort-key="B22C9/126" definition-exists="false" ipc-concordant="B22C9/12" c-set-base-allowed="false" c-set-subsequent-allowed="true" date-revised="2013-01-01" status="published"><classification-symbol>B22C9/126</classification-symbol><class-title date-revised="2013-01-01"><title-part><CPC-specific-text><text>Hardening by freezing</text></CPC-specific-text></title-part></class-title></classification-item></classification-item>
<classification-item breakdown-code="false" not-allocatable="false" level="8" additional-only="false" sort-key="B22C9/18" definition-exists="false" ipc-concordant="B22C9/18" c-set-base-allowed="false" c-set-subsequent-allowed="true" date-revised="2013-01-01" status="published"><classification-symbol>B22C9/18</classification-symbol><class-title date-revised="2013-01-01"><title-part><text>Finishing</text></title-part></class-title></classification-item>
<classification-item breakdown-code="false" not-allocatable="false" level="8" additional-only="false" sort-key="B22C9/20" definition-exists="false" ipc-concordant="B22C9/20" c-set-base-allowed="false" c-set-subsequent-allowed="true" date-revised="2013-01-01" status="published"><classification-symbol>B22C9/20</classification-symbol><class-title date-revised="2013-01-01"><title-part><text>Stack moulds, i.e. arrangement of multiple moulds or flasks</text></title-part></class-title></classification-item>
<classification-item breakdown-code="false" not-allocatable="false" level="8" additional-only="false" sort-key="B22C9/22" definition-exists="false" ipc-concordant="B22C9/22" c-set-base-allowed="false" c-set-subsequent-allowed="true" date-revised="2013-01-01" status="published"><classification-symbol>B22C9/22</classification-symbol><class-title date-revised="2013-01-01"><title-part><text>Moulds for peculiarly-shaped castings</text></title-part></class-title>
<classification-item breakdown-code="false" not-allocatable="false" level="9" additional-only="false" sort-key="B22C9/24" definition-exists="false" ipc-concordant="B22C9/24" c-set-base-allowed="false" c-set-subsequent-allowed="true" date-revised="2013-01-01" status="published"><classification-symbol>B22C9/24</classification-symbol><class-title date-revised="2013-01-01"><title-part><text>for hollow articles</text></title-part></class-title>
<classification-item breakdown-code="false" not-allocatable="false" level="10" additional-only="false" sort-key="B22C9/26" definition-exists="false" ipc-concordant="B22C9/26" c-set-base-allowed="false" c-set-subsequent-allowed="true" date-revised="2013-01-01" status="published"><classification-symbol>B22C9/26</classification-symbol><class-title date-revised="2013-01-01"><title-part><text>for ribbed tubes</text></title-part><title-part><text>for radiators</text></title-part></class-title></classification-item></classification-item>
<classification-item breakdown-code="false" not-allocatable="false" level="9" additional-only="false" sort-key="B22C9/28" definition-exists="false" ipc-concordant="B22C9/28" c-set-base-allowed="false" c-set-subsequent-allowed="true" date-revised="2013-01-01" status="published"><classification-symbol>B22C9/28</classification-symbol><class-title date-revised="2013-01-01"><title-part><text>for wheels, rolls, or rollers </text><CPC-specific-text><reference><text><class-ref scheme="cpc">B22D15/005</class-ref> takes precedence</text></reference></CPC-specific-text></title-part></class-title></classification-item>
<classification-item breakdown-code="false" not-allocatable="false" level="9" additional-only="false" sort-key="B22C9/30" definition-exists="false" ipc-concordant="B22C9/30" c-set-base-allowed="false" c-set-subsequent-allowed="true" date-revised="2013-01-01" status="published"><classification-symbol>B22C9/30</classification-symbol><class-title date-revised="2013-01-01"><title-part><text>for chains</text></title-part></class-title></classification-item></classification-item></classification-item></classification-item>
<classification-item breakdown-code="false" not-allocatable="true" level="6" additional-only="false" sort-key="B22C11/00" date-revised="2013-01-01" status="published"><classification-symbol>B22C11/00</classification-symbol><class-title date-revised="2013-01-01"><title-part><text>Moulding machines for making moulds or cores</text></title-part></class-title>
<classification-item breakdown-code="false" not-allocatable="false" level="7" additional-only="false" sort-key="B22C11/00" definition-exists="true" ipc-concordant="B22C11/00" c-set-base-allowed="false" c-set-subsequent-allowed="true" date-revised="2013-01-01" status="published"><classification-symbol>B22C11/00</classification-symbol><class-title date-revised="2013-01-01"><title-part><text>Moulding machines characterised by the relative arrangement of the parts of same</text></title-part></class-title>
<classification-item breakdown-code="false" not-allocatable="false" level="8" additional-only="false" sort-key="B22C11/02" definition-exists="false" ipc-concordant="B22C11/02" c-set-base-allowed="false" c-set-subsequent-allowed="true" date-revised="2013-01-01" status="published"><classification-symbol>B22C11/02</classification-symbol><class-title date-revised="2013-01-01"><title-part><text>Machines in which the moulds are moved during a cycle of successive operations</text></title-part></class-title>
<classification-item breakdown-code="false" not-allocatable="false" level="9" additional-only="false" sort-key="B22C11/04" definition-exists="false" ipc-concordant="B22C11/04" c-set-base-allowed="false" c-set-subsequent-allowed="true" date-revised="2013-01-01" status="published"><classification-symbol>B22C11/04</classification-symbol><class-title date-revised="2013-01-01"><title-part><text>by a horizontal rotary table or carrier</text></title-part></class-title></classification-item>
<classification-item breakdown-code="false" not-allocatable="false" level="9" additional-only="false" sort-key="B22C11/06" definition-exists="false" ipc-concordant="B22C11/06" c-set-base-allowed="false" c-set-subsequent-allowed="true" date-revised="2013-01-01" status="published"><classification-symbol>B22C11/06</classification-symbol><class-title date-revised="2013-01-01"><title-part><text>by a vertical rotary carrier</text></title-part></class-title></classification-item>
<classification-item breakdown-code="false" not-allocatable="false" level="9" additional-only="false" sort-key="B22C11/08" definition-exists="false" ipc-concordant="B22C11/08" c-set-base-allowed="false" c-set-subsequent-allowed="true" date-revised="2013-01-01" status="published"><classification-symbol>B22C11/08</classification-symbol><class-title date-revised="2013-01-01"><title-part><text>by non-rotary conveying means, e.g. by travelling platforms</text></title-part></class-title></classification-item></classification-item>
<classification-item breakdown-code="false" not-allocatable="false" level="8" additional-only="false" sort-key="B22C11/10" definition-exists="false" ipc-concordant="B22C11/10" c-set-base-allowed="false" c-set-subsequent-allowed="true" date-revised="2013-01-01" status="published"><classification-symbol>B22C11/10</classification-symbol><class-title date-revised="2013-01-01"><title-part><text>with one or more flasks forming part of the machine, from which only the sand moulds made by compacting are removed</text></title-part></class-title></classification-item>
<classification-item breakdown-code="false" not-allocatable="false" level="8" additional-only="false" sort-key="B22C11/12" definition-exists="false" ipc-concordant="B22C11/12" c-set-base-allowed="false" c-set-subsequent-allowed="true" date-revised="2013-01-01" status="published"><classification-symbol>B22C11/12</classification-symbol><class-title date-revised="2013-01-01"><title-part><text>Moulding machines able to travel</text></title-part></class-title></classification-item></classification-item>
<classification-item breakdown-code="false" not-allocatable="false" level="7" additional-only="false" sort-key="B22C13/00" definition-exists="true" ipc-concordant="B22C13/00" c-set-base-allowed="false" c-set-subsequent-allowed="true" date-revised="2013-01-01" status="published"><classification-symbol>B22C13/00</classification-symbol><class-title date-revised="2013-01-01"><title-part><text>Moulding machines for making moulds or cores of particular shapes</text></title-part></class-title>
<classification-item breakdown-code="false" not-allocatable="false" level="8" additional-only="false" sort-key="B22C13/02" definition-exists="false" ipc-concordant="B22C13/02" c-set-base-allowed="false" c-set-subsequent-allowed="true" date-revised="2013-01-01" status="published"><classification-symbol>B22C13/02</classification-symbol><class-title date-revised="2013-01-01"><title-part><text>equipped with templates, e.g. for sweeping operation</text></title-part></class-title>
<classification-item breakdown-code="false" not-allocatable="false" level="9" additional-only="false" sort-key="B22C13/04" definition-exists="false" ipc-concordant="B22C13/04" c-set-base-allowed="false" c-set-subsequent-allowed="true" date-revised="2013-01-01" status="published"><classification-symbol>B22C13/04</classification-symbol><class-title date-revised="2013-01-01"><title-part><text>with rotary templates, e.g. arranged on a pillar</text></title-part></class-title></classification-item>
<classification-item breakdown-code="false" not-allocatable="false" level="9" additional-only="false" sort-key="B22C13/06" definition-exists="false" ipc-concordant="B22C13/06" c-set-base-allowed="false" c-set-subsequent-allowed="true" date-revised="2013-01-01" status="published"><classification-symbol>B22C13/06</classification-symbol><class-title date-revised="2013-01-01"><title-part><text>with non-rotary template and rotary flask</text></title-part></class-title></classification-item></classification-item>
<classification-item breakdown-code="false" not-allocatable="false" level="8" additional-only="false" sort-key="B22C13/08" definition-exists="false" ipc-concordant="B22C13/08" c-set-base-allowed="false" c-set-subsequent-allowed="true" date-revised="2013-01-01" status="published"><classification-symbol>B22C13/08</classification-symbol><class-title date-revised="2013-01-01"><title-part><text>for shell moulds or shell cores</text></title-part></class-title>
<classification-item breakdown-code="false" not-allocatable="false" level="9" additional-only="false" sort-key="B22C13/085" definition-exists="false" ipc-concordant="B22C13/08" c-set-base-allowed="false" c-set-subsequent-allowed="true" date-revised="2013-01-01" status="published"><classification-symbol>B22C13/085</classification-symbol><class-title date-revised="2013-01-01"><title-part><CPC-specific-text><text>by investing a lost pattern</text></CPC-specific-text></title-part></class-title></classification-item></classification-item>
<classification-item breakdown-code="false" not-allocatable="false" level="8" additional-only="false" sort-key="B22C13/10" definition-exists="false" ipc-concordant="B22C13/10" c-set-base-allowed="false" c-set-subsequent-allowed="true" date-revised="2013-01-01" status="published"><classification-symbol>B22C13/10</classification-symbol><class-title date-revised="2013-01-01"><title-part><text>for pipes or elongated hollow articles</text></title-part></class-title></classification-item>
<classification-item breakdown-code="false" not-allocatable="false" level="8" additional-only="false" sort-key="B22C13/12" definition-exists="false" ipc-concordant="B22C13/12" c-set-base-allowed="false" c-set-subsequent-allowed="true" date-revised="2013-01-01" status="published"><classification-symbol>B22C13/12</classification-symbol><class-title date-revised="2013-01-01"><title-part><text>for cores</text></title-part></class-title>
<classification-item breakdown-code="false" not-allocatable="false" level="9" additional-only="false" sort-key="B22C13/14" definition-exists="false" ipc-concordant="B22C13/14" c-set-base-allowed="false" c-set-subsequent-allowed="true" date-revised="2013-01-01" status="published"><classification-symbol>B22C13/14</classification-symbol><class-title date-revised="2013-01-01"><title-part><text>by sweeping, turning, or coating</text></title-part></class-title></classification-item>
<classification-item breakdown-code="false" not-allocatable="false" level="9" additional-only="false" sort-key="B22C13/16" definition-exists="false" ipc-concordant="B22C13/16" c-set-base-allowed="false" c-set-subsequent-allowed="true" date-revised="2013-01-01" status="published"><classification-symbol>B22C13/16</classification-symbol><class-title date-revised="2013-01-01"><title-part><text>by pressing through a die</text></title-part></class-title></classification-item></classification-item></classification-item>
<classification-item breakdown-code="false" not-allocatable="false" level="7" additional-only="false" sort-key="B22C15/00" definition-exists="true" ipc-concordant="B22C15/00" c-set-base-allowed="false" c-set-subsequent-allowed="true" date-revised="2013-01-01" status="published"><classification-symbol>B22C15/00</classification-symbol><class-title date-revised="2013-01-01"><title-part><text>Moulding machines characterised by the compacting mechanism</text></title-part><title-part><text>Accessories therefor</text></title-part></class-title>
<classification-item breakdown-code="false" not-allocatable="false" level="8" additional-only="false" sort-key="B22C15/02" definition-exists="false" ipc-concordant="B22C15/02" c-set-base-allowed="false" c-set-subsequent-allowed="true" date-revised="2013-01-01" status="published"><classification-symbol>B22C15/02</classification-symbol><class-title date-revised="2013-01-01"><title-part><text>Compacting by pressing devices only</text></title-part></class-title>
<classification-item breakdown-code="false" not-allocatable="false" level="9" additional-only="false" sort-key="B22C15/04" definition-exists="false" ipc-concordant="B22C15/04" c-set-base-allowed="false" c-set-subsequent-allowed="true" date-revised="2013-01-01" status="published"><classification-symbol>B22C15/04</classification-symbol><class-title date-revised="2013-01-01"><title-part><text>involving muscle power, e.g. hand-operated levers</text></title-part></class-title></classification-item>
<classification-item breakdown-code="false" not-allocatable="false" level="9" additional-only="false" sort-key="B22C15/06" definition-exists="false" ipc-concordant="B22C15/06" c-set-base-allowed="false" c-set-subsequent-allowed="true" date-revised="2013-01-01" status="published"><classification-symbol>B22C15/06</classification-symbol><class-title date-revised="2013-01-01"><title-part><text>involving mechanical gearings, e.g. crank gears </text><reference><text><class-ref scheme="cpc">B22C15/04</class-ref> takes precedence</text></reference></title-part></class-title></classification-item>
<classification-item breakdown-code="false" not-allocatable="false" level="9" additional-only="false" sort-key="B22C15/08" definition-exists="false" ipc-concordant="B22C15/08" c-set-base-allowed="false" c-set-subsequent-allowed="true" date-revised="2013-01-01" status="published"><classification-symbol>B22C15/08</classification-symbol><class-title date-revised="2013-01-01"><title-part><text>involving pneumatic or hydraulic mechanisms</text></title-part></class-title></classification-item></classification-item>
<classification-item breakdown-code="false" not-allocatable="false" level="8" additional-only="false" sort-key="B22C15/10" definition-exists="false" ipc-concordant="B22C15/10" c-set-base-allowed="false" c-set-subsequent-allowed="true" date-revised="2013-01-01" status="published"><classification-symbol>B22C15/10</classification-symbol><class-title date-revised="2013-01-01"><title-part><text>Compacting by jarring devices only</text></title-part></class-title>
<classification-item breakdown-code="false" not-allocatable="false" level="9" additional-only="false" sort-key="B22C15/12" definition-exists="false" ipc-concordant="B22C15/12" c-set-base-allowed="false" c-set-subsequent-allowed="true" date-revised="2013-01-01" status="published"><classification-symbol>B22C15/12</classification-symbol><class-title date-revised="2013-01-01"><title-part><text>involving mechanical gearings</text></title-part></class-title></classification-item>
<classification-item breakdown-code="false" not-allocatable="false" level="9" additional-only="false" sort-key="B22C15/14" definition-exists="false" ipc-concordant="B22C15/14" c-set-base-allowed="false" c-set-subsequent-allowed="true" date-revised="2013-01-01" status="published"><classification-symbol>B22C15/14</classification-symbol><class-title date-revised="2013-01-01"><title-part><text>involving pneumatic or hydraulic mechanisms</text></title-part></class-title>
<classification-item breakdown-code="false" not-allocatable="false" level="10" additional-only="false" sort-key="B22C15/16" definition-exists="false" ipc-concordant="B22C15/16" c-set-base-allowed="false" c-set-subsequent-allowed="true" date-revised="2013-01-01" status="published"><classification-symbol>B22C15/16</classification-symbol><class-title date-revised="2013-01-01"><title-part><text>the machine having special provision for reducing shock to its frame</text></title-part></class-title>
<classification-item breakdown-code="false" not-allocatable="false" level="11" additional-only="false" sort-key="B22C15/18" definition-exists="false" ipc-concordant="B22C15/18" c-set-base-allowed="false" c-set-subsequent-allowed="true" date-revised="2013-01-01" status="published"><classification-symbol>B22C15/18</classification-symbol><class-title date-revised="2013-01-01"><title-part><text>by means of separate shock-absorbers</text></title-part></class-title></classification-item></classification-item></classification-item></classification-item>
<classification-item breakdown-code="false" not-allocatable="false" level="8" additional-only="false" sort-key="B22C15/20" definition-exists="false" ipc-concordant="B22C15/20" c-set-base-allowed="false" c-set-subsequent-allowed="true" date-revised="2013-01-01" status="published"><classification-symbol>B22C15/20</classification-symbol><class-title date-revised="2013-01-01"><title-part><text>Compacting by centrifugal forces only, e.g. in sand slingers</text></title-part></class-title></classification-item>
<classification-item breakdown-code="false" not-allocatable="false" level="8" additional-only="false" sort-key="B22C15/23" definition-exists="false" ipc-concordant="B22C15/23" c-set-base-allowed="false" c-set-subsequent-allowed="true" date-revised="2013-01-01" status="published"><classification-symbol>B22C15/23</classification-symbol><class-title date-revised="2013-01-01"><title-part><text>Compacting by gas pressure or vacuum</text></title-part></class-title>
<classification-item breakdown-code="false" not-allocatable="false" level="9" additional-only="false" sort-key="B22C15/24" definition-exists="false" ipc-concordant="B22C15/24" c-set-base-allowed="false" c-set-subsequent-allowed="true" date-revised="2013-01-01" status="published"><classification-symbol>B22C15/24</classification-symbol><class-title date-revised="2013-01-01"><title-part><text>involving blowing devices in which the mould material is supplied in the form of loose particles</text></title-part></class-title>
<classification-item breakdown-code="false" not-allocatable="false" level="10" additional-only="false" sort-key="B22C15/245" definition-exists="false" ipc-concordant="B22C15/24" c-set-base-allowed="false" c-set-subsequent-allowed="true" date-revised="2013-01-01" status="published"><classification-symbol>B22C15/245</classification-symbol><class-title date-revised="2013-01-01"><title-part><CPC-specific-text><text>Blowing tubes</text></CPC-specific-text></title-part></class-title></classification-item></classification-item>
<classification-item breakdown-code="false" not-allocatable="false" level="9" additional-only="false" sort-key="B22C15/26" definition-exists="false" ipc-concordant="B22C15/26" c-set-base-allowed="false" c-set-subsequent-allowed="true" date-revised="2013-01-01" status="published"><classification-symbol>B22C15/26</classification-symbol><class-title date-revised="2013-01-01"><title-part><text>involving propulsion devices in which the mould material is supplied in the shape of a compacted column or the like</text></title-part></class-title></classification-item></classification-item>
<classification-item breakdown-code="false" not-allocatable="false" level="8" additional-only="false" sort-key="B22C15/28" definition-exists="false" ipc-concordant="B22C15/28" c-set-base-allowed="false" c-set-subsequent-allowed="true" date-revised="2013-01-01" status="published"><classification-symbol>B22C15/28</classification-symbol><class-title date-revised="2013-01-01"><title-part><text>Compacting by different means acting simultaneously or successively, e.g. preliminary blowing and finally pressing</text></title-part></class-title>
<classification-item breakdown-code="false" not-allocatable="false" level="9" additional-only="false" sort-key="B22C15/30" definition-exists="false" ipc-concordant="B22C15/30" c-set-base-allowed="false" c-set-subsequent-allowed="true" date-revised="2013-01-01" status="published"><classification-symbol>B22C15/30</classification-symbol><class-title date-revised="2013-01-01"><title-part><text>by both pressing and jarring devices</text></title-part></class-title>
<classification-item breakdown-code="false" not-allocatable="false" level="10" additional-only="false" sort-key="B22C15/32" definition-exists="false" ipc-concordant="B22C15/32" c-set-base-allowed="false" c-set-subsequent-allowed="true" date-revised="2013-01-01" status="published"><classification-symbol>B22C15/32</classification-symbol><class-title date-revised="2013-01-01"><title-part><text>involving mechanical gearing only</text></title-part></class-title></classification-item>
<classification-item breakdown-code="false" not-allocatable="false" level="10" additional-only="false" sort-key="B22C15/34" definition-exists="false" ipc-concordant="B22C15/34" c-set-base-allowed="false" c-set-subsequent-allowed="true" date-revised="2013-01-01" status="published"><classification-symbol>B22C15/34</classification-symbol><class-title date-revised="2013-01-01"><title-part><text>involving pneumatic or hydraulic mechanisms only</text></title-part></class-title></classification-item></classification-item></classification-item></classification-item>
<classification-item breakdown-code="false" not-allocatable="false" level="7" additional-only="false" sort-key="B22C17/00" definition-exists="true" ipc-concordant="B22C17/00" c-set-base-allowed="false" c-set-subsequent-allowed="true" date-revised="2013-01-01" status="published"><classification-symbol>B22C17/00</classification-symbol><class-title date-revised="2013-01-01"><title-part><text>Moulding machines characterised by the mechanism for separating the pattern from the mould or for turning over the flask or the pattern plate</text></title-part></class-title>
<classification-item breakdown-code="false" not-allocatable="false" level="8" additional-only="false" sort-key="B22C17/02" definition-exists="false" ipc-concordant="B22C17/02" c-set-base-allowed="false" c-set-subsequent-allowed="true" date-revised="2013-01-01" status="published"><classification-symbol>B22C17/02</classification-symbol><class-title date-revised="2013-01-01"><title-part><text>Moulding machines with pin lifting arrangement</text></title-part></class-title></classification-item>
<classification-item breakdown-code="false" not-allocatable="false" level="8" additional-only="false" sort-key="B22C17/04" definition-exists="false" ipc-concordant="B22C17/04" c-set-base-allowed="false" c-set-subsequent-allowed="true" date-revised="2013-01-01" status="published"><classification-symbol>B22C17/04</classification-symbol><class-title date-revised="2013-01-01"><title-part><text>Drop-plate moulding machines</text></title-part></class-title></classification-item>
<classification-item breakdown-code="false" not-allocatable="false" level="8" additional-only="false" sort-key="B22C17/06" definition-exists="false" ipc-concordant="B22C17/06" c-set-base-allowed="false" c-set-subsequent-allowed="true" date-revised="2013-01-01" status="published"><classification-symbol>B22C17/06</classification-symbol><class-title date-revised="2013-01-01"><title-part><text>Moulding machines using stripping plates</text></title-part><title-part><text>Stripping plates</text></title-part></class-title></classification-item>
<classification-item breakdown-code="false" not-allocatable="false" level="8" additional-only="false" sort-key="B22C17/08" definition-exists="false" ipc-concordant="B22C17/08" c-set-base-allowed="false" c-set-subsequent-allowed="true" date-revised="2017-08-01" status="published"><classification-symbol>B22C17/08</classification-symbol><class-title date-revised="2017-08-01"><title-part><text>Moulding machines with mechanisms to turn over the pattern plate or the mould around a horizontal axis</text></title-part></class-title>
<classification-item breakdown-code="false" not-allocatable="false" level="9" additional-only="false" sort-key="B22C17/10" definition-exists="false" ipc-concordant="B22C17/10" c-set-base-allowed="false" c-set-subsequent-allowed="true" date-revised="2013-01-01" status="published"><classification-symbol>B22C17/10</classification-symbol><class-title date-revised="2013-01-01"><title-part><text>Turning-over pattern plate and flask only </text><reference><text><class-ref scheme="cpc">B22C17/14</class-ref> takes precedence</text></reference></title-part></class-title></classification-item>
<classification-item breakdown-code="false" not-allocatable="false" level="9" additional-only="false" sort-key="B22C17/12" definition-exists="false" ipc-concordant="B22C17/12" c-set-base-allowed="false" c-set-subsequent-allowed="true" date-revised="2013-01-01" status="published"><classification-symbol>B22C17/12</classification-symbol><class-title date-revised="2013-01-01"><title-part><text>Turning-over pattern plate, flask, and compacting device as a unit </text><reference><text><class-ref scheme="cpc">B22C17/14</class-ref> takes precedence</text></reference></title-part></class-title></classification-item>
<classification-item breakdown-code="false" not-allocatable="false" level="9" additional-only="false" sort-key="B22C17/14" definition-exists="false" ipc-concordant="B22C17/14" c-set-base-allowed="false" c-set-subsequent-allowed="true" date-revised="2013-01-01" status="published"><classification-symbol>B22C17/14</classification-symbol><class-title date-revised="2013-01-01"><title-part><text>arranged to one side of the mould table, so-called roll-over table moulding machines</text></title-part></class-title></classification-item></classification-item></classification-item>
<classification-item breakdown-code="false" not-allocatable="false" level="7" additional-only="false" sort-key="B22C19/00" definition-exists="true" ipc-concordant="B22C19/00" c-set-base-allowed="false" c-set-subsequent-allowed="true" date-revised="2013-01-01" status="published"><classification-symbol>B22C19/00</classification-symbol><class-title date-revised="2013-01-01"><title-part><text>Components or accessories for moulding machines</text></title-part></class-title>
<classification-item breakdown-code="false" not-allocatable="false" level="8" additional-only="false" sort-key="B22C19/02" definition-exists="false" ipc-concordant="B22C19/02" c-set-base-allowed="false" c-set-subsequent-allowed="true" date-revised="2013-01-01" status="published"><classification-symbol>B22C19/02</classification-symbol><class-title date-revised="2013-01-01"><title-part><text>Mould tables</text></title-part></class-title></classification-item>
<classification-item breakdown-code="false" not-allocatable="false" level="8" additional-only="false" sort-key="B22C19/04" definition-exists="false" ipc-concordant="B22C19/04" c-set-base-allowed="false" c-set-subsequent-allowed="true" date-revised="2013-01-01" status="published"><classification-symbol>B22C19/04</classification-symbol><class-title date-revised="2013-01-01"><title-part><text>Controlling devices specially designed for moulding machines</text></title-part></class-title></classification-item>
<classification-item breakdown-code="false" not-allocatable="false" level="8" additional-only="false" sort-key="B22C19/06" definition-exists="false" ipc-concordant="B22C19/06" c-set-base-allowed="false" c-set-subsequent-allowed="true" date-revised="2013-01-01" status="published"><classification-symbol>B22C19/06</classification-symbol><class-title date-revised="2013-01-01"><title-part><text>Devices for rapping or loosening the pattern</text></title-part></class-title></classification-item></classification-item>
<classification-item breakdown-code="false" not-allocatable="false" level="7" additional-only="false" sort-key="B22C21/00" definition-exists="true" ipc-concordant="B22C21/00" c-set-base-allowed="false" c-set-subsequent-allowed="true" date-revised="2013-01-01" status="published"><classification-symbol>B22C21/00</classification-symbol><class-title date-revised="2013-01-01"><title-part><text>Flasks</text></title-part><title-part><text>Accessories therefor </text><reference><text>stripping plates <class-ref scheme="cpc">B22C17/06</class-ref></text></reference></title-part></class-title>
<classification-item breakdown-code="false" not-allocatable="false" level="8" additional-only="false" sort-key="B22C21/01" definition-exists="false" ipc-concordant="B22C21/01" c-set-base-allowed="false" c-set-subsequent-allowed="true" date-revised="2013-01-01" status="published"><classification-symbol>B22C21/01</classification-symbol><class-title date-revised="2013-01-01"><title-part><text>for vacuum-sealed moulding</text></title-part></class-title></classification-item>
<classification-item breakdown-code="false" not-allocatable="false" level="8" additional-only="false" sort-key="B22C21/02" definition-exists="false" ipc-concordant="B22C21/02" c-set-base-allowed="false" c-set-subsequent-allowed="true" date-revised="2013-01-01" status="published"><classification-symbol>B22C21/02</classification-symbol><class-title date-revised="2013-01-01"><title-part><text>Sectional flasks, i.e. with divided, articulated, or interchangeable side sections</text></title-part></class-title></classification-item>
<classification-item breakdown-code="false" not-allocatable="false" level="8" additional-only="false" sort-key="B22C21/04" definition-exists="false" ipc-concordant="B22C21/04" c-set-base-allowed="false" c-set-subsequent-allowed="true" date-revised="2013-01-01" status="published"><classification-symbol>B22C21/04</classification-symbol><class-title date-revised="2013-01-01"><title-part><text>Upset frames</text></title-part><title-part><text>Bottom boards or mould boards </text><reference><text>pattern plates <class-ref scheme="cpc">B22C7/04</class-ref></text></reference></title-part></class-title>
<classification-item breakdown-code="false" not-allocatable="false" level="9" additional-only="false" sort-key="B22C21/06" definition-exists="false" ipc-concordant="B22C21/06" c-set-base-allowed="false" c-set-subsequent-allowed="true" date-revised="2013-01-01" status="published"><classification-symbol>B22C21/06</classification-symbol><class-title date-revised="2013-01-01"><title-part><text>Bottom boards or mould boards</text></title-part></class-title></classification-item></classification-item>
<classification-item breakdown-code="false" not-allocatable="false" level="8" additional-only="false" sort-key="B22C21/08" definition-exists="false" ipc-concordant="B22C21/08" c-set-base-allowed="false" c-set-subsequent-allowed="true" date-revised="2013-01-01" status="published"><classification-symbol>B22C21/08</classification-symbol><class-title date-revised="2013-01-01"><title-part><text>Clamping equipment</text></title-part></class-title></classification-item>
<classification-item breakdown-code="false" not-allocatable="false" level="8" additional-only="false" sort-key="B22C21/10" definition-exists="false" ipc-concordant="B22C21/10" c-set-base-allowed="false" c-set-subsequent-allowed="true" date-revised="2013-01-01" status="published"><classification-symbol>B22C21/10</classification-symbol><class-title date-revised="2013-01-01"><title-part><text>Guiding equipment</text></title-part></class-title></classification-item>
<classification-item breakdown-code="false" not-allocatable="false" level="8" additional-only="false" sort-key="B22C21/12" definition-exists="false" ipc-concordant="B22C21/12" c-set-base-allowed="false" c-set-subsequent-allowed="true" date-revised="2013-01-01" status="published"><classification-symbol>B22C21/12</classification-symbol><class-title date-revised="2013-01-01"><title-part><text>Accessories</text></title-part></class-title>
<classification-item breakdown-code="false" not-allocatable="false" level="9" additional-only="false" sort-key="B22C21/14" definition-exists="false" ipc-concordant="B22C21/14" c-set-base-allowed="false" c-set-subsequent-allowed="true" date-revised="2013-01-01" status="published"><classification-symbol>B22C21/14</classification-symbol><class-title date-revised="2013-01-01"><title-part><text>for reinforcing or securing moulding materials or cores, e.g. gaggers, chaplets, pins, bars</text></title-part></class-title></classification-item></classification-item></classification-item>
<classification-item breakdown-code="false" not-allocatable="false" level="7" additional-only="false" sort-key="B22C23/00" definition-exists="true" ipc-concordant="B22C23/00" c-set-base-allowed="false" c-set-subsequent-allowed="true" date-revised="2013-01-01" status="published"><classification-symbol>B22C23/00</classification-symbol><class-title date-revised="2013-01-01"><title-part><text>Tools</text></title-part><title-part><text>Devices not mentioned before for moulding</text></title-part></class-title>
<classification-item breakdown-code="false" not-allocatable="false" level="8" additional-only="false" sort-key="B22C23/02" definition-exists="false" ipc-concordant="B22C23/02" c-set-base-allowed="false" c-set-subsequent-allowed="true" date-revised="2013-01-01" status="published"><classification-symbol>B22C23/02</classification-symbol><class-title date-revised="2013-01-01"><title-part><text>Devices for coating moulds or cores</text></title-part></class-title></classification-item></classification-item>
<classification-item breakdown-code="false" not-allocatable="false" level="7" additional-only="false" sort-key="B22C25/00" definition-exists="true" ipc-concordant="B22C25/00" c-set-base-allowed="false" c-set-subsequent-allowed="true" date-revised="2013-01-01" status="published"><classification-symbol>B22C25/00</classification-symbol><class-title date-revised="2013-01-01"><title-part><text>Foundry moulding plants </text><reference><text>for preparing mould materials <class-ref scheme="cpc">B22C5/18</class-ref>; in combination with casting plants <class-ref scheme="cpc">B22D47/02</class-ref></text></reference></title-part></class-title></classification-item></classification-item></classification-item></class-scheme>