<?xml version="1.0" encoding="UTF-8"?>
<class-scheme publication-date="2023-08-01" scheme-type="cpc" publication-type="official">
<classification-item breakdown-code="false" not-allocatable="true" level="5" additional-only="false" sort-key="C01P" definition-exists="true" date-revised="2013-01-01" status="published"><classification-symbol>C01P</classification-symbol><class-title date-revised="2013-01-01"><title-part><text>INDEXING SCHEME RELATING TO STRUCTURAL AND PHYSICAL ASPECTS OF SOLID INORGANIC COMPOUNDS</text></title-part></class-title><notes-and-warnings date-revised="2013-01-01"><note type="note"><note-paragraph>This subclass constitutes an internal scheme for indexing only.</note-paragraph><note-paragraph>The indexing scheme is used to identify structural and physical aspects of solid inorganic compounds, already classified in class <class-ref scheme="cpc">C01</class-ref> or subclass <class-ref scheme="cpc">C09C</class-ref>.</note-paragraph></note></notes-and-warnings>
<classification-item breakdown-code="true" not-allocatable="true" level="6" additional-only="true" sort-key="C01P2/00" date-revised="2013-01-01" status="published"><classification-symbol>C01P2002/00</classification-symbol>
<classification-item breakdown-code="true" not-allocatable="false" level="7" additional-only="true" sort-key="C01P2/00" definition-exists="true" ipc-concordant="CPCONLY" c-set-base-allowed="false" c-set-subsequent-allowed="true" date-revised="2013-01-01" status="published"><classification-symbol>C01P2002/00</classification-symbol><class-title date-revised="2013-01-01"><title-part><text>Crystal-structural characteristics</text></title-part></class-title>
<classification-item breakdown-code="true" not-allocatable="false" level="8" additional-only="true" sort-key="C01P2/01" definition-exists="true" ipc-concordant="CPCONLY" c-set-base-allowed="false" c-set-subsequent-allowed="true" date-revised="2013-01-01" status="published"><classification-symbol>C01P2002/01</classification-symbol><class-title date-revised="2013-01-01"><title-part><text>depicted by a TEM-image</text></title-part></class-title></classification-item>
<classification-item breakdown-code="true" not-allocatable="false" level="8" additional-only="true" sort-key="C01P2/02" definition-exists="true" ipc-concordant="CPCONLY" c-set-base-allowed="false" c-set-subsequent-allowed="true" date-revised="2013-01-01" status="published"><classification-symbol>C01P2002/02</classification-symbol><class-title date-revised="2013-01-01"><title-part><text>Amorphous compounds</text></title-part></class-title></classification-item>
<classification-item breakdown-code="true" not-allocatable="false" level="8" additional-only="true" sort-key="C01P2/04" definition-exists="false" ipc-concordant="CPCONLY" c-set-base-allowed="false" c-set-subsequent-allowed="true" date-revised="2013-01-01" status="published"><classification-symbol>C01P2002/04</classification-symbol><class-title date-revised="2013-01-01"><title-part><text>Compounds with a limited amount of crystallinty, e.g. as indicated by a crystallinity index</text></title-part></class-title></classification-item>
<classification-item breakdown-code="true" not-allocatable="false" level="8" additional-only="true" sort-key="C01P2/08" definition-exists="false" ipc-concordant="CPCONLY" c-set-base-allowed="false" c-set-subsequent-allowed="true" date-revised="2013-01-01" status="published"><classification-symbol>C01P2002/08</classification-symbol><class-title date-revised="2013-01-01"><title-part><text>Intercalated structures, i.e. with atoms or molecules intercalated in their structure</text></title-part></class-title></classification-item>
<classification-item breakdown-code="true" not-allocatable="false" level="8" additional-only="true" sort-key="C01P2/10" definition-exists="true" ipc-concordant="CPCONLY" c-set-base-allowed="false" c-set-subsequent-allowed="true" date-revised="2013-01-01" status="published"><classification-symbol>C01P2002/10</classification-symbol><class-title date-revised="2013-01-01"><title-part><text>One-dimensional structures</text></title-part></class-title></classification-item>
<classification-item breakdown-code="true" not-allocatable="false" level="8" additional-only="true" sort-key="C01P2/20" definition-exists="true" ipc-concordant="CPCONLY" c-set-base-allowed="false" c-set-subsequent-allowed="true" date-revised="2013-01-01" status="published"><classification-symbol>C01P2002/20</classification-symbol><class-title date-revised="2013-01-01"><title-part><text>Two-dimensional structures</text></title-part></class-title>
<classification-item breakdown-code="true" not-allocatable="false" level="9" additional-only="true" sort-key="C01P2/22" definition-exists="true" ipc-concordant="CPCONLY" c-set-base-allowed="false" c-set-subsequent-allowed="true" date-revised="2013-01-01" status="published"><classification-symbol>C01P2002/22</classification-symbol><class-title date-revised="2013-01-01"><title-part><text>layered hydroxide-type, e.g. of the hydrotalcite-type</text></title-part></class-title></classification-item></classification-item>
<classification-item breakdown-code="true" not-allocatable="false" level="8" additional-only="true" sort-key="C01P2/30" definition-exists="true" ipc-concordant="CPCONLY" c-set-base-allowed="false" c-set-subsequent-allowed="true" date-revised="2013-01-01" status="published"><classification-symbol>C01P2002/30</classification-symbol><class-title date-revised="2013-01-01"><title-part><text>Three-dimensional structures</text></title-part></class-title>
<classification-item breakdown-code="true" not-allocatable="false" level="9" additional-only="true" sort-key="C01P2/32" definition-exists="true" ipc-concordant="CPCONLY" c-set-base-allowed="false" c-set-subsequent-allowed="true" date-revised="2013-01-01" status="published"><classification-symbol>C01P2002/32</classification-symbol><class-title date-revised="2013-01-01"><title-part><text>spinel-type (AB<sub>2</sub>O<sub>4</sub>)</text></title-part></class-title></classification-item>
<classification-item breakdown-code="true" not-allocatable="false" level="9" additional-only="true" sort-key="C01P2/34" definition-exists="true" ipc-concordant="CPCONLY" c-set-base-allowed="false" c-set-subsequent-allowed="true" date-revised="2013-01-01" status="published"><classification-symbol>C01P2002/34</classification-symbol><class-title date-revised="2013-01-01"><title-part><text>perovskite-type (ABO<sub>3</sub>)</text></title-part></class-title></classification-item>
<classification-item breakdown-code="true" not-allocatable="false" level="9" additional-only="true" sort-key="C01P2/36" definition-exists="false" ipc-concordant="CPCONLY" c-set-base-allowed="false" c-set-subsequent-allowed="true" date-revised="2013-01-01" status="published"><classification-symbol>C01P2002/36</classification-symbol><class-title date-revised="2013-01-01"><title-part><text>pyrochlore-type (A<sub>2</sub>B<sub>2</sub>O<sub>7</sub>)</text></title-part></class-title></classification-item></classification-item>
<classification-item breakdown-code="true" not-allocatable="false" level="8" additional-only="true" sort-key="C01P2/50" definition-exists="true" ipc-concordant="CPCONLY" c-set-base-allowed="false" c-set-subsequent-allowed="true" date-revised="2013-01-01" status="published"><classification-symbol>C01P2002/50</classification-symbol><class-title date-revised="2013-01-01"><title-part><text>Solid solutions</text></title-part></class-title>
<classification-item breakdown-code="true" not-allocatable="false" level="9" additional-only="true" sort-key="C01P2/52" definition-exists="true" ipc-concordant="CPCONLY" c-set-base-allowed="false" c-set-subsequent-allowed="true" date-revised="2013-01-01" status="published"><classification-symbol>C01P2002/52</classification-symbol><class-title date-revised="2013-01-01"><title-part><text>containing elements as dopants</text></title-part></class-title>
<classification-item breakdown-code="true" not-allocatable="false" level="10" additional-only="true" sort-key="C01P2/54" definition-exists="false" ipc-concordant="CPCONLY" c-set-base-allowed="false" c-set-subsequent-allowed="true" date-revised="2013-01-01" status="published"><classification-symbol>C01P2002/54</classification-symbol><class-title date-revised="2013-01-01"><title-part><text>one element only</text></title-part></class-title></classification-item></classification-item></classification-item>
<classification-item breakdown-code="true" not-allocatable="false" level="8" additional-only="true" sort-key="C01P2/60" definition-exists="true" ipc-concordant="CPCONLY" c-set-base-allowed="false" c-set-subsequent-allowed="true" date-revised="2013-01-01" status="published"><classification-symbol>C01P2002/60</classification-symbol><class-title date-revised="2013-01-01"><title-part><text>Compounds characterised by their crystallite size</text></title-part></class-title></classification-item>
<classification-item breakdown-code="true" not-allocatable="false" level="8" additional-only="true" sort-key="C01P2/70" definition-exists="false" ipc-concordant="CPCONLY" c-set-base-allowed="false" c-set-subsequent-allowed="true" date-revised="2013-01-01" status="published"><classification-symbol>C01P2002/70</classification-symbol><class-title date-revised="2013-01-01"><title-part><text>defined by measured X-ray, neutron or electron diffraction data</text></title-part></class-title>
<classification-item breakdown-code="true" not-allocatable="false" level="9" additional-only="true" sort-key="C01P2/72" definition-exists="true" ipc-concordant="CPCONLY" c-set-base-allowed="false" c-set-subsequent-allowed="true" date-revised="2013-01-01" status="published"><classification-symbol>C01P2002/72</classification-symbol><class-title date-revised="2013-01-01"><title-part><text>by d-values or two theta-values, e.g. as X-ray diagram</text></title-part></class-title></classification-item>
<classification-item breakdown-code="true" not-allocatable="false" level="9" additional-only="true" sort-key="C01P2/74" definition-exists="true" ipc-concordant="CPCONLY" c-set-base-allowed="false" c-set-subsequent-allowed="true" date-revised="2013-01-01" status="published"><classification-symbol>C01P2002/74</classification-symbol><class-title date-revised="2013-01-01"><title-part><text>by peak-intensities or a ratio thereof only</text></title-part></class-title></classification-item>
<classification-item breakdown-code="true" not-allocatable="false" level="9" additional-only="true" sort-key="C01P2/76" definition-exists="true" ipc-concordant="CPCONLY" c-set-base-allowed="false" c-set-subsequent-allowed="true" date-revised="2013-01-01" status="published"><classification-symbol>C01P2002/76</classification-symbol><class-title date-revised="2013-01-01"><title-part><text>by a space-group or by other symmetry indications</text></title-part></class-title></classification-item>
<classification-item breakdown-code="true" not-allocatable="false" level="9" additional-only="true" sort-key="C01P2/77" definition-exists="true" ipc-concordant="CPCONLY" c-set-base-allowed="false" c-set-subsequent-allowed="true" date-revised="2013-01-01" status="published"><classification-symbol>C01P2002/77</classification-symbol><class-title date-revised="2013-01-01"><title-part><text>by unit-cell parameters, atom positions or structure diagrams</text></title-part></class-title></classification-item>
<classification-item breakdown-code="true" not-allocatable="false" level="9" additional-only="true" sort-key="C01P2/78" definition-exists="true" ipc-concordant="CPCONLY" c-set-base-allowed="false" c-set-subsequent-allowed="true" date-revised="2013-01-01" status="published"><classification-symbol>C01P2002/78</classification-symbol><class-title date-revised="2013-01-01"><title-part><text>by stacking-plane distances or stacking sequences</text></title-part></class-title></classification-item></classification-item>
<classification-item breakdown-code="true" not-allocatable="false" level="8" additional-only="true" sort-key="C01P2/80" definition-exists="false" ipc-concordant="CPCONLY" c-set-base-allowed="false" c-set-subsequent-allowed="true" date-revised="2013-01-01" status="published"><classification-symbol>C01P2002/80</classification-symbol><class-title date-revised="2013-01-01"><title-part><text>defined by measured data other than those specified in group <class-ref scheme="cpc">C01P2002/70</class-ref></text></title-part></class-title>
<classification-item breakdown-code="true" not-allocatable="false" level="9" additional-only="true" sort-key="C01P2/82" definition-exists="true" ipc-concordant="CPCONLY" c-set-base-allowed="false" c-set-subsequent-allowed="true" date-revised="2013-01-01" status="published"><classification-symbol>C01P2002/82</classification-symbol><class-title date-revised="2013-01-01"><title-part><text>by IR- or Raman-data</text></title-part></class-title></classification-item>
<classification-item breakdown-code="true" not-allocatable="false" level="9" additional-only="true" sort-key="C01P2/84" definition-exists="true" ipc-concordant="CPCONLY" c-set-base-allowed="false" c-set-subsequent-allowed="true" date-revised="2013-01-01" status="published"><classification-symbol>C01P2002/84</classification-symbol><class-title date-revised="2013-01-01"><title-part><text>by UV- or VIS- data</text></title-part></class-title></classification-item>
<classification-item breakdown-code="true" not-allocatable="false" level="9" additional-only="true" sort-key="C01P2/85" definition-exists="true" ipc-concordant="CPCONLY" c-set-base-allowed="false" c-set-subsequent-allowed="true" date-revised="2013-01-01" status="published"><classification-symbol>C01P2002/85</classification-symbol><class-title date-revised="2013-01-01"><title-part><text>by XPS, EDX or EDAX data</text></title-part></class-title></classification-item>
<classification-item breakdown-code="true" not-allocatable="false" level="9" additional-only="true" sort-key="C01P2/86" definition-exists="true" ipc-concordant="CPCONLY" c-set-base-allowed="false" c-set-subsequent-allowed="true" date-revised="2013-01-01" status="published"><classification-symbol>C01P2002/86</classification-symbol><class-title date-revised="2013-01-01"><title-part><text>by NMR- or ESR-data</text></title-part></class-title></classification-item>
<classification-item breakdown-code="true" not-allocatable="false" level="9" additional-only="true" sort-key="C01P2/87" definition-exists="true" ipc-concordant="CPCONLY" c-set-base-allowed="false" c-set-subsequent-allowed="true" date-revised="2013-01-01" status="published"><classification-symbol>C01P2002/87</classification-symbol><class-title date-revised="2013-01-01"><title-part><text>by chromatography data, e.g. HPLC, gas chromatography</text></title-part></class-title></classification-item>
<classification-item breakdown-code="true" not-allocatable="false" level="9" additional-only="true" sort-key="C01P2/88" definition-exists="true" ipc-concordant="CPCONLY" c-set-base-allowed="false" c-set-subsequent-allowed="true" date-revised="2013-01-01" status="published"><classification-symbol>C01P2002/88</classification-symbol><class-title date-revised="2013-01-01"><title-part><text>by thermal analysis data, e.g. TGA, DTA, DSC</text></title-part></class-title></classification-item>
<classification-item breakdown-code="true" not-allocatable="false" level="9" additional-only="true" sort-key="C01P2/89" definition-exists="false" ipc-concordant="CPCONLY" c-set-base-allowed="false" c-set-subsequent-allowed="true" date-revised="2013-01-01" status="published"><classification-symbol>C01P2002/89</classification-symbol><class-title date-revised="2013-01-01"><title-part><text>by mass-spectroscopy</text></title-part></class-title></classification-item></classification-item>
<classification-item breakdown-code="true" not-allocatable="false" level="8" additional-only="true" sort-key="C01P2/90" definition-exists="false" ipc-concordant="CPCONLY" c-set-base-allowed="false" c-set-subsequent-allowed="true" date-revised="2013-01-01" status="published"><classification-symbol>C01P2002/90</classification-symbol><class-title date-revised="2013-01-01"><title-part><text>Other crystal-structural characteristics not specified above</text></title-part></class-title></classification-item></classification-item>
<classification-item breakdown-code="true" not-allocatable="false" level="7" additional-only="true" sort-key="C01P4/00" definition-exists="true" ipc-concordant="CPCONLY" c-set-base-allowed="false" c-set-subsequent-allowed="true" date-revised="2013-01-01" status="published"><classification-symbol>C01P2004/00</classification-symbol><class-title date-revised="2013-01-01"><title-part><text>Particle morphology</text></title-part></class-title>
<classification-item breakdown-code="true" not-allocatable="false" level="8" additional-only="true" sort-key="C01P4/01" definition-exists="false" ipc-concordant="CPCONLY" c-set-base-allowed="false" c-set-subsequent-allowed="true" date-revised="2013-01-01" status="published"><classification-symbol>C01P2004/01</classification-symbol><class-title date-revised="2013-01-01"><title-part><text>depicted by an image</text></title-part></class-title>
<classification-item breakdown-code="true" not-allocatable="false" level="9" additional-only="true" sort-key="C01P4/02" definition-exists="false" ipc-concordant="CPCONLY" c-set-base-allowed="false" c-set-subsequent-allowed="true" date-revised="2013-01-01" status="published"><classification-symbol>C01P2004/02</classification-symbol><class-title date-revised="2013-01-01"><title-part><text>obtained by optical microscopy</text></title-part></class-title></classification-item>
<classification-item breakdown-code="true" not-allocatable="false" level="9" additional-only="true" sort-key="C01P4/03" definition-exists="true" ipc-concordant="CPCONLY" c-set-base-allowed="false" c-set-subsequent-allowed="true" date-revised="2013-01-01" status="published"><classification-symbol>C01P2004/03</classification-symbol><class-title date-revised="2013-01-01"><title-part><text>obtained by SEM</text></title-part></class-title></classification-item>
<classification-item breakdown-code="true" not-allocatable="false" level="9" additional-only="true" sort-key="C01P4/04" definition-exists="true" ipc-concordant="CPCONLY" c-set-base-allowed="false" c-set-subsequent-allowed="true" date-revised="2013-01-01" status="published"><classification-symbol>C01P2004/04</classification-symbol><class-title date-revised="2013-01-01"><title-part><text>obtained by TEM, STEM, STM or AFM</text></title-part></class-title></classification-item></classification-item>
<classification-item breakdown-code="true" not-allocatable="false" level="8" additional-only="true" sort-key="C01P4/10" definition-exists="true" ipc-concordant="CPCONLY" c-set-base-allowed="false" c-set-subsequent-allowed="true" date-revised="2013-01-01" status="published"><classification-symbol>C01P2004/10</classification-symbol><class-title date-revised="2013-01-01"><title-part><text>extending in one dimension, e.g. needle-like</text></title-part></class-title>
<classification-item breakdown-code="true" not-allocatable="false" level="9" additional-only="true" sort-key="C01P4/11" definition-exists="true" ipc-concordant="CPCONLY" c-set-base-allowed="false" c-set-subsequent-allowed="true" date-revised="2013-01-01" status="published"><classification-symbol>C01P2004/11</classification-symbol><class-title date-revised="2013-01-01"><title-part><text>with a prismatic shape</text></title-part></class-title></classification-item>
<classification-item breakdown-code="true" not-allocatable="false" level="9" additional-only="true" sort-key="C01P4/12" definition-exists="true" ipc-concordant="CPCONLY" c-set-base-allowed="false" c-set-subsequent-allowed="true" date-revised="2013-01-01" status="published"><classification-symbol>C01P2004/12</classification-symbol><class-title date-revised="2013-01-01"><title-part><text>with a cylindrical shape</text></title-part></class-title></classification-item>
<classification-item breakdown-code="true" not-allocatable="false" level="9" additional-only="true" sort-key="C01P4/13" definition-exists="true" ipc-concordant="CPCONLY" c-set-base-allowed="false" c-set-subsequent-allowed="true" date-revised="2013-01-01" status="published"><classification-symbol>C01P2004/13</classification-symbol><class-title date-revised="2013-01-01"><title-part><text>Nanotubes</text></title-part></class-title>
<classification-item breakdown-code="true" not-allocatable="false" level="10" additional-only="true" sort-key="C01P4/133" definition-exists="false" ipc-concordant="CPCONLY" c-set-base-allowed="false" c-set-subsequent-allowed="true" date-revised="2013-01-01" status="published"><classification-symbol>C01P2004/133</classification-symbol><class-title date-revised="2013-01-01"><title-part><text>Multiwall nanotubes</text></title-part></class-title></classification-item>
<classification-item breakdown-code="true" not-allocatable="false" level="10" additional-only="true" sort-key="C01P4/136" definition-exists="false" ipc-concordant="CPCONLY" c-set-base-allowed="false" c-set-subsequent-allowed="true" date-revised="2013-01-01" status="published"><classification-symbol>C01P2004/136</classification-symbol><class-title date-revised="2013-01-01"><title-part><text>Nanoscrolls, i.e. tubes having a spiral section</text></title-part></class-title></classification-item></classification-item>
<classification-item breakdown-code="true" not-allocatable="false" level="9" additional-only="true" sort-key="C01P4/16" definition-exists="true" ipc-concordant="CPCONLY" c-set-base-allowed="false" c-set-subsequent-allowed="true" date-revised="2017-08-01" status="published"><classification-symbol>C01P2004/16</classification-symbol><class-title date-revised="2017-08-01"><title-part><text>Nanowires or nanorods, i.e. solid nanofibres with two nearly equal dimensions between 1-100 nanometer</text></title-part></class-title></classification-item>
<classification-item breakdown-code="true" not-allocatable="false" level="9" additional-only="true" sort-key="C01P4/17" definition-exists="true" ipc-concordant="CPCONLY" c-set-base-allowed="false" c-set-subsequent-allowed="true" date-revised="2017-08-01" status="published"><classification-symbol>C01P2004/17</classification-symbol><class-title date-revised="2017-08-01"><title-part><text>Nanostrips, nanoribbons or nanobelts, i.e. solid nanofibres with two significantly differing dimensions between 1-100 nanometer</text></title-part></class-title></classification-item></classification-item>
<classification-item breakdown-code="true" not-allocatable="false" level="8" additional-only="true" sort-key="C01P4/20" definition-exists="true" ipc-concordant="CPCONLY" c-set-base-allowed="false" c-set-subsequent-allowed="true" date-revised="2013-01-01" status="published"><classification-symbol>C01P2004/20</classification-symbol><class-title date-revised="2013-01-01"><title-part><text>extending in two dimensions, e.g. plate-like</text></title-part></class-title>
<classification-item breakdown-code="true" not-allocatable="false" level="9" additional-only="true" sort-key="C01P4/22" definition-exists="false" ipc-concordant="CPCONLY" c-set-base-allowed="false" c-set-subsequent-allowed="true" date-revised="2013-01-01" status="published"><classification-symbol>C01P2004/22</classification-symbol><class-title date-revised="2013-01-01"><title-part><text>with a polygonal circumferential shape</text></title-part></class-title></classification-item>
<classification-item breakdown-code="true" not-allocatable="false" level="9" additional-only="true" sort-key="C01P4/24" definition-exists="true" ipc-concordant="CPCONLY" c-set-base-allowed="false" c-set-subsequent-allowed="true" date-revised="2013-01-01" status="published"><classification-symbol>C01P2004/24</classification-symbol><class-title date-revised="2013-01-01"><title-part><text>Nanoplates, i.e. plate-like particles with a thickness from 1-100 nanometer</text></title-part></class-title></classification-item></classification-item>
<classification-item breakdown-code="true" not-allocatable="false" level="8" additional-only="true" sort-key="C01P4/30" definition-exists="true" ipc-concordant="CPCONLY" c-set-base-allowed="false" c-set-subsequent-allowed="true" date-revised="2013-01-01" status="published"><classification-symbol>C01P2004/30</classification-symbol><class-title date-revised="2013-01-01"><title-part><text>extending in three dimensions</text></title-part></class-title>
<classification-item breakdown-code="true" not-allocatable="false" level="9" additional-only="true" sort-key="C01P4/32" definition-exists="false" ipc-concordant="CPCONLY" c-set-base-allowed="false" c-set-subsequent-allowed="true" date-revised="2013-01-01" status="published"><classification-symbol>C01P2004/32</classification-symbol><class-title date-revised="2013-01-01"><title-part><text>Spheres</text></title-part></class-title>
<classification-item breakdown-code="true" not-allocatable="false" level="10" additional-only="true" sort-key="C01P4/34" definition-exists="false" ipc-concordant="CPCONLY" c-set-base-allowed="false" c-set-subsequent-allowed="true" date-revised="2013-01-01" status="published"><classification-symbol>C01P2004/34</classification-symbol><class-title date-revised="2013-01-01"><title-part><text>hollow</text></title-part></class-title></classification-item>
<classification-item breakdown-code="true" not-allocatable="false" level="10" additional-only="true" sort-key="C01P4/36" definition-exists="false" ipc-concordant="CPCONLY" c-set-base-allowed="false" c-set-subsequent-allowed="true" date-revised="2013-01-01" status="published"><classification-symbol>C01P2004/36</classification-symbol><class-title date-revised="2013-01-01"><title-part><text>fragmented</text></title-part></class-title></classification-item></classification-item>
<classification-item breakdown-code="true" not-allocatable="false" level="9" additional-only="true" sort-key="C01P4/38" definition-exists="false" ipc-concordant="CPCONLY" c-set-base-allowed="false" c-set-subsequent-allowed="true" date-revised="2013-01-01" status="published"><classification-symbol>C01P2004/38</classification-symbol><class-title date-revised="2013-01-01"><title-part><text>cube-like</text></title-part></class-title></classification-item>
<classification-item breakdown-code="true" not-allocatable="false" level="9" additional-only="true" sort-key="C01P4/39" definition-exists="false" ipc-concordant="CPCONLY" c-set-base-allowed="false" c-set-subsequent-allowed="true" date-revised="2013-01-01" status="published"><classification-symbol>C01P2004/39</classification-symbol><class-title date-revised="2013-01-01"><title-part><text>parallelepiped-like</text></title-part></class-title></classification-item>
<classification-item breakdown-code="true" not-allocatable="false" level="9" additional-only="true" sort-key="C01P4/40" definition-exists="false" ipc-concordant="CPCONLY" c-set-base-allowed="false" c-set-subsequent-allowed="true" date-revised="2013-01-01" status="published"><classification-symbol>C01P2004/40</classification-symbol><class-title date-revised="2013-01-01"><title-part><text>prism-like</text></title-part></class-title></classification-item>
<classification-item breakdown-code="true" not-allocatable="false" level="9" additional-only="true" sort-key="C01P4/41" definition-exists="false" ipc-concordant="CPCONLY" c-set-base-allowed="false" c-set-subsequent-allowed="true" date-revised="2013-01-01" status="published"><classification-symbol>C01P2004/41</classification-symbol><class-title date-revised="2013-01-01"><title-part><text>octahedron-like</text></title-part></class-title></classification-item>
<classification-item breakdown-code="true" not-allocatable="false" level="9" additional-only="true" sort-key="C01P4/42" definition-exists="false" ipc-concordant="CPCONLY" c-set-base-allowed="false" c-set-subsequent-allowed="true" date-revised="2013-01-01" status="published"><classification-symbol>C01P2004/42</classification-symbol><class-title date-revised="2013-01-01"><title-part><text>(bi)pyramid-like</text></title-part></class-title></classification-item>
<classification-item breakdown-code="true" not-allocatable="false" level="9" additional-only="true" sort-key="C01P4/45" definition-exists="true" ipc-concordant="CPCONLY" c-set-base-allowed="false" c-set-subsequent-allowed="true" date-revised="2013-01-01" status="published"><classification-symbol>C01P2004/45</classification-symbol><class-title date-revised="2013-01-01"><title-part><text>Aggregated particles or particles with an intergrown morphology</text></title-part></class-title></classification-item></classification-item>
<classification-item breakdown-code="true" not-allocatable="false" level="8" additional-only="true" sort-key="C01P4/50" definition-exists="true" ipc-concordant="CPCONLY" c-set-base-allowed="false" c-set-subsequent-allowed="true" date-revised="2013-01-01" status="published"><classification-symbol>C01P2004/50</classification-symbol><class-title date-revised="2013-01-01"><title-part><text>Agglomerated particles</text></title-part></class-title></classification-item>
<classification-item breakdown-code="true" not-allocatable="false" level="8" additional-only="true" sort-key="C01P4/51" definition-exists="true" ipc-concordant="CPCONLY" c-set-base-allowed="false" c-set-subsequent-allowed="true" date-revised="2013-01-01" status="published"><classification-symbol>C01P2004/51</classification-symbol><class-title date-revised="2013-01-01"><title-part><text>Particles with a specific particle size distribution</text></title-part></class-title>
<classification-item breakdown-code="true" not-allocatable="false" level="9" additional-only="true" sort-key="C01P4/52" definition-exists="true" ipc-concordant="CPCONLY" c-set-base-allowed="false" c-set-subsequent-allowed="true" date-revised="2013-01-01" status="published"><classification-symbol>C01P2004/52</classification-symbol><class-title date-revised="2013-01-01"><title-part><text>highly monodisperse size distribution</text></title-part></class-title></classification-item>
<classification-item breakdown-code="true" not-allocatable="false" level="9" additional-only="true" sort-key="C01P4/53" definition-exists="false" ipc-concordant="CPCONLY" c-set-base-allowed="false" c-set-subsequent-allowed="true" date-revised="2013-01-01" status="published"><classification-symbol>C01P2004/53</classification-symbol><class-title date-revised="2013-01-01"><title-part><text>bimodal size distribution</text></title-part></class-title></classification-item></classification-item>
<classification-item breakdown-code="true" not-allocatable="false" level="8" additional-only="true" sort-key="C01P4/54" definition-exists="true" ipc-concordant="CPCONLY" c-set-base-allowed="false" c-set-subsequent-allowed="true" date-revised="2013-01-01" status="published"><classification-symbol>C01P2004/54</classification-symbol><class-title date-revised="2013-01-01"><title-part><text>Particles characterised by their aspect ratio, i.e. the ratio of sizes in the longest to the shortest dimension</text></title-part></class-title></classification-item>
<classification-item breakdown-code="true" not-allocatable="false" level="8" additional-only="true" sort-key="C01P4/60" definition-exists="true" ipc-concordant="CPCONLY" c-set-base-allowed="false" c-set-subsequent-allowed="true" date-revised="2013-01-01" status="published"><classification-symbol>C01P2004/60</classification-symbol><class-title date-revised="2013-01-01"><title-part><text>Particles characterised by their size</text></title-part></class-title>
<classification-item breakdown-code="true" not-allocatable="false" level="9" additional-only="true" sort-key="C01P4/61" definition-exists="false" ipc-concordant="CPCONLY" c-set-base-allowed="false" c-set-subsequent-allowed="true" date-revised="2013-01-01" status="published"><classification-symbol>C01P2004/61</classification-symbol><class-title date-revised="2013-01-01"><title-part><text>Micrometer sized, i.e. from 1-100 micrometer</text></title-part></class-title></classification-item>
<classification-item breakdown-code="true" not-allocatable="false" level="9" additional-only="true" sort-key="C01P4/62" definition-exists="false" ipc-concordant="CPCONLY" c-set-base-allowed="false" c-set-subsequent-allowed="true" date-revised="2013-01-01" status="published"><classification-symbol>C01P2004/62</classification-symbol><class-title date-revised="2013-01-01"><title-part><text>Submicrometer sized, i.e. from 0.1-1 micrometer</text></title-part></class-title></classification-item>
<classification-item breakdown-code="true" not-allocatable="false" level="9" additional-only="true" sort-key="C01P4/64" definition-exists="true" ipc-concordant="CPCONLY" c-set-base-allowed="false" c-set-subsequent-allowed="true" date-revised="2013-01-01" status="published"><classification-symbol>C01P2004/64</classification-symbol><class-title date-revised="2013-01-01"><title-part><text>Nanometer sized, i.e. from 1-100 nanometer</text></title-part></class-title></classification-item></classification-item>
<classification-item breakdown-code="true" not-allocatable="false" level="8" additional-only="true" sort-key="C01P4/80" definition-exists="false" ipc-concordant="CPCONLY" c-set-base-allowed="false" c-set-subsequent-allowed="true" date-revised="2013-01-01" status="published"><classification-symbol>C01P2004/80</classification-symbol><class-title date-revised="2013-01-01"><title-part><text>Particles consisting of a mixture of two or more inorganic phases</text></title-part></class-title>
<classification-item breakdown-code="true" not-allocatable="false" level="9" additional-only="true" sort-key="C01P4/82" definition-exists="false" ipc-concordant="CPCONLY" c-set-base-allowed="false" c-set-subsequent-allowed="true" date-revised="2013-01-01" status="published"><classification-symbol>C01P2004/82</classification-symbol><class-title date-revised="2013-01-01"><title-part><text>two phases having the same anion, e.g. both oxidic phases</text></title-part></class-title>
<classification-item breakdown-code="true" not-allocatable="false" level="10" additional-only="true" sort-key="C01P4/84" definition-exists="false" ipc-concordant="CPCONLY" c-set-base-allowed="false" c-set-subsequent-allowed="true" date-revised="2013-01-01" status="published"><classification-symbol>C01P2004/84</classification-symbol><class-title date-revised="2013-01-01"><title-part><text>one phase coated with the other</text></title-part></class-title>
<classification-item breakdown-code="true" not-allocatable="false" level="11" additional-only="true" sort-key="C01P4/86" definition-exists="false" ipc-concordant="CPCONLY" c-set-base-allowed="false" c-set-subsequent-allowed="true" date-revised="2013-01-01" status="published"><classification-symbol>C01P2004/86</classification-symbol><class-title date-revised="2013-01-01"><title-part><text>Thin layer coatings, i.e. the coating thickness being less than 0.1 time the particle radius</text></title-part></class-title></classification-item>
<classification-item breakdown-code="true" not-allocatable="false" level="11" additional-only="true" sort-key="C01P4/88" definition-exists="false" ipc-concordant="CPCONLY" c-set-base-allowed="false" c-set-subsequent-allowed="true" date-revised="2013-01-01" status="published"><classification-symbol>C01P2004/88</classification-symbol><class-title date-revised="2013-01-01"><title-part><text>Thick layer coatings</text></title-part></class-title></classification-item></classification-item></classification-item></classification-item>
<classification-item breakdown-code="true" not-allocatable="false" level="8" additional-only="true" sort-key="C01P4/90" definition-exists="false" ipc-concordant="CPCONLY" c-set-base-allowed="false" c-set-subsequent-allowed="true" date-revised="2013-01-01" status="published"><classification-symbol>C01P2004/90</classification-symbol><class-title date-revised="2013-01-01"><title-part><text>Other morphology not specified above</text></title-part></class-title></classification-item></classification-item>
<classification-item breakdown-code="true" not-allocatable="false" level="7" additional-only="true" sort-key="C01P6/00" definition-exists="true" ipc-concordant="CPCONLY" c-set-base-allowed="false" c-set-subsequent-allowed="true" date-revised="2013-01-01" status="published"><classification-symbol>C01P2006/00</classification-symbol><class-title date-revised="2013-01-01"><title-part><text>Physical properties of inorganic compounds</text></title-part></class-title><notes-and-warnings date-revised="2013-01-01"><note type="note"><note-paragraph>Compounds having molecular sieve properties are classified in <class-ref scheme="cpc">C01B37/00</class-ref>, <class-ref scheme="cpc">C01B39/00</class-ref>.</note-paragraph><note-paragraph>The following codes are only to be used for physical values deviating significantly from the average usual values.</note-paragraph></note></notes-and-warnings>
<classification-item breakdown-code="true" not-allocatable="false" level="8" additional-only="true" sort-key="C01P6/10" definition-exists="true" ipc-concordant="CPCONLY" c-set-base-allowed="false" c-set-subsequent-allowed="true" date-revised="2013-01-01" status="published"><classification-symbol>C01P2006/10</classification-symbol><class-title date-revised="2013-01-01"><title-part><text>Solid density</text></title-part></class-title></classification-item>
<classification-item breakdown-code="true" not-allocatable="false" level="8" additional-only="true" sort-key="C01P6/11" definition-exists="true" ipc-concordant="CPCONLY" c-set-base-allowed="false" c-set-subsequent-allowed="true" date-revised="2013-01-01" status="published"><classification-symbol>C01P2006/11</classification-symbol><class-title date-revised="2013-01-01"><title-part><text>Powder tap density</text></title-part></class-title></classification-item>
<classification-item breakdown-code="true" not-allocatable="false" level="8" additional-only="true" sort-key="C01P6/12" definition-exists="true" ipc-concordant="CPCONLY" c-set-base-allowed="false" c-set-subsequent-allowed="true" date-revised="2013-01-01" status="published"><classification-symbol>C01P2006/12</classification-symbol><class-title date-revised="2013-01-01"><title-part><text>Surface area</text></title-part></class-title>
<classification-item breakdown-code="true" not-allocatable="false" level="9" additional-only="true" sort-key="C01P6/13" definition-exists="true" ipc-concordant="CPCONLY" c-set-base-allowed="false" c-set-subsequent-allowed="true" date-revised="2013-01-01" status="published"><classification-symbol>C01P2006/13</classification-symbol><class-title date-revised="2013-01-01"><title-part><text>thermal stability thereof at high temperatures</text></title-part></class-title></classification-item></classification-item>
<classification-item breakdown-code="true" not-allocatable="false" level="8" additional-only="true" sort-key="C01P6/14" definition-exists="true" ipc-concordant="CPCONLY" c-set-base-allowed="false" c-set-subsequent-allowed="true" date-revised="2013-01-01" status="published"><classification-symbol>C01P2006/14</classification-symbol><class-title date-revised="2013-01-01"><title-part><text>Pore volume</text></title-part></class-title></classification-item>
<classification-item breakdown-code="true" not-allocatable="false" level="8" additional-only="true" sort-key="C01P6/16" definition-exists="false" ipc-concordant="CPCONLY" c-set-base-allowed="false" c-set-subsequent-allowed="true" date-revised="2013-01-01" status="published"><classification-symbol>C01P2006/16</classification-symbol><class-title date-revised="2013-01-01"><title-part><text>Pore diameter</text></title-part></class-title>
<classification-item breakdown-code="true" not-allocatable="false" level="9" additional-only="true" sort-key="C01P6/17" definition-exists="false" ipc-concordant="CPCONLY" c-set-base-allowed="false" c-set-subsequent-allowed="true" date-revised="2013-01-01" status="published"><classification-symbol>C01P2006/17</classification-symbol><class-title date-revised="2013-01-01"><title-part><text>Pore diameter distribution</text></title-part></class-title></classification-item></classification-item>
<classification-item breakdown-code="true" not-allocatable="false" level="8" additional-only="true" sort-key="C01P6/19" definition-exists="true" ipc-concordant="CPCONLY" c-set-base-allowed="false" c-set-subsequent-allowed="true" date-revised="2013-01-01" status="published"><classification-symbol>C01P2006/19</classification-symbol><class-title date-revised="2013-01-01"><title-part><text>Oil-absorption capacity, e.g. DBP values</text></title-part></class-title></classification-item>
<classification-item breakdown-code="true" not-allocatable="false" level="8" additional-only="true" sort-key="C01P6/20" definition-exists="false" ipc-concordant="CPCONLY" c-set-base-allowed="false" c-set-subsequent-allowed="true" date-revised="2013-01-01" status="published"><classification-symbol>C01P2006/20</classification-symbol><class-title date-revised="2013-01-01"><title-part><text>Powder free flowing behaviour</text></title-part></class-title></classification-item>
<classification-item breakdown-code="true" not-allocatable="false" level="8" additional-only="true" sort-key="C01P6/21" definition-exists="true" ipc-concordant="CPCONLY" c-set-base-allowed="false" c-set-subsequent-allowed="true" date-revised="2013-01-01" status="published"><classification-symbol>C01P2006/21</classification-symbol><class-title date-revised="2013-01-01"><title-part><text>Attrition-index or crushing strength of granulates</text></title-part></class-title></classification-item>
<classification-item breakdown-code="true" not-allocatable="false" level="8" additional-only="true" sort-key="C01P6/22" definition-exists="true" ipc-concordant="CPCONLY" c-set-base-allowed="false" c-set-subsequent-allowed="true" date-revised="2013-01-01" status="published"><classification-symbol>C01P2006/22</classification-symbol><class-title date-revised="2013-01-01"><title-part><text>Rheological behaviour as dispersion, e.g. viscosity, sedimentation stability</text></title-part></class-title></classification-item>
<classification-item breakdown-code="true" not-allocatable="false" level="8" additional-only="true" sort-key="C01P6/32" definition-exists="true" ipc-concordant="CPCONLY" c-set-base-allowed="false" c-set-subsequent-allowed="true" date-revised="2013-01-01" status="published"><classification-symbol>C01P2006/32</classification-symbol><class-title date-revised="2013-01-01"><title-part><text>Thermal properties</text></title-part></class-title>
<classification-item breakdown-code="true" not-allocatable="false" level="9" additional-only="true" sort-key="C01P6/33" definition-exists="false" ipc-concordant="CPCONLY" c-set-base-allowed="false" c-set-subsequent-allowed="true" date-revised="2013-01-01" status="published"><classification-symbol>C01P2006/33</classification-symbol><class-title date-revised="2013-01-01"><title-part><text>Phase transition temperatures</text></title-part></class-title>
<classification-item breakdown-code="true" not-allocatable="false" level="10" additional-only="true" sort-key="C01P6/34" definition-exists="false" ipc-concordant="CPCONLY" c-set-base-allowed="false" c-set-subsequent-allowed="true" date-revised="2013-01-01" status="published"><classification-symbol>C01P2006/34</classification-symbol><class-title date-revised="2013-01-01"><title-part><text>Melting temperatures</text></title-part></class-title></classification-item>
<classification-item breakdown-code="true" not-allocatable="false" level="10" additional-only="true" sort-key="C01P6/35" definition-exists="false" ipc-concordant="CPCONLY" c-set-base-allowed="false" c-set-subsequent-allowed="true" date-revised="2013-01-01" status="published"><classification-symbol>C01P2006/35</classification-symbol><class-title date-revised="2013-01-01"><title-part><text>Boiling temperatures</text></title-part></class-title></classification-item>
<classification-item breakdown-code="true" not-allocatable="false" level="10" additional-only="true" sort-key="C01P6/36" definition-exists="false" ipc-concordant="CPCONLY" c-set-base-allowed="false" c-set-subsequent-allowed="true" date-revised="2013-01-01" status="published"><classification-symbol>C01P2006/36</classification-symbol><class-title date-revised="2013-01-01"><title-part><text>Solid to solid transition temperatures</text></title-part></class-title></classification-item></classification-item>
<classification-item breakdown-code="true" not-allocatable="false" level="9" additional-only="true" sort-key="C01P6/37" definition-exists="false" ipc-concordant="CPCONLY" c-set-base-allowed="false" c-set-subsequent-allowed="true" date-revised="2013-01-01" status="published"><classification-symbol>C01P2006/37</classification-symbol><class-title date-revised="2013-01-01"><title-part><text>Stability against thermal decomposition</text></title-part></class-title></classification-item></classification-item>
<classification-item breakdown-code="true" not-allocatable="false" level="8" additional-only="true" sort-key="C01P6/40" definition-exists="false" ipc-concordant="CPCONLY" c-set-base-allowed="false" c-set-subsequent-allowed="true" date-revised="2013-01-01" status="published"><classification-symbol>C01P2006/40</classification-symbol><class-title date-revised="2013-01-01"><title-part><text>Electric properties</text></title-part></class-title></classification-item>
<classification-item breakdown-code="true" not-allocatable="false" level="8" additional-only="true" sort-key="C01P6/42" definition-exists="false" ipc-concordant="CPCONLY" c-set-base-allowed="false" c-set-subsequent-allowed="true" date-revised="2013-01-01" status="published"><classification-symbol>C01P2006/42</classification-symbol><class-title date-revised="2013-01-01"><title-part><text>Magnetic properties</text></title-part></class-title></classification-item>
<classification-item breakdown-code="true" not-allocatable="false" level="8" additional-only="true" sort-key="C01P6/44" definition-exists="false" ipc-concordant="CPCONLY" c-set-base-allowed="false" c-set-subsequent-allowed="true" date-revised="2013-01-01" status="published"><classification-symbol>C01P2006/44</classification-symbol><class-title date-revised="2013-01-01"><title-part><text>Alpha, beta or gamma radiation related properties</text></title-part></class-title></classification-item>
<classification-item breakdown-code="true" not-allocatable="false" level="8" additional-only="true" sort-key="C01P6/60" definition-exists="true" ipc-concordant="CPCONLY" c-set-base-allowed="false" c-set-subsequent-allowed="true" date-revised="2013-01-01" status="published"><classification-symbol>C01P2006/60</classification-symbol><class-title date-revised="2013-01-01"><title-part><text>Optical properties, e.g. expressed in CIELAB-values</text></title-part></class-title>
<classification-item breakdown-code="true" not-allocatable="false" level="9" additional-only="true" sort-key="C01P6/62" definition-exists="false" ipc-concordant="CPCONLY" c-set-base-allowed="false" c-set-subsequent-allowed="true" date-revised="2013-01-01" status="published"><classification-symbol>C01P2006/62</classification-symbol><class-title date-revised="2013-01-01"><title-part><text>L* (lightness axis)</text></title-part></class-title></classification-item>
<classification-item breakdown-code="true" not-allocatable="false" level="9" additional-only="true" sort-key="C01P6/63" definition-exists="false" ipc-concordant="CPCONLY" c-set-base-allowed="false" c-set-subsequent-allowed="true" date-revised="2013-01-01" status="published"><classification-symbol>C01P2006/63</classification-symbol><class-title date-revised="2013-01-01"><title-part><text>a* (red-green axis)</text></title-part></class-title></classification-item>
<classification-item breakdown-code="true" not-allocatable="false" level="9" additional-only="true" sort-key="C01P6/64" definition-exists="false" ipc-concordant="CPCONLY" c-set-base-allowed="false" c-set-subsequent-allowed="true" date-revised="2013-01-01" status="published"><classification-symbol>C01P2006/64</classification-symbol><class-title date-revised="2013-01-01"><title-part><text>b* (yellow-blue axis)</text></title-part></class-title></classification-item>
<classification-item breakdown-code="true" not-allocatable="false" level="9" additional-only="true" sort-key="C01P6/65" definition-exists="false" ipc-concordant="CPCONLY" c-set-base-allowed="false" c-set-subsequent-allowed="true" date-revised="2013-01-01" status="published"><classification-symbol>C01P2006/65</classification-symbol><class-title date-revised="2013-01-01"><title-part><text>Chroma (C*)</text></title-part></class-title></classification-item>
<classification-item breakdown-code="true" not-allocatable="false" level="9" additional-only="true" sort-key="C01P6/66" definition-exists="false" ipc-concordant="CPCONLY" c-set-base-allowed="false" c-set-subsequent-allowed="true" date-revised="2013-01-01" status="published"><classification-symbol>C01P2006/66</classification-symbol><class-title date-revised="2013-01-01"><title-part><text>Hue (H*)</text></title-part></class-title></classification-item></classification-item>
<classification-item breakdown-code="true" not-allocatable="false" level="8" additional-only="true" sort-key="C01P6/80" definition-exists="true" ipc-concordant="CPCONLY" c-set-base-allowed="false" c-set-subsequent-allowed="true" date-revised="2013-01-01" status="published"><classification-symbol>C01P2006/80</classification-symbol><class-title date-revised="2013-01-01"><title-part><text>Compositional purity</text></title-part></class-title>
<classification-item breakdown-code="true" not-allocatable="false" level="9" additional-only="true" sort-key="C01P6/82" definition-exists="true" ipc-concordant="CPCONLY" c-set-base-allowed="false" c-set-subsequent-allowed="true" date-revised="2013-01-01" status="published"><classification-symbol>C01P2006/82</classification-symbol><class-title date-revised="2013-01-01"><title-part><text>water content</text></title-part></class-title></classification-item></classification-item>
<classification-item breakdown-code="true" not-allocatable="false" level="8" additional-only="true" sort-key="C01P6/88" definition-exists="false" ipc-concordant="CPCONLY" c-set-base-allowed="false" c-set-subsequent-allowed="true" date-revised="2017-02-01" status="published"><classification-symbol>C01P2006/88</classification-symbol><class-title date-revised="2017-02-01"><title-part><text>Isotope composition differing from the natural occurrence</text></title-part></class-title></classification-item>
<classification-item breakdown-code="true" not-allocatable="false" level="8" additional-only="true" sort-key="C01P6/90" definition-exists="false" ipc-concordant="CPCONLY" c-set-base-allowed="false" c-set-subsequent-allowed="true" date-revised="2013-01-01" status="published"><classification-symbol>C01P2006/90</classification-symbol><class-title date-revised="2013-01-01"><title-part><text>Other properties not specified above</text></title-part></class-title></classification-item></classification-item></classification-item></classification-item></class-scheme>