<?xml version="1.0" encoding="UTF-8"?>
<class-scheme publication-date="2023-08-01" scheme-type="cpc" publication-type="official">
<classification-item breakdown-code="false" not-allocatable="true" level="5" additional-only="false" sort-key="B68F" definition-exists="true" date-revised="2018-08-01" status="published"><classification-symbol>B68F</classification-symbol><class-title date-revised="2013-01-01"><title-part><text>MAKING ARTICLES FROM LEATHER, CANVAS, OR THE LIKE</text></title-part></class-title><notes-and-warnings><note type="warning"><note-paragraph>In this subclass non-limiting references (in the sense of paragraph 39 of the Guide to the IPC) may still be displayed in the scheme.</note-paragraph></note></notes-and-warnings>
<classification-item breakdown-code="false" not-allocatable="true" level="6" additional-only="false" sort-key="B68F1/00" date-revised="2013-01-01" status="published"><classification-symbol>B68F1/00</classification-symbol>
<classification-item breakdown-code="false" not-allocatable="false" level="7" additional-only="false" sort-key="B68F1/00" definition-exists="true" ipc-concordant="B68F1/00" c-set-base-allowed="false" c-set-subsequent-allowed="true" date-revised="2017-08-01" status="published"><classification-symbol>B68F1/00</classification-symbol><class-title date-revised="2017-08-01"><title-part><text>Making articles from leather, canvas, or the like </text><reference><text>machines or equipment for saddle-making <class-ref scheme="cpc">B68F3/00</class-ref>; manufacturing footwear <class-ref scheme="cpc">A43D</class-ref>; manufacture and treatment of leather in general, splitting leather, manufacture of driving or other belts <class-ref scheme="cpc">C14</class-ref></text></reference></title-part></class-title></classification-item>
<classification-item breakdown-code="false" not-allocatable="false" level="7" additional-only="false" sort-key="B68F3/00" definition-exists="true" ipc-concordant="B68F3/00" c-set-base-allowed="false" c-set-subsequent-allowed="true" date-revised="2013-01-01" status="published"><classification-symbol>B68F3/00</classification-symbol><class-title date-revised="2013-01-01"><title-part><text>Machines or equipment specially adapted for saddle-making </text><reference><text>methods <class-ref scheme="cpc">B68F1/00</class-ref></text></reference></title-part></class-title>
<classification-item breakdown-code="false" not-allocatable="false" level="8" additional-only="false" sort-key="B68F3/02" definition-exists="false" ipc-concordant="B68F3/02" c-set-base-allowed="false" c-set-subsequent-allowed="true" date-revised="2013-01-01" status="published"><classification-symbol>B68F3/02</classification-symbol><class-title date-revised="2013-01-01"><title-part><text>Machines</text></title-part></class-title></classification-item>
<classification-item breakdown-code="false" not-allocatable="false" level="8" additional-only="false" sort-key="B68F3/04" definition-exists="false" ipc-concordant="B68F3/04" c-set-base-allowed="false" c-set-subsequent-allowed="true" date-revised="2013-01-01" status="published"><classification-symbol>B68F3/04</classification-symbol><class-title date-revised="2013-01-01"><title-part><text>Hand tools</text></title-part></class-title></classification-item></classification-item></classification-item></classification-item></class-scheme>