<?xml version="1.0" encoding="UTF-8"?>
<class-scheme publication-date="2023-08-01" scheme-type="cpc" publication-type="official">
<classification-item breakdown-code="false" not-allocatable="true" level="5" additional-only="false" sort-key="D02J" definition-exists="true" date-revised="2018-08-01" status="published"><classification-symbol>D02J</classification-symbol><class-title date-revised="2013-01-01"><title-part><text>FINISHING OR DRESSING OF FILAMENTS, YARNS, THREADS, CORDS, ROPES OR THE LIKE </text><reference><text>curling or crimping <class-ref scheme="cpc">D02G</class-ref>; by treatment with liquids, gases or vapours <class-ref scheme="cpc">D06B</class-ref>; finishing other than by liquid treatment, of yarns in warp or sheet form <class-ref scheme="cpc">D06C</class-ref>; for chemical matters, <u>see</u> <class-ref scheme="cpc">D06L</class-ref>, <class-ref scheme="cpc">D06M</class-ref>, <class-ref scheme="cpc">D06P</class-ref>, <class-ref scheme="cpc">D06Q</class-ref>; treatment during rope-making, apparatus for treating ropes auxiliary to rope-making <class-ref scheme="cpc">D07B</class-ref></text></reference></title-part></class-title><notes-and-warnings date-revised="2013-01-01"><note type="note"><note-paragraph>Attention is drawn to the note following the title of Class <class-ref scheme="cpc">D02</class-ref>.</note-paragraph></note><note type="warning"><note-paragraph>In this subclass non-limiting references (in the sense of paragraph 39 of the Guide to the IPC) may still be displayed in the scheme.</note-paragraph></note></notes-and-warnings>
<classification-item breakdown-code="false" not-allocatable="true" level="6" additional-only="false" sort-key="D02J1/00" date-revised="2013-01-01" status="published"><classification-symbol>D02J1/00</classification-symbol>
<classification-item breakdown-code="false" not-allocatable="false" level="7" additional-only="false" sort-key="D02J1/00" definition-exists="false" ipc-concordant="D02J1/00" c-set-base-allowed="false" c-set-subsequent-allowed="true" date-revised="2013-01-01" status="published"><classification-symbol>D02J1/00</classification-symbol><class-title date-revised="2013-01-01"><title-part><text>Modifying the structure or properties resulting from a particular structure</text></title-part><title-part><text>Modifying, retaining, or restoring the physical form or cross-sectional shape, e.g. by use of dies or squeeze rollers </text><reference><text>modifying only the surface <class-ref scheme="cpc">D02J3/00</class-ref></text></reference></title-part></class-title>
<classification-item breakdown-code="false" not-allocatable="false" level="8" additional-only="false" sort-key="D02J1/02" definition-exists="false" ipc-concordant="D02J1/02" c-set-base-allowed="false" c-set-subsequent-allowed="true" date-revised="2013-01-01" status="published"><classification-symbol>D02J1/02</classification-symbol><class-title date-revised="2013-01-01"><title-part><text>Bulking, e.g. looping </text><reference><text>by crimping, by curling <class-ref scheme="cpc">D02G</class-ref></text></reference></title-part></class-title></classification-item>
<classification-item breakdown-code="false" not-allocatable="false" level="8" additional-only="false" sort-key="D02J1/04" definition-exists="false" ipc-concordant="D02J1/04" c-set-base-allowed="false" c-set-subsequent-allowed="true" date-revised="2013-01-01" status="published"><classification-symbol>D02J1/04</classification-symbol><class-title date-revised="2013-01-01"><title-part><text>Compacting</text></title-part></class-title></classification-item>
<classification-item breakdown-code="false" not-allocatable="false" level="8" additional-only="false" sort-key="D02J1/06" definition-exists="false" ipc-concordant="D02J1/06" c-set-base-allowed="false" c-set-subsequent-allowed="true" date-revised="2013-01-01" status="published"><classification-symbol>D02J1/06</classification-symbol><class-title date-revised="2013-01-01"><title-part><text>Imparting irregularity, e.g. slubbing or other non-uniform features, e.g. high- and low-shrinkage or strengthened and weakened sections</text></title-part></class-title></classification-item>
<classification-item breakdown-code="false" not-allocatable="false" level="8" additional-only="false" sort-key="D02J1/08" definition-exists="false" ipc-concordant="D02J1/08" c-set-base-allowed="false" c-set-subsequent-allowed="true" date-revised="2013-01-01" status="published"><classification-symbol>D02J1/08</classification-symbol><class-title date-revised="2013-01-01"><title-part><text>Interlacing constituent filaments without breakage thereof, e.g. by use of turbulent air streams</text></title-part></class-title></classification-item>
<classification-item breakdown-code="false" not-allocatable="false" level="8" additional-only="false" sort-key="D02J1/12" definition-exists="false" ipc-concordant="D02J1/12" c-set-base-allowed="false" c-set-subsequent-allowed="true" date-revised="2013-01-01" status="published"><classification-symbol>D02J1/12</classification-symbol><class-title date-revised="2013-01-01"><title-part><text>Modifying stretch/bulk properties of textured yarns or the like by after-treatment</text></title-part></class-title></classification-item>
<classification-item breakdown-code="false" not-allocatable="false" level="8" additional-only="false" sort-key="D02J1/14" definition-exists="false" ipc-concordant="D02J1/14" c-set-base-allowed="false" c-set-subsequent-allowed="true" date-revised="2013-01-01" status="published"><classification-symbol>D02J1/14</classification-symbol><class-title date-revised="2013-01-01"><title-part><text>Rendering uniform or evening non-uniform features</text></title-part></class-title></classification-item>
<classification-item breakdown-code="false" not-allocatable="false" level="8" additional-only="false" sort-key="D02J1/16" definition-exists="false" ipc-concordant="D02J1/16" c-set-base-allowed="false" c-set-subsequent-allowed="true" date-revised="2013-01-01" status="published"><classification-symbol>D02J1/16</classification-symbol><class-title date-revised="2013-01-01"><title-part><text>Rubbing or similar working, e.g. to redistribute or remove fibres</text></title-part></class-title></classification-item>
<classification-item breakdown-code="false" not-allocatable="false" level="8" additional-only="false" sort-key="D02J1/18" definition-exists="false" ipc-concordant="D02J1/18" c-set-base-allowed="false" c-set-subsequent-allowed="true" date-revised="2013-01-01" status="published"><classification-symbol>D02J1/18</classification-symbol><class-title date-revised="2013-01-01"><title-part><text>Separating or spreading</text></title-part></class-title></classification-item>
<classification-item breakdown-code="false" not-allocatable="false" level="8" additional-only="false" sort-key="D02J1/20" definition-exists="false" ipc-concordant="D02J1/20" c-set-base-allowed="false" c-set-subsequent-allowed="true" date-revised="2013-01-01" status="published"><classification-symbol>D02J1/20</classification-symbol><class-title date-revised="2013-01-01"><title-part><text>Stressing or stress-relieving, e.g. by vibration or subjection to electrostatic stress or electric discharge</text></title-part></class-title></classification-item>
<classification-item breakdown-code="false" not-allocatable="false" level="8" additional-only="false" sort-key="D02J1/22" definition-exists="false" ipc-concordant="D02J1/22" c-set-base-allowed="false" c-set-subsequent-allowed="true" date-revised="2013-01-01" status="published"><classification-symbol>D02J1/22</classification-symbol><class-title date-revised="2013-01-01"><title-part><text>Stretching or tensioning, shrinking or relaxing, e.g. by use of overfeed and underfeed apparatus, or preventing stretch </text><reference><text>stretch spinning <class-ref scheme="cpc">D01D5/12</class-ref></text></reference></title-part></class-title>
<classification-item breakdown-code="false" not-allocatable="false" level="9" additional-only="false" sort-key="D02J1/221" definition-exists="false" ipc-concordant="D02J1/22" c-set-base-allowed="false" c-set-subsequent-allowed="true" date-revised="2013-01-01" status="published"><classification-symbol>D02J1/221</classification-symbol><class-title date-revised="2013-01-01"><title-part><CPC-specific-text><text>Preliminary treatments</text></CPC-specific-text></title-part></class-title></classification-item>
<classification-item breakdown-code="false" not-allocatable="false" level="9" additional-only="false" sort-key="D02J1/222" definition-exists="false" ipc-concordant="D02J1/22" c-set-base-allowed="false" c-set-subsequent-allowed="true" date-revised="2013-01-01" status="published"><classification-symbol>D02J1/222</classification-symbol><class-title date-revised="2013-01-01"><title-part><CPC-specific-text><text>Stretching in a gaseous atmosphere or in a fluid bed</text></CPC-specific-text></title-part></class-title></classification-item>
<classification-item breakdown-code="false" not-allocatable="false" level="9" additional-only="false" sort-key="D02J1/223" definition-exists="false" ipc-concordant="D02J1/22" c-set-base-allowed="false" c-set-subsequent-allowed="true" date-revised="2013-01-01" status="published"><classification-symbol>D02J1/223</classification-symbol><class-title date-revised="2013-01-01"><title-part><CPC-specific-text><text>Stretching in a liquid bath</text></CPC-specific-text></title-part></class-title></classification-item>
<classification-item breakdown-code="false" not-allocatable="false" level="9" additional-only="false" sort-key="D02J1/224" definition-exists="false" ipc-concordant="D02J1/22" c-set-base-allowed="false" c-set-subsequent-allowed="true" date-revised="2013-01-01" status="published"><classification-symbol>D02J1/224</classification-symbol><class-title date-revised="2013-01-01"><title-part><CPC-specific-text><text>Selection or control of the temperature during stretching</text></CPC-specific-text></title-part></class-title></classification-item>
<classification-item breakdown-code="false" not-allocatable="false" level="9" additional-only="false" sort-key="D02J1/225" definition-exists="false" ipc-concordant="D02J1/22" c-set-base-allowed="false" c-set-subsequent-allowed="true" date-revised="2013-01-01" status="published"><classification-symbol>D02J1/225</classification-symbol><class-title date-revised="2013-01-01"><title-part><CPC-specific-text><text>Mechanical characteristics of stretching apparatus</text></CPC-specific-text></title-part></class-title>
<classification-item breakdown-code="false" not-allocatable="false" level="10" additional-only="false" sort-key="D02J1/226" definition-exists="false" ipc-concordant="D02J1/22" c-set-base-allowed="false" c-set-subsequent-allowed="true" date-revised="2013-01-01" status="published"><classification-symbol>D02J1/226</classification-symbol><class-title date-revised="2013-01-01"><title-part><CPC-specific-text><text>Surface characteristics of guiding or stretching organs</text></CPC-specific-text></title-part></class-title></classification-item></classification-item>
<classification-item breakdown-code="false" not-allocatable="false" level="9" additional-only="false" sort-key="D02J1/227" definition-exists="false" ipc-concordant="D02J1/22" c-set-base-allowed="false" c-set-subsequent-allowed="true" date-revised="2013-01-01" status="published"><classification-symbol>D02J1/227</classification-symbol><class-title date-revised="2013-01-01"><title-part><CPC-specific-text><text>Control of the stretching tension; Localisation of the stretching neck; Draw-pins</text></CPC-specific-text></title-part></class-title></classification-item>
<classification-item breakdown-code="false" not-allocatable="false" level="9" additional-only="false" sort-key="D02J1/228" definition-exists="false" ipc-concordant="D02J1/22" c-set-base-allowed="false" c-set-subsequent-allowed="true" date-revised="2013-01-01" status="published"><classification-symbol>D02J1/228</classification-symbol><class-title date-revised="2013-01-01"><title-part><CPC-specific-text><text>Stretching in two or more steps, with or without intermediate steps</text></CPC-specific-text></title-part></class-title></classification-item>
<classification-item breakdown-code="false" not-allocatable="false" level="9" additional-only="false" sort-key="D02J1/229" definition-exists="false" ipc-concordant="D02J1/22" c-set-base-allowed="false" c-set-subsequent-allowed="true" date-revised="2013-01-01" status="published"><classification-symbol>D02J1/229</classification-symbol><class-title date-revised="2013-01-01"><title-part><CPC-specific-text><text>Relaxing </text><reference><text>in combination with crimping <class-ref scheme="cpc">D02G1/20</class-ref></text></reference></CPC-specific-text></title-part></class-title></classification-item></classification-item></classification-item>
<classification-item breakdown-code="false" not-allocatable="false" level="7" additional-only="false" sort-key="D02J3/00" definition-exists="true" ipc-concordant="D02J3/00" c-set-base-allowed="false" c-set-subsequent-allowed="true" date-revised="2013-01-01" status="published"><classification-symbol>D02J3/00</classification-symbol><class-title date-revised="2013-01-01"><title-part><text>Modifying the surface</text></title-part></class-title>
<classification-item breakdown-code="false" not-allocatable="false" level="8" additional-only="false" sort-key="D02J3/02" definition-exists="true" ipc-concordant="D02J3/02" c-set-base-allowed="false" c-set-subsequent-allowed="true" date-revised="2013-01-01" status="published"><classification-symbol>D02J3/02</classification-symbol><class-title date-revised="2013-01-01"><title-part><text>by abrading, scraping, scuffing, cutting, or nicking </text><reference><text>preliminary roughening of fibres, e.g. for spinning, <class-ref scheme="cpc">D01G3/00</class-ref></text></reference></title-part></class-title></classification-item>
<classification-item breakdown-code="false" not-allocatable="false" level="8" additional-only="false" sort-key="D02J3/04" definition-exists="false" ipc-concordant="D02J3/04" c-set-base-allowed="false" c-set-subsequent-allowed="true" date-revised="2013-01-01" status="published"><classification-symbol>D02J3/04</classification-symbol><class-title date-revised="2013-01-01"><title-part><text>by brushing</text></title-part></class-title></classification-item>
<classification-item breakdown-code="false" not-allocatable="false" level="8" additional-only="false" sort-key="D02J3/06" definition-exists="false" ipc-concordant="D02J3/06" c-set-base-allowed="false" c-set-subsequent-allowed="true" date-revised="2013-01-01" status="published"><classification-symbol>D02J3/06</classification-symbol><class-title date-revised="2013-01-01"><title-part><text>by polishing, e.g. glazing, glossing</text></title-part></class-title>
<classification-item breakdown-code="false" not-allocatable="false" level="9" additional-only="false" sort-key="D02J3/08" definition-exists="false" ipc-concordant="D02J3/08" c-set-base-allowed="false" c-set-subsequent-allowed="true" date-revised="2013-01-01" status="published"><classification-symbol>D02J3/08</classification-symbol><class-title date-revised="2013-01-01"><title-part><text>by compressing, e.g. by calendering or ironing</text></title-part></class-title></classification-item></classification-item>
<classification-item breakdown-code="false" not-allocatable="false" level="8" additional-only="false" sort-key="D02J3/10" definition-exists="false" ipc-concordant="D02J3/10" c-set-base-allowed="false" c-set-subsequent-allowed="true" date-revised="2013-01-01" status="published"><classification-symbol>D02J3/10</classification-symbol><class-title date-revised="2013-01-01"><title-part><text>by indenting</text></title-part></class-title></classification-item>
<classification-item breakdown-code="false" not-allocatable="false" level="8" additional-only="false" sort-key="D02J3/12" definition-exists="false" ipc-concordant="D02J3/12" c-set-base-allowed="false" c-set-subsequent-allowed="true" date-revised="2013-01-01" status="published"><classification-symbol>D02J3/12</classification-symbol><class-title date-revised="2013-01-01"><title-part><text>by removing projecting ends of fibres</text></title-part></class-title>
<classification-item breakdown-code="false" not-allocatable="false" level="9" additional-only="false" sort-key="D02J3/14" definition-exists="false" ipc-concordant="D02J3/14" c-set-base-allowed="false" c-set-subsequent-allowed="true" date-revised="2013-01-01" status="published"><classification-symbol>D02J3/14</classification-symbol><class-title date-revised="2013-01-01"><title-part><text>by shearing</text></title-part></class-title></classification-item>
<classification-item breakdown-code="false" not-allocatable="false" level="9" additional-only="false" sort-key="D02J3/16" definition-exists="false" ipc-concordant="D02J3/16" c-set-base-allowed="false" c-set-subsequent-allowed="true" date-revised="2013-01-01" status="published"><classification-symbol>D02J3/16</classification-symbol><class-title date-revised="2013-01-01"><title-part><text>by singeing</text></title-part></class-title></classification-item></classification-item>
<classification-item breakdown-code="false" not-allocatable="false" level="8" additional-only="false" sort-key="D02J3/18" definition-exists="true" ipc-concordant="D02J3/18" c-set-base-allowed="false" c-set-subsequent-allowed="true" date-revised="2013-01-01" status="published"><classification-symbol>D02J3/18</classification-symbol><class-title date-revised="2013-01-01"><title-part><text>Treating with particulate, semi-solid, or solid substances, e.g. wax </text><reference><text>during package formation <class-ref scheme="cpc">B65H71/00</class-ref>; waxing yarns or the like as incidental measures during spinning or twisting <class-ref scheme="cpc">D01H13/30</class-ref></text></reference></title-part></class-title></classification-item></classification-item>
<classification-item breakdown-code="false" not-allocatable="false" level="7" additional-only="false" sort-key="D02J7/00" definition-exists="true" ipc-concordant="D02J7/00" c-set-base-allowed="false" c-set-subsequent-allowed="true" date-revised="2013-01-01" status="published"><classification-symbol>D02J7/00</classification-symbol><class-title date-revised="2013-01-01"><title-part><text>Cleaning, e.g. removing dust, loose fibres, charred ends </text><reference><text>in combination with the shearing, singeing, or otherwise removing of projecting fibre ends <class-ref scheme="cpc">D02J3/12</class-ref>, <class-ref scheme="cpc">D02J3/14</class-ref>, <class-ref scheme="cpc">D02J3/16</class-ref></text></reference></title-part></class-title></classification-item>
<classification-item breakdown-code="false" not-allocatable="false" level="7" additional-only="false" sort-key="D02J11/00" definition-exists="false" ipc-concordant="D02J11/00" c-set-base-allowed="false" c-set-subsequent-allowed="true" date-revised="2013-01-01" status="published"><classification-symbol>D02J11/00</classification-symbol><class-title date-revised="2013-01-01"><title-part><text>Combinations, not covered by any one of the preceding groups, of processes provided for in such groups</text></title-part><title-part><text>Plant for carrying-out such combinations of processes</text></title-part></class-title></classification-item>
<classification-item breakdown-code="false" not-allocatable="false" level="7" additional-only="false" sort-key="D02J13/00" definition-exists="false" ipc-concordant="D02J13/00" c-set-base-allowed="false" c-set-subsequent-allowed="true" date-revised="2013-01-01" status="published"><classification-symbol>D02J13/00</classification-symbol><class-title date-revised="2013-01-01"><title-part><text>Heating or cooling the yarn, thread, cord, rope, or the like, not specific to any one of the processes provided for in this subclass </text><reference><text>heating, cooling or drying during spinning or twisting <class-ref scheme="cpc">D01H</class-ref>; drying of yarns or the like, in general <class-ref scheme="cpc">F26B</class-ref></text></reference></title-part></class-title>
<classification-item breakdown-code="false" not-allocatable="false" level="8" additional-only="false" sort-key="D02J13/001" definition-exists="false" ipc-concordant="D02J13/00" c-set-base-allowed="false" c-set-subsequent-allowed="true" date-revised="2013-01-01" status="published"><classification-symbol>D02J13/001</classification-symbol><class-title date-revised="2013-01-01"><title-part><CPC-specific-text><text>in a tube or vessel</text></CPC-specific-text></title-part></class-title></classification-item>
<classification-item breakdown-code="false" not-allocatable="false" level="8" additional-only="false" sort-key="D02J13/003" definition-exists="false" ipc-concordant="D02J13/00" c-set-base-allowed="false" c-set-subsequent-allowed="true" date-revised="2013-01-01" status="published"><classification-symbol>D02J13/003</classification-symbol><class-title date-revised="2013-01-01"><title-part><CPC-specific-text><text>by contact with at least one stationary surface, e.g. a plate</text></CPC-specific-text></title-part></class-title></classification-item>
<classification-item breakdown-code="false" not-allocatable="false" level="8" additional-only="false" sort-key="D02J13/005" definition-exists="false" ipc-concordant="D02J13/00" c-set-base-allowed="false" c-set-subsequent-allowed="true" date-revised="2013-01-01" status="published"><classification-symbol>D02J13/005</classification-symbol><class-title date-revised="2013-01-01"><title-part><CPC-specific-text><text>by contact with at least one rotating roll</text></CPC-specific-text></title-part></class-title></classification-item>
<classification-item breakdown-code="false" not-allocatable="false" level="8" additional-only="false" sort-key="D02J13/006" definition-exists="false" ipc-concordant="D02J13/00" c-set-base-allowed="false" c-set-subsequent-allowed="true" date-revised="2013-01-01" status="published"><classification-symbol>D02J13/006</classification-symbol><class-title date-revised="2013-01-01"><title-part><CPC-specific-text><text>in a fluid bed </text><reference><text>stretching in a fluid bed <class-ref scheme="cpc">D02J1/222</class-ref></text></reference></CPC-specific-text></title-part></class-title></classification-item>
<classification-item breakdown-code="false" not-allocatable="false" level="8" additional-only="false" sort-key="D02J13/008" definition-exists="false" ipc-concordant="D02J13/00" c-set-base-allowed="false" c-set-subsequent-allowed="true" date-revised="2013-01-01" status="published"><classification-symbol>D02J13/008</classification-symbol><class-title date-revised="2013-01-01"><title-part><CPC-specific-text><text>with elimination of fumes</text></CPC-specific-text></title-part></class-title></classification-item></classification-item></classification-item></classification-item></class-scheme>