<?xml version="1.0" encoding="UTF-8"?>
<class-scheme publication-date="2023-08-01" scheme-type="cpc" publication-type="official">
<classification-item breakdown-code="false" not-allocatable="true" level="5" additional-only="false" sort-key="A44D" definition-exists="false" date-revised="2013-01-01" status="published"><classification-symbol>A44D</classification-symbol><class-title date-revised="2013-01-01"><title-part><text>INDEXING SCHEME RELATING TO BUTTONS, PINS, BUCKLES OR SLIDE FASTENERS, AND TO JEWELLERY, BRACELETS OR OTHER PERSONAL ADORNMENTS</text></title-part></class-title><notes-and-warnings date-revised="2013-01-01"><note type="note"><note-paragraph>This subclass constitutes an internal scheme for indexing only.</note-paragraph></note></notes-and-warnings>
<classification-item breakdown-code="true" not-allocatable="true" level="6" additional-only="true" sort-key="A44D200/00" date-revised="2013-01-01" status="published"><classification-symbol>A44D2200/00</classification-symbol>
<classification-item breakdown-code="true" not-allocatable="false" level="7" additional-only="true" sort-key="A44D200/00" definition-exists="false" ipc-concordant="CPCONLY" c-set-base-allowed="false" c-set-subsequent-allowed="true" date-revised="2013-01-01" status="published"><classification-symbol>A44D2200/00</classification-symbol><class-title date-revised="2013-01-01"><title-part><text>General types of fasteners</text></title-part></class-title>
<classification-item breakdown-code="true" not-allocatable="false" level="8" additional-only="true" sort-key="A44D200/10" definition-exists="false" ipc-concordant="CPCONLY" c-set-base-allowed="false" c-set-subsequent-allowed="true" date-revised="2013-01-01" status="published"><classification-symbol>A44D2200/10</classification-symbol><class-title date-revised="2013-01-01"><title-part><text>Details of construction</text></title-part></class-title>
<classification-item breakdown-code="true" not-allocatable="false" level="9" additional-only="true" sort-key="A44D200/12" definition-exists="false" ipc-concordant="CPCONLY" c-set-base-allowed="false" c-set-subsequent-allowed="true" date-revised="2013-01-01" status="published"><classification-symbol>A44D2200/12</classification-symbol><class-title date-revised="2013-01-01"><title-part><text>made of two identical elements</text></title-part></class-title></classification-item></classification-item></classification-item>
<classification-item breakdown-code="true" not-allocatable="false" level="7" additional-only="true" sort-key="A44D201/00" definition-exists="false" ipc-concordant="CPCONLY" c-set-base-allowed="false" c-set-subsequent-allowed="true" date-revised="2013-01-01" status="published"><classification-symbol>A44D2201/00</classification-symbol><class-title date-revised="2013-01-01"><title-part><text>Fastening by snap action</text></title-part></class-title>
<classification-item breakdown-code="true" not-allocatable="false" level="8" additional-only="true" sort-key="A44D201/02" definition-exists="false" ipc-concordant="CPCONLY" c-set-base-allowed="false" c-set-subsequent-allowed="true" date-revised="2013-01-01" status="published"><classification-symbol>A44D2201/02</classification-symbol><class-title date-revised="2013-01-01"><title-part><text>with both stud and socket members made from one piece</text></title-part></class-title></classification-item>
<classification-item breakdown-code="true" not-allocatable="false" level="8" additional-only="true" sort-key="A44D201/04" definition-exists="false" ipc-concordant="CPCONLY" c-set-base-allowed="false" c-set-subsequent-allowed="true" date-revised="2013-01-01" status="published"><classification-symbol>A44D2201/04</classification-symbol><class-title date-revised="2013-01-01"><title-part><text>with an elastic stud member</text></title-part></class-title></classification-item>
<classification-item breakdown-code="true" not-allocatable="false" level="8" additional-only="true" sort-key="A44D201/06" definition-exists="false" ipc-concordant="CPCONLY" c-set-base-allowed="false" c-set-subsequent-allowed="true" date-revised="2013-01-01" status="published"><classification-symbol>A44D2201/06</classification-symbol><class-title date-revised="2013-01-01"><title-part><text>with an elastic socket member</text></title-part></class-title></classification-item>
<classification-item breakdown-code="true" not-allocatable="false" level="8" additional-only="true" sort-key="A44D201/10" definition-exists="false" ipc-concordant="CPCONLY" c-set-base-allowed="false" c-set-subsequent-allowed="true" date-revised="2013-01-01" status="published"><classification-symbol>A44D2201/10</classification-symbol><class-title date-revised="2013-01-01"><title-part><text>Details of the stud or socket member</text></title-part></class-title>
<classification-item breakdown-code="true" not-allocatable="false" level="9" additional-only="true" sort-key="A44D201/12" definition-exists="false" ipc-concordant="CPCONLY" c-set-base-allowed="false" c-set-subsequent-allowed="true" date-revised="2013-01-01" status="published"><classification-symbol>A44D2201/12</classification-symbol><class-title date-revised="2013-01-01"><title-part><text>Stud member</text></title-part></class-title>
<classification-item breakdown-code="true" not-allocatable="false" level="10" additional-only="true" sort-key="A44D201/14" definition-exists="false" ipc-concordant="CPCONLY" c-set-base-allowed="false" c-set-subsequent-allowed="true" date-revised="2013-01-01" status="published"><classification-symbol>A44D2201/14</classification-symbol><class-title date-revised="2013-01-01"><title-part><text>with opening of the fastener by sliding of the stud member</text></title-part></class-title></classification-item>
<classification-item breakdown-code="true" not-allocatable="false" level="10" additional-only="true" sort-key="A44D201/16" definition-exists="false" ipc-concordant="CPCONLY" c-set-base-allowed="false" c-set-subsequent-allowed="true" date-revised="2013-01-01" status="published"><classification-symbol>A44D2201/16</classification-symbol><class-title date-revised="2013-01-01"><title-part><text>with opening of the fastener by rotation of the stud member</text></title-part></class-title></classification-item></classification-item>
<classification-item breakdown-code="true" not-allocatable="false" level="9" additional-only="true" sort-key="A44D201/30" definition-exists="false" ipc-concordant="CPCONLY" c-set-base-allowed="false" c-set-subsequent-allowed="true" date-revised="2013-01-01" status="published"><classification-symbol>A44D2201/30</classification-symbol><class-title date-revised="2013-01-01"><title-part><text>Socket member</text></title-part></class-title>
<classification-item breakdown-code="true" not-allocatable="false" level="10" additional-only="true" sort-key="A44D201/32" definition-exists="false" ipc-concordant="CPCONLY" c-set-base-allowed="false" c-set-subsequent-allowed="true" date-revised="2013-01-01" status="published"><classification-symbol>A44D2201/32</classification-symbol><class-title date-revised="2013-01-01"><title-part><text>with one or more springs retaining the stud member</text></title-part></class-title></classification-item>
<classification-item breakdown-code="true" not-allocatable="false" level="10" additional-only="true" sort-key="A44D201/34" definition-exists="false" ipc-concordant="CPCONLY" c-set-base-allowed="false" c-set-subsequent-allowed="true" date-revised="2013-01-01" status="published"><classification-symbol>A44D2201/34</classification-symbol><class-title date-revised="2013-01-01"><title-part><text>with one or more push-buttons acting perpendicularly to the main plane of the stud member</text></title-part></class-title>
<classification-item breakdown-code="true" not-allocatable="false" level="11" additional-only="true" sort-key="A44D201/36" definition-exists="false" ipc-concordant="CPCONLY" c-set-base-allowed="false" c-set-subsequent-allowed="true" date-revised="2013-01-01" status="published"><classification-symbol>A44D2201/36</classification-symbol><class-title date-revised="2013-01-01"><title-part><text>with two or more push-buttons</text></title-part></class-title></classification-item></classification-item>
<classification-item breakdown-code="true" not-allocatable="false" level="10" additional-only="true" sort-key="A44D201/38" definition-exists="false" ipc-concordant="CPCONLY" c-set-base-allowed="false" c-set-subsequent-allowed="true" date-revised="2013-01-01" status="published"><classification-symbol>A44D2201/38</classification-symbol><class-title date-revised="2013-01-01"><title-part><text>with one or more push-buttons acting parallel to the main plane of the stud member</text></title-part></class-title>
<classification-item breakdown-code="true" not-allocatable="false" level="11" additional-only="true" sort-key="A44D201/40" definition-exists="false" ipc-concordant="CPCONLY" c-set-base-allowed="false" c-set-subsequent-allowed="true" date-revised="2013-01-01" status="published"><classification-symbol>A44D2201/40</classification-symbol><class-title date-revised="2013-01-01"><title-part><text>with two or more push-buttons</text></title-part></class-title></classification-item></classification-item></classification-item></classification-item>
<classification-item breakdown-code="true" not-allocatable="false" level="8" additional-only="true" sort-key="A44D201/50" definition-exists="false" ipc-concordant="CPCONLY" c-set-base-allowed="false" c-set-subsequent-allowed="true" date-revised="2013-01-01" status="published"><classification-symbol>A44D2201/50</classification-symbol><class-title date-revised="2013-01-01"><title-part><text>Button-type snap fasteners</text></title-part></class-title></classification-item></classification-item>
<classification-item breakdown-code="true" not-allocatable="false" level="7" additional-only="true" sort-key="A44D203/00" definition-exists="false" ipc-concordant="CPCONLY" c-set-base-allowed="false" c-set-subsequent-allowed="true" date-revised="2013-01-01" status="published"><classification-symbol>A44D2203/00</classification-symbol><class-title date-revised="2013-01-01"><title-part><text>Fastening by use of magnets</text></title-part></class-title></classification-item>
<classification-item breakdown-code="true" not-allocatable="false" level="7" additional-only="true" sort-key="A44D205/00" definition-exists="false" ipc-concordant="CPCONLY" c-set-base-allowed="false" c-set-subsequent-allowed="true" date-revised="2013-01-01" status="published"><classification-symbol>A44D2205/00</classification-symbol><class-title date-revised="2013-01-01"><title-part><text>Fastening by use of touch and close elements</text></title-part></class-title></classification-item>
<classification-item breakdown-code="true" not-allocatable="false" level="7" additional-only="true" sort-key="A44D211/00" definition-exists="false" ipc-concordant="CPCONLY" c-set-base-allowed="false" c-set-subsequent-allowed="true" date-revised="2013-01-01" status="published"><classification-symbol>A44D2211/00</classification-symbol><class-title date-revised="2013-01-01"><title-part><text>Accessories for fastening means</text></title-part></class-title>
<classification-item breakdown-code="true" not-allocatable="false" level="8" additional-only="true" sort-key="A44D211/02" definition-exists="false" ipc-concordant="CPCONLY" c-set-base-allowed="false" c-set-subsequent-allowed="true" date-revised="2013-01-01" status="published"><classification-symbol>A44D2211/02</classification-symbol><class-title date-revised="2013-01-01"><title-part><text>Sliding sleeve covering the fastened extremities</text></title-part></class-title></classification-item></classification-item></classification-item></classification-item></class-scheme>