<?xml version="1.0" encoding="UTF-8"?>
<class-scheme publication-date="2023-08-01" scheme-type="cpc" publication-type="official">
<classification-item breakdown-code="false" not-allocatable="true" level="5" additional-only="false" sort-key="C12F" definition-exists="true" date-revised="2020-02-01" status="published"><classification-symbol>C12F</classification-symbol><class-title date-revised="2020-02-01"><title-part><text>RECOVERY OF BY-PRODUCTS OF FERMENTED SOLUTIONS </text><reference><text>removal of yeast from wine or sparkling wine <class-ref scheme="cpc">C12G1/08</class-ref></text></reference></title-part><title-part><text>DENATURED ALCOHOL</text></title-part><title-part><text>PREPARATION THEREOF</text></title-part></class-title>
<classification-item breakdown-code="false" not-allocatable="true" level="6" additional-only="false" sort-key="C12F3/00" date-revised="2013-01-01" status="published"><classification-symbol>C12F3/00</classification-symbol>
<classification-item breakdown-code="false" not-allocatable="false" level="7" additional-only="false" sort-key="C12F3/00" definition-exists="true" ipc-concordant="C12F3/00" c-set-base-allowed="false" c-set-subsequent-allowed="true" date-revised="2013-01-01" status="published"><classification-symbol>C12F3/00</classification-symbol><class-title date-revised="2013-01-01"><title-part><text>Recovery of by-products</text></title-part></class-title>
<classification-item breakdown-code="false" not-allocatable="false" level="8" additional-only="false" sort-key="C12F3/02" definition-exists="true" ipc-concordant="C12F3/02" c-set-base-allowed="false" c-set-subsequent-allowed="true" date-revised="2013-01-01" status="published"><classification-symbol>C12F3/02</classification-symbol><class-title date-revised="2013-01-01"><title-part><text>of carbon dioxide</text></title-part></class-title>
<classification-item breakdown-code="false" not-allocatable="false" level="9" additional-only="false" sort-key="C12F3/04" definition-exists="true" ipc-concordant="C12F3/04" c-set-base-allowed="false" c-set-subsequent-allowed="true" date-revised="2013-01-01" status="published"><classification-symbol>C12F3/04</classification-symbol><class-title date-revised="2013-01-01"><title-part><text>Recovery of volatile fermentation products from carbon dioxide</text></title-part></class-title></classification-item></classification-item>
<classification-item breakdown-code="false" not-allocatable="false" level="8" additional-only="false" sort-key="C12F3/06" definition-exists="true" ipc-concordant="C12F3/06" c-set-base-allowed="false" c-set-subsequent-allowed="true" date-revised="2013-01-01" status="published"><classification-symbol>C12F3/06</classification-symbol><class-title date-revised="2013-01-01"><title-part><text>from beer and wine </text><reference><text><class-ref scheme="cpc">C12F3/02</class-ref> takes precedence; removal of yeast <class-ref scheme="cpc">C12G1/08</class-ref></text></reference></title-part></class-title>
<classification-item breakdown-code="false" not-allocatable="false" level="9" additional-only="false" sort-key="C12F3/08" definition-exists="true" ipc-concordant="C12F3/08" c-set-base-allowed="false" c-set-subsequent-allowed="true" date-revised="2013-01-01" status="published"><classification-symbol>C12F3/08</classification-symbol><class-title date-revised="2013-01-01"><title-part><text>Recovery of alcohol from press residues or other waste material </text><reference><text>from carbon dioxide <class-ref scheme="cpc">C12F3/04</class-ref></text></reference></title-part></class-title></classification-item></classification-item>
<classification-item breakdown-code="false" not-allocatable="false" level="8" additional-only="false" sort-key="C12F3/10" definition-exists="true" ipc-concordant="C12F3/10" c-set-base-allowed="false" c-set-subsequent-allowed="true" date-revised="2013-01-01" status="published"><classification-symbol>C12F3/10</classification-symbol><class-title date-revised="2013-01-01"><title-part><text>from distillery slops</text></title-part></class-title></classification-item></classification-item>
<classification-item breakdown-code="false" not-allocatable="false" level="7" additional-only="false" sort-key="C12F5/00" definition-exists="true" ipc-concordant="C12F5/00" c-set-base-allowed="false" c-set-subsequent-allowed="true" date-revised="2013-01-01" status="published"><classification-symbol>C12F5/00</classification-symbol><class-title date-revised="2013-01-01"><title-part><text>Preparation of denatured alcohol</text></title-part></class-title></classification-item></classification-item></classification-item></class-scheme>