<?xml version="1.0" encoding="UTF-8"?>
<class-scheme publication-date="2023-08-01" scheme-type="cpc" publication-type="official">
<classification-item breakdown-code="false" not-allocatable="true" level="5" additional-only="false" sort-key="B25F" definition-exists="true" date-revised="2013-01-01" status="published"><classification-symbol>B25F</classification-symbol><class-title date-revised="2013-01-01"><title-part><text>COMBINATION OR MULTI-PURPOSE TOOLS NOT OTHERWISE PROVIDED FOR</text></title-part><title-part><text>DETAILS OR COMPONENTS OF PORTABLE POWER-DRIVEN TOOLS NOT PARTICULARLY RELATED TO THE OPERATIONS PERFORMED AND NOT OTHERWISE PROVIDED FOR </text><CPC-specific-text><reference><text>machines or arrangements of machines for performing specified combinations of different metal-working operations not covered by a single other subclass <class-ref scheme="cpc">B23P23/00</class-ref> and subgroups</text></reference></CPC-specific-text></title-part></class-title><notes-and-warnings date-revised="2013-01-01"><note type="note"><note-paragraph>This subclass <u>does not cover</u> tools having a clear primary function as well as one or more secondary functions. Those tools are covered by the relevant subclass for tools having such primary function and are, thus, not classified in group <class-ref scheme="cpc">B25F1/00</class-ref> or <class-ref scheme="cpc">B25F3/00</class-ref> of this subclass.</note-paragraph></note></notes-and-warnings>
<classification-item breakdown-code="false" not-allocatable="true" level="6" additional-only="false" sort-key="B25F1/00" date-revised="2013-01-01" status="published"><classification-symbol>B25F1/00</classification-symbol>
<classification-item breakdown-code="false" not-allocatable="false" level="7" additional-only="false" sort-key="B25F1/00" definition-exists="true" ipc-concordant="B25F1/00" c-set-base-allowed="false" c-set-subsequent-allowed="true" date-revised="2013-01-01" status="published"><classification-symbol>B25F1/00</classification-symbol><class-title date-revised="2013-01-01"><title-part><text>Combination or multi-purpose hand tools </text><reference><text>associations of tools for different working operations with one portable power-drive means <class-ref scheme="cpc">B25F3/00</class-ref>; </text><CPC-specific-text><text>combined stapling and punching tools <class-ref scheme="cpc">B25C5/0214</class-ref></text></CPC-specific-text></reference></title-part></class-title>
<classification-item breakdown-code="false" not-allocatable="false" level="8" additional-only="false" sort-key="B25F1/003" definition-exists="false" ipc-concordant="B25F1/00" c-set-base-allowed="false" c-set-subsequent-allowed="true" date-revised="2013-01-01" status="published"><classification-symbol>B25F1/003</classification-symbol><class-title date-revised="2013-01-01"><title-part><CPC-specific-text><text>of pliers&apos;-, scissors&apos;- or wrench-type with at least one movable jaw </text><reference><text><class-ref scheme="cpc">B25F1/006</class-ref> takes precedence</text></reference></CPC-specific-text></title-part></class-title></classification-item>
<classification-item breakdown-code="false" not-allocatable="false" level="8" additional-only="false" sort-key="B25F1/006" definition-exists="false" ipc-concordant="B25F1/00" c-set-base-allowed="false" c-set-subsequent-allowed="true" date-revised="2013-01-01" status="published"><classification-symbol>B25F1/006</classification-symbol><class-title date-revised="2013-01-01"><title-part><CPC-specific-text><text>with percussion tool-heads or -blades, e.g. hammers, axes</text></CPC-specific-text></title-part></class-title></classification-item>
<classification-item breakdown-code="false" not-allocatable="false" level="8" additional-only="false" sort-key="B25F1/02" definition-exists="false" ipc-concordant="B25F1/02" c-set-base-allowed="false" c-set-subsequent-allowed="true" date-revised="2013-01-01" status="published"><classification-symbol>B25F1/02</classification-symbol><class-title date-revised="2013-01-01"><title-part><text>with interchangeable or adjustable tool elements</text></title-part></class-title>
<classification-item breakdown-code="false" not-allocatable="false" level="9" additional-only="false" sort-key="B25F1/04" definition-exists="false" ipc-concordant="B25F1/04" c-set-base-allowed="false" c-set-subsequent-allowed="true" date-revised="2013-01-01" status="published"><classification-symbol>B25F1/04</classification-symbol><class-title date-revised="2013-01-01"><title-part><text>wherein the elements are brought into working positions by a pivoting or sliding movement</text></title-part></class-title></classification-item></classification-item></classification-item>
<classification-item breakdown-code="false" not-allocatable="false" level="7" additional-only="false" sort-key="B25F3/00" definition-exists="true" ipc-concordant="B25F3/00" c-set-base-allowed="false" c-set-subsequent-allowed="true" date-revised="2013-01-01" status="published"><classification-symbol>B25F3/00</classification-symbol><class-title date-revised="2013-01-01"><title-part><text>Associations of tools for different working operations with one portable power-drive means</text></title-part><title-part><text>Adapters therefor</text></title-part></class-title></classification-item>
<classification-item breakdown-code="false" not-allocatable="false" level="7" additional-only="false" sort-key="B25F5/00" definition-exists="true" ipc-concordant="B25F5/00" c-set-base-allowed="false" c-set-subsequent-allowed="true" date-revised="2013-01-01" status="published"><classification-symbol>B25F5/00</classification-symbol><class-title date-revised="2013-01-01"><title-part><text>Details or components of portable power-driven tools not particularly related to the operations performed and not otherwise provided for</text></title-part></class-title>
<classification-item breakdown-code="false" not-allocatable="false" level="8" additional-only="false" sort-key="B25F5/001" definition-exists="false" ipc-concordant="B25F5/00" c-set-base-allowed="false" c-set-subsequent-allowed="true" date-revised="2013-01-01" status="published"><classification-symbol>B25F5/001</classification-symbol><class-title date-revised="2013-01-01"><title-part><CPC-specific-text><text>Gearings, speed selectors, clutches or the like specially adapted for rotary tools</text></CPC-specific-text></title-part></class-title></classification-item>
<classification-item breakdown-code="false" not-allocatable="false" level="8" additional-only="false" sort-key="B25F5/003" definition-exists="false" ipc-concordant="B25F5/00" c-set-base-allowed="false" c-set-subsequent-allowed="true" date-revised="2013-01-01" status="published"><classification-symbol>B25F5/003</classification-symbol><class-title date-revised="2013-01-01"><title-part><CPC-specific-text><text>Stops for limiting depth in rotary hand tools </text><reference><text>for drilling tools: <class-ref scheme="cpc">B23B49/003</class-ref></text></reference></CPC-specific-text></title-part></class-title></classification-item>
<classification-item breakdown-code="false" not-allocatable="false" level="8" additional-only="false" sort-key="B25F5/005" definition-exists="false" ipc-concordant="B25F5/00" c-set-base-allowed="false" c-set-subsequent-allowed="true" date-revised="2013-01-01" status="published"><classification-symbol>B25F5/005</classification-symbol><class-title date-revised="2013-01-01"><title-part><CPC-specific-text><text>Hydraulic driving means</text></CPC-specific-text></title-part></class-title></classification-item>
<classification-item breakdown-code="false" not-allocatable="false" level="8" additional-only="false" sort-key="B25F5/006" definition-exists="false" ipc-concordant="B25F5/00" c-set-base-allowed="false" c-set-subsequent-allowed="true" date-revised="2013-01-01" status="published"><classification-symbol>B25F5/006</classification-symbol><class-title date-revised="2013-01-01"><title-part><CPC-specific-text><text>Vibration damping means</text></CPC-specific-text></title-part></class-title></classification-item>
<classification-item breakdown-code="false" not-allocatable="false" level="8" additional-only="false" sort-key="B25F5/008" definition-exists="false" ipc-concordant="B25F5/00" c-set-base-allowed="false" c-set-subsequent-allowed="true" date-revised="2013-01-01" status="published"><classification-symbol>B25F5/008</classification-symbol><class-title date-revised="2013-01-01"><title-part><CPC-specific-text><text>Cooling means</text></CPC-specific-text></title-part></class-title></classification-item>
<classification-item breakdown-code="false" not-allocatable="false" level="8" additional-only="false" sort-key="B25F5/02" definition-exists="false" ipc-concordant="B25F5/02" c-set-base-allowed="false" c-set-subsequent-allowed="true" date-revised="2013-01-01" status="published"><classification-symbol>B25F5/02</classification-symbol><class-title date-revised="2013-01-01"><title-part><text>Construction of casings, bodies or handles </text><CPC-specific-text><reference><text><class-ref scheme="cpc">B25F5/006</class-ref>, <class-ref scheme="cpc">B25F5/008</class-ref> take precedence</text></reference></CPC-specific-text></title-part></class-title>
<classification-item breakdown-code="false" not-allocatable="false" level="9" additional-only="false" sort-key="B25F5/021" definition-exists="false" ipc-concordant="B25F5/02" c-set-base-allowed="false" c-set-subsequent-allowed="true" date-revised="2013-01-01" status="published"><classification-symbol>B25F5/021</classification-symbol><class-title date-revised="2013-01-01"><title-part><CPC-specific-text><text>with guiding devices </text><reference><text>guiding devices for hand tools on stands or supports <class-ref scheme="cpc">B25H1/0078</class-ref></text></reference></CPC-specific-text></title-part></class-title>
<classification-item breakdown-code="false" not-allocatable="false" level="10" additional-only="false" sort-key="B25F5/022" definition-exists="false" ipc-concordant="B25F5/02" c-set-base-allowed="false" c-set-subsequent-allowed="true" date-revised="2013-01-01" status="published"><classification-symbol>B25F5/022</classification-symbol><class-title date-revised="2013-01-01"><title-part><CPC-specific-text><text>with incorporated levels</text></CPC-specific-text></title-part></class-title></classification-item>
<classification-item breakdown-code="false" not-allocatable="false" level="10" additional-only="false" sort-key="B25F5/023" definition-exists="false" ipc-concordant="B25F5/02" c-set-base-allowed="false" c-set-subsequent-allowed="true" date-revised="2013-01-01" status="published"><classification-symbol>B25F5/023</classification-symbol><class-title date-revised="2013-01-01"><title-part><CPC-specific-text><text>with removably attached levels</text></CPC-specific-text></title-part></class-title>
<classification-item breakdown-code="false" not-allocatable="false" level="11" additional-only="false" sort-key="B25F5/024" definition-exists="false" ipc-concordant="B25F5/02" c-set-base-allowed="false" c-set-subsequent-allowed="true" date-revised="2013-01-01" status="published"><classification-symbol>B25F5/024</classification-symbol><class-title date-revised="2013-01-01"><title-part><CPC-specific-text><text>as part of an auxiliary handle</text></CPC-specific-text></title-part></class-title></classification-item></classification-item></classification-item>
<classification-item breakdown-code="false" not-allocatable="false" level="9" additional-only="false" sort-key="B25F5/025" definition-exists="false" ipc-concordant="B25F5/02" c-set-base-allowed="false" c-set-subsequent-allowed="true" date-revised="2013-01-01" status="published"><classification-symbol>B25F5/025</classification-symbol><class-title date-revised="2013-01-01"><title-part><CPC-specific-text><text>with torque reaction bars for rotary tools</text></CPC-specific-text></title-part></class-title>
<classification-item breakdown-code="false" not-allocatable="false" level="10" additional-only="false" sort-key="B25F5/026" definition-exists="false" ipc-concordant="B25F5/02" c-set-base-allowed="false" c-set-subsequent-allowed="true" date-revised="2013-01-01" status="published"><classification-symbol>B25F5/026</classification-symbol><class-title date-revised="2013-01-01"><title-part><CPC-specific-text><text>in the form of an auxiliary handle </text><reference><text><class-ref scheme="cpc">B25F5/024</class-ref> takes precedence</text></reference></CPC-specific-text></title-part></class-title>
<classification-item breakdown-code="false" not-allocatable="false" level="11" additional-only="false" sort-key="B25F5/027" definition-exists="false" ipc-concordant="B25F5/02" c-set-base-allowed="false" c-set-subsequent-allowed="true" date-revised="2013-01-01" status="published"><classification-symbol>B25F5/027</classification-symbol><class-title date-revised="2013-01-01"><title-part><CPC-specific-text><text>with storage compartments</text></CPC-specific-text></title-part></class-title></classification-item></classification-item>
<classification-item breakdown-code="false" not-allocatable="false" level="10" additional-only="false" sort-key="B25F5/028" definition-exists="false" ipc-concordant="B25F5/02" c-set-base-allowed="false" c-set-subsequent-allowed="true" date-revised="2013-01-01" status="published"><classification-symbol>B25F5/028</classification-symbol><class-title date-revised="2013-01-01"><title-part><CPC-specific-text><text>to be supported by a fixed object</text></CPC-specific-text></title-part></class-title></classification-item></classification-item>
<classification-item breakdown-code="false" not-allocatable="false" level="9" additional-only="false" sort-key="B25F5/029" definition-exists="false" ipc-concordant="B25F5/02" c-set-base-allowed="false" c-set-subsequent-allowed="true" date-revised="2013-01-01" status="published"><classification-symbol>B25F5/029</classification-symbol><class-title date-revised="2013-01-01"><title-part><CPC-specific-text><text>with storage compartments </text><reference><text><class-ref scheme="cpc">B25F5/027</class-ref> takes precedence; handles with provisions for storing tool elements <class-ref scheme="cpc">B25C1/08</class-ref></text></reference></CPC-specific-text></title-part></class-title></classification-item></classification-item></classification-item></classification-item></classification-item></class-scheme>