<?xml version="1.0" encoding="UTF-8"?>
<class-scheme publication-date="2023-08-01" scheme-type="cpc" publication-type="official">
<classification-item breakdown-code="false" not-allocatable="true" level="5" additional-only="false" sort-key="A01J" definition-exists="true" date-revised="2020-01-01" status="published"><classification-symbol>A01J</classification-symbol><class-title date-revised="2020-01-01"><title-part><text>MANUFACTURE OF DAIRY PRODUCTS </text><reference><text>for chemical matters, <u>see</u> subclass <class-ref scheme="cpc">A23C</class-ref></text></reference></title-part></class-title><notes-and-warnings><note type="warning"><note-paragraph><CPC-specific-note>In this subclass non-limiting references (in the sense of paragraph 39 of the Guide to the IPC) may still be displayed in the scheme.</CPC-specific-note></note-paragraph></note></notes-and-warnings>
<classification-item breakdown-code="false" not-allocatable="true" level="6" additional-only="false" sort-key="A01J1/00" date-revised="2013-01-01" status="published"><classification-symbol>A01J1/00</classification-symbol><class-title date-revised="2013-01-01"><title-part><text>Milking </text><reference><text>milking stations <class-ref scheme="cpc">A01K1/12</class-ref></text></reference></title-part></class-title>
<classification-item breakdown-code="false" not-allocatable="false" level="7" additional-only="false" sort-key="A01J1/00" definition-exists="true" ipc-concordant="A01J1/00" c-set-base-allowed="false" c-set-subsequent-allowed="true" date-revised="2013-01-01" status="published"><classification-symbol>A01J1/00</classification-symbol><class-title date-revised="2013-01-01"><title-part><text>Devices or accessories for milking by hand </text><reference><text>milking stools <class-ref scheme="cpc">A47C9/04</class-ref></text></reference></title-part></class-title></classification-item>
<classification-item breakdown-code="false" not-allocatable="false" level="7" additional-only="false" sort-key="A01J3/00" definition-exists="true" ipc-concordant="A01J3/00" c-set-base-allowed="false" c-set-subsequent-allowed="true" date-revised="2013-01-01" status="published"><classification-symbol>A01J3/00</classification-symbol><class-title date-revised="2013-01-01"><title-part><text>Milking with catheters</text></title-part></class-title></classification-item>
<classification-item breakdown-code="false" not-allocatable="false" level="7" additional-only="false" sort-key="A01J5/00" definition-exists="true" ipc-concordant="A01J5/00" c-set-base-allowed="false" c-set-subsequent-allowed="true" date-revised="2013-01-01" status="published"><classification-symbol>A01J5/00</classification-symbol><class-title date-revised="2013-01-01"><title-part><text>Milking machines or devices </text><reference><text><class-ref scheme="cpc">A01J1/00</class-ref>, <class-ref scheme="cpc">A01J3/00</class-ref> take precedence</text></reference></title-part></class-title>
<classification-item breakdown-code="false" not-allocatable="false" level="8" additional-only="false" sort-key="A01J5/003" definition-exists="false" ipc-concordant="A01J5/003" c-set-base-allowed="false" c-set-subsequent-allowed="true" date-revised="2013-01-01" status="published"><classification-symbol>A01J5/003</classification-symbol><class-title date-revised="2013-01-01"><title-part><text>Movable milking machines</text></title-part></class-title></classification-item>
<classification-item breakdown-code="false" not-allocatable="false" level="8" additional-only="false" sort-key="A01J5/007" definition-exists="false" ipc-concordant="A01J5/007" c-set-base-allowed="false" c-set-subsequent-allowed="true" date-revised="2013-01-01" status="published"><classification-symbol>A01J5/007</classification-symbol><class-title date-revised="2013-01-01"><title-part><text>Monitoring milking processes</text></title-part><title-part><text>Control or regulation of milking machines</text></title-part></class-title>
<classification-item breakdown-code="false" not-allocatable="false" level="9" additional-only="false" sort-key="A01J5/0075" definition-exists="false" ipc-concordant="A01J5/007" c-set-base-allowed="false" c-set-subsequent-allowed="true" date-revised="2013-01-01" status="published"><classification-symbol>A01J5/0075</classification-symbol><class-title date-revised="2013-01-01"><title-part><CPC-specific-text><text>with a specially adapted stimulation of the teats</text></CPC-specific-text></title-part></class-title></classification-item>
<classification-item breakdown-code="false" not-allocatable="false" level="9" additional-only="false" sort-key="A01J5/01" definition-exists="false" ipc-concordant="A01J5/01" c-set-base-allowed="false" c-set-subsequent-allowed="true" date-revised="2013-01-01" status="published"><classification-symbol>A01J5/01</classification-symbol><class-title date-revised="2013-01-01"><title-part><text>Milkmeters</text></title-part><title-part><text>Milk flow sensing devices </text><CPC-specific-text><reference><text>air or gas separators in combination with liquid meters <class-ref scheme="cpc">G01F15/08</class-ref></text></reference></CPC-specific-text></title-part></class-title></classification-item></classification-item>
<classification-item breakdown-code="false" not-allocatable="false" level="8" additional-only="false" sort-key="A01J5/013" definition-exists="false" ipc-concordant="A01J5/013" c-set-base-allowed="false" c-set-subsequent-allowed="true" date-revised="2013-01-01" status="published"><classification-symbol>A01J5/013</classification-symbol><class-title date-revised="2013-01-01"><title-part><text>On-site detection of mastitis in milk</text></title-part></class-title>
<classification-item breakdown-code="false" not-allocatable="false" level="9" additional-only="false" sort-key="A01J5/0131" definition-exists="false" ipc-concordant="A01J5/013" c-set-base-allowed="false" c-set-subsequent-allowed="true" date-revised="2013-01-01" status="published"><classification-symbol>A01J5/0131</classification-symbol><class-title date-revised="2013-01-01"><title-part><CPC-specific-text><text>by analysing the milk composition, e.g. concentration or detection of specific substances</text></CPC-specific-text></title-part></class-title>
<classification-item breakdown-code="false" not-allocatable="false" level="10" additional-only="false" sort-key="A01J5/0132" definition-exists="false" ipc-concordant="A01J5/013" c-set-base-allowed="false" c-set-subsequent-allowed="true" date-revised="2013-01-01" status="published"><classification-symbol>A01J5/0132</classification-symbol><class-title date-revised="2013-01-01"><title-part><CPC-specific-text><text>using a cell counter</text></CPC-specific-text></title-part></class-title></classification-item></classification-item>
<classification-item breakdown-code="false" not-allocatable="false" level="9" additional-only="false" sort-key="A01J5/0133" definition-exists="false" ipc-concordant="A01J5/013" c-set-base-allowed="false" c-set-subsequent-allowed="true" date-revised="2013-01-01" status="published"><classification-symbol>A01J5/0133</classification-symbol><class-title date-revised="2013-01-01"><title-part><CPC-specific-text><text>by using electricity, e.g. conductivity or capacitance</text></CPC-specific-text></title-part></class-title></classification-item>
<classification-item breakdown-code="false" not-allocatable="false" level="9" additional-only="false" sort-key="A01J5/0134" definition-exists="false" ipc-concordant="A01J5/013" c-set-base-allowed="false" c-set-subsequent-allowed="true" date-revised="2013-01-01" status="published"><classification-symbol>A01J5/0134</classification-symbol><class-title date-revised="2013-01-01"><title-part><CPC-specific-text><text>by using filters or decanters</text></CPC-specific-text></title-part></class-title></classification-item>
<classification-item breakdown-code="false" not-allocatable="false" level="9" additional-only="false" sort-key="A01J5/0135" definition-exists="false" ipc-concordant="A01J5/013" c-set-base-allowed="false" c-set-subsequent-allowed="true" date-revised="2013-01-01" status="published"><classification-symbol>A01J5/0135</classification-symbol><class-title date-revised="2013-01-01"><title-part><CPC-specific-text><text>by using light, e.g. light absorption or light transmission</text></CPC-specific-text></title-part></class-title></classification-item>
<classification-item breakdown-code="false" not-allocatable="false" level="9" additional-only="false" sort-key="A01J5/0136" definition-exists="false" ipc-concordant="A01J5/013" c-set-base-allowed="false" c-set-subsequent-allowed="true" date-revised="2013-01-01" status="published"><classification-symbol>A01J5/0136</classification-symbol><class-title date-revised="2013-01-01"><title-part><CPC-specific-text><text>by using milk flow characteristics, e.g. differences between udder quarters or differences with previous milking runs</text></CPC-specific-text></title-part></class-title></classification-item>
<classification-item breakdown-code="false" not-allocatable="false" level="9" additional-only="false" sort-key="A01J5/0137" definition-exists="false" ipc-concordant="A01J5/013" c-set-base-allowed="false" c-set-subsequent-allowed="true" date-revised="2013-01-01" status="published"><classification-symbol>A01J5/0137</classification-symbol><class-title date-revised="2013-01-01"><title-part><CPC-specific-text><text>by using sound, e.g. ultrasonic detection</text></CPC-specific-text></title-part></class-title></classification-item>
<classification-item breakdown-code="false" not-allocatable="false" level="9" additional-only="false" sort-key="A01J5/0138" definition-exists="false" ipc-concordant="A01J5/013" c-set-base-allowed="false" c-set-subsequent-allowed="true" date-revised="2013-01-01" status="published"><classification-symbol>A01J5/0138</classification-symbol><class-title date-revised="2013-01-01"><title-part><CPC-specific-text><text>by using temperature</text></CPC-specific-text></title-part></class-title></classification-item></classification-item>
<classification-item breakdown-code="false" not-allocatable="false" level="8" additional-only="false" sort-key="A01J5/017" definition-exists="false" ipc-concordant="A01J5/017" c-set-base-allowed="false" c-set-subsequent-allowed="true" date-revised="2013-01-01" status="published"><classification-symbol>A01J5/017</classification-symbol><class-title date-revised="2013-01-01"><title-part><text>Automatic attaching or detaching of clusters</text></title-part></class-title>
<classification-item breakdown-code="false" not-allocatable="false" level="9" additional-only="false" sort-key="A01J5/0175" definition-exists="false" ipc-concordant="A01J5/017" c-set-base-allowed="false" c-set-subsequent-allowed="true" date-revised="2013-01-01" status="published"><classification-symbol>A01J5/0175</classification-symbol><class-title date-revised="2013-01-01"><title-part><CPC-specific-text><text>Attaching of clusters</text></CPC-specific-text></title-part></class-title></classification-item></classification-item>
<classification-item breakdown-code="false" not-allocatable="false" level="8" additional-only="false" sort-key="A01J5/02" definition-exists="false" ipc-concordant="A01J5/02" c-set-base-allowed="false" c-set-subsequent-allowed="true" date-revised="2013-01-01" status="published"><classification-symbol>A01J5/02</classification-symbol><class-title date-revised="2013-01-01"><title-part><text>with mechanical manipulation of teats</text></title-part></class-title></classification-item>
<classification-item breakdown-code="false" not-allocatable="false" level="8" additional-only="false" sort-key="A01J5/04" definition-exists="false" ipc-concordant="A01J5/04" c-set-base-allowed="false" c-set-subsequent-allowed="true" date-revised="2013-01-01" status="published"><classification-symbol>A01J5/04</classification-symbol><class-title date-revised="2013-01-01"><title-part><text>with pneumatic manipulation of teats</text></title-part></class-title>
<classification-item breakdown-code="false" not-allocatable="false" level="9" additional-only="false" sort-key="A01J5/041" definition-exists="false" ipc-concordant="A01J5/04" c-set-base-allowed="false" c-set-subsequent-allowed="true" date-revised="2013-01-01" status="published"><classification-symbol>A01J5/041</classification-symbol><class-title date-revised="2013-01-01"><title-part><CPC-specific-text><text>Milk claw</text></CPC-specific-text></title-part></class-title></classification-item>
<classification-item breakdown-code="false" not-allocatable="false" level="9" additional-only="false" sort-key="A01J5/042" definition-exists="false" ipc-concordant="A01J5/04" c-set-base-allowed="false" c-set-subsequent-allowed="true" date-revised="2013-01-01" status="published"><classification-symbol>A01J5/042</classification-symbol><class-title date-revised="2013-01-01"><title-part><CPC-specific-text><text>Milk releaser</text></CPC-specific-text></title-part></class-title></classification-item>
<classification-item breakdown-code="false" not-allocatable="false" level="9" additional-only="false" sort-key="A01J5/044" definition-exists="false" ipc-concordant="A01J5/04" c-set-base-allowed="false" c-set-subsequent-allowed="true" date-revised="2013-01-01" status="published"><classification-symbol>A01J5/044</classification-symbol><class-title date-revised="2013-01-01"><title-part><CPC-specific-text><text>Milk lines or coupling devices for milk conduits</text></CPC-specific-text></title-part></class-title></classification-item>
<classification-item breakdown-code="false" not-allocatable="false" level="9" additional-only="false" sort-key="A01J5/045" definition-exists="false" ipc-concordant="A01J5/04" c-set-base-allowed="false" c-set-subsequent-allowed="true" date-revised="2013-01-01" status="published"><classification-symbol>A01J5/045</classification-symbol><class-title date-revised="2013-01-01"><title-part><CPC-specific-text><text>Taking milk-samples </text><reference><text>sampling in general <class-ref scheme="cpc">G01N1/00</class-ref></text></reference></CPC-specific-text></title-part></class-title></classification-item>
<classification-item breakdown-code="false" not-allocatable="false" level="9" additional-only="false" sort-key="A01J5/047" definition-exists="false" ipc-concordant="A01J5/04" c-set-base-allowed="false" c-set-subsequent-allowed="true" date-revised="2013-01-01" status="published"><classification-symbol>A01J5/047</classification-symbol><class-title date-revised="2013-01-01"><title-part><CPC-specific-text><text>Vacuum generating means, e.g. by connecting to the air-inlet of a tractor engine </text><reference><text>vacuum pumps <class-ref scheme="cpc">F04</class-ref></text></reference></CPC-specific-text></title-part></class-title>
<classification-item breakdown-code="false" not-allocatable="false" level="10" additional-only="false" sort-key="A01J5/048" definition-exists="false" ipc-concordant="A01J5/04" c-set-base-allowed="false" c-set-subsequent-allowed="true" date-revised="2013-01-01" status="published"><classification-symbol>A01J5/048</classification-symbol><class-title date-revised="2013-01-01"><title-part><CPC-specific-text><text>Vacuum regulators</text></CPC-specific-text></title-part></class-title></classification-item></classification-item>
<classification-item breakdown-code="false" not-allocatable="false" level="9" additional-only="false" sort-key="A01J5/06" definition-exists="false" ipc-concordant="A01J5/06" c-set-base-allowed="false" c-set-subsequent-allowed="true" date-revised="2013-01-01" status="published"><classification-symbol>A01J5/06</classification-symbol><class-title date-revised="2013-01-01"><title-part><text>Teat-cups with one chamber</text></title-part></class-title></classification-item>
<classification-item breakdown-code="false" not-allocatable="false" level="9" additional-only="false" sort-key="A01J5/08" definition-exists="false" ipc-concordant="A01J5/08" c-set-base-allowed="false" c-set-subsequent-allowed="true" date-revised="2013-01-01" status="published"><classification-symbol>A01J5/08</classification-symbol><class-title date-revised="2013-01-01"><title-part><text>Teat-cups with two chambers</text></title-part></class-title></classification-item>
<classification-item breakdown-code="false" not-allocatable="false" level="9" additional-only="false" sort-key="A01J5/10" definition-exists="false" ipc-concordant="A01J5/10" c-set-base-allowed="false" c-set-subsequent-allowed="true" date-revised="2013-01-01" status="published"><classification-symbol>A01J5/10</classification-symbol><class-title date-revised="2013-01-01"><title-part><text>Pulsators arranged otherwise than on teat-cups</text></title-part></class-title>
<classification-item breakdown-code="false" not-allocatable="false" level="10" additional-only="false" sort-key="A01J5/12" definition-exists="false" ipc-concordant="A01J5/12" c-set-base-allowed="false" c-set-subsequent-allowed="true" date-revised="2013-01-01" status="published"><classification-symbol>A01J5/12</classification-symbol><class-title date-revised="2013-01-01"><title-part><text>with membranes</text></title-part></class-title></classification-item>
<classification-item breakdown-code="false" not-allocatable="false" level="10" additional-only="false" sort-key="A01J5/14" definition-exists="false" ipc-concordant="A01J5/14" c-set-base-allowed="false" c-set-subsequent-allowed="true" date-revised="2013-01-01" status="published"><classification-symbol>A01J5/14</classification-symbol><class-title date-revised="2013-01-01"><title-part><text>electromagnetically controlled</text></title-part></class-title></classification-item></classification-item>
<classification-item breakdown-code="false" not-allocatable="false" level="9" additional-only="false" sort-key="A01J5/16" definition-exists="false" ipc-concordant="A01J5/16" c-set-base-allowed="false" c-set-subsequent-allowed="true" date-revised="2013-01-01" status="published"><classification-symbol>A01J5/16</classification-symbol><class-title date-revised="2013-01-01"><title-part><text>Teat-cups with pulsating devices</text></title-part></class-title></classification-item></classification-item></classification-item>
<classification-item breakdown-code="false" not-allocatable="false" level="7" additional-only="false" sort-key="A01J7/00" definition-exists="true" ipc-concordant="A01J7/00" c-set-base-allowed="false" c-set-subsequent-allowed="true" date-revised="2013-01-01" status="published"><classification-symbol>A01J7/00</classification-symbol><class-title date-revised="2013-01-01"><title-part><text>Accessories for milking machines or devices</text></title-part></class-title>
<classification-item breakdown-code="false" not-allocatable="false" level="8" additional-only="false" sort-key="A01J7/005" definition-exists="false" ipc-concordant="A01J7/00" c-set-base-allowed="false" c-set-subsequent-allowed="true" date-revised="2013-01-01" status="published"><classification-symbol>A01J7/005</classification-symbol><class-title date-revised="2013-01-01"><title-part><CPC-specific-text><text>Automatic vacuum shutoff at the end of milking</text></CPC-specific-text></title-part></class-title></classification-item>
<classification-item breakdown-code="false" not-allocatable="false" level="8" additional-only="false" sort-key="A01J7/02" definition-exists="true" ipc-concordant="A01J7/02" c-set-base-allowed="false" c-set-subsequent-allowed="true" date-revised="2020-01-01" status="published"><classification-symbol>A01J7/02</classification-symbol><class-title date-revised="2020-01-01"><title-part><text>for cleaning or sanitising milking machines or devices</text></title-part></class-title>
<classification-item breakdown-code="false" not-allocatable="false" level="9" additional-only="false" sort-key="A01J7/022" definition-exists="false" ipc-concordant="A01J7/02" c-set-base-allowed="false" c-set-subsequent-allowed="true" date-revised="2013-01-01" status="published"><classification-symbol>A01J7/022</classification-symbol><class-title date-revised="2013-01-01"><title-part><CPC-specific-text><text>Clean-in-Place Systems, i.e. CIP, for cleaning the complete milking installation in place</text></CPC-specific-text></title-part></class-title></classification-item>
<classification-item breakdown-code="false" not-allocatable="false" level="9" additional-only="false" sort-key="A01J7/025" definition-exists="false" ipc-concordant="A01J7/02" c-set-base-allowed="false" c-set-subsequent-allowed="true" date-revised="2013-01-01" status="published"><classification-symbol>A01J7/025</classification-symbol><class-title date-revised="2013-01-01"><title-part><CPC-specific-text><text>Teat cup cleaning, e.g. by rinse jetters or nozzles</text></CPC-specific-text></title-part></class-title></classification-item>
<classification-item breakdown-code="false" not-allocatable="false" level="9" additional-only="false" sort-key="A01J7/027" definition-exists="false" ipc-concordant="A01J7/02" c-set-base-allowed="false" c-set-subsequent-allowed="true" date-revised="2013-01-01" status="published"><classification-symbol>A01J7/027</classification-symbol><class-title date-revised="2013-01-01"><title-part><CPC-specific-text><text>Vessel cleaning, e.g. cleansing of milk tanks, milk vessels or milk separators</text></CPC-specific-text></title-part></class-title></classification-item></classification-item>
<classification-item breakdown-code="false" not-allocatable="false" level="8" additional-only="false" sort-key="A01J7/04" definition-exists="false" ipc-concordant="A01J7/04" c-set-base-allowed="false" c-set-subsequent-allowed="true" date-revised="2013-01-01" status="published"><classification-symbol>A01J7/04</classification-symbol><class-title date-revised="2013-01-01"><title-part><text>for treatment of udders or teats, e.g. for cleaning</text></title-part></class-title></classification-item></classification-item>
<classification-item breakdown-code="false" not-allocatable="false" level="7" additional-only="false" sort-key="A01J9/00" definition-exists="true" ipc-concordant="A01J9/00" c-set-base-allowed="false" c-set-subsequent-allowed="true" date-revised="2020-01-01" status="published"><classification-symbol>A01J9/00</classification-symbol><class-title date-revised="2020-01-01"><title-part><text>Milk receptacles</text></title-part></class-title>
<classification-item breakdown-code="false" not-allocatable="false" level="8" additional-only="false" sort-key="A01J9/02" definition-exists="false" ipc-concordant="A01J9/02" c-set-base-allowed="false" c-set-subsequent-allowed="true" date-revised="2013-01-01" status="published"><classification-symbol>A01J9/02</classification-symbol><class-title date-revised="2013-01-01"><title-part><text>with straining or filtering devices</text></title-part></class-title></classification-item>
<classification-item breakdown-code="false" not-allocatable="false" level="8" additional-only="false" sort-key="A01J9/04" definition-exists="false" ipc-concordant="A01J9/04" c-set-base-allowed="false" c-set-subsequent-allowed="true" date-revised="2013-01-01" status="published"><classification-symbol>A01J9/04</classification-symbol><class-title date-revised="2013-01-01"><title-part><text>with cooling arrangements</text></title-part></class-title></classification-item>
<classification-item breakdown-code="false" not-allocatable="false" level="8" additional-only="false" sort-key="A01J9/06" definition-exists="false" ipc-concordant="A01J9/06" c-set-base-allowed="false" c-set-subsequent-allowed="true" date-revised="2013-01-01" status="published"><classification-symbol>A01J9/06</classification-symbol><class-title date-revised="2013-01-01"><title-part><text>with self-closing valve</text></title-part></class-title></classification-item>
<classification-item breakdown-code="false" not-allocatable="false" level="8" additional-only="false" sort-key="A01J9/08" definition-exists="false" ipc-concordant="A01J9/08" c-set-base-allowed="false" c-set-subsequent-allowed="true" date-revised="2013-01-01" status="published"><classification-symbol>A01J9/08</classification-symbol><class-title date-revised="2013-01-01"><title-part><text>Holding or supporting devices for milking receptacles</text></title-part></class-title></classification-item>
<classification-item breakdown-code="false" not-allocatable="false" level="8" additional-only="false" sort-key="A01J9/10" definition-exists="false" ipc-concordant="A01J9/10" c-set-base-allowed="false" c-set-subsequent-allowed="true" date-revised="2013-01-01" status="published"><classification-symbol>A01J9/10</classification-symbol><class-title date-revised="2013-01-01"><title-part><text>Milking pails connected with milking stools</text></title-part></class-title></classification-item></classification-item></classification-item>
<classification-item breakdown-code="false" not-allocatable="true" level="6" additional-only="false" sort-key="A01J11/00" date-revised="2013-01-01" status="published"><classification-symbol>A01J11/00</classification-symbol><class-title date-revised="2013-01-01"><title-part><text>Treatment of milk or cream</text></title-part></class-title>
<classification-item breakdown-code="false" not-allocatable="false" level="7" additional-only="false" sort-key="A01J11/00" definition-exists="true" ipc-concordant="A01J11/00" c-set-base-allowed="false" c-set-subsequent-allowed="true" date-revised="2020-01-01" status="published"><classification-symbol>A01J11/00</classification-symbol><class-title date-revised="2020-01-01"><title-part><text>Apparatus for treating milk </text><reference><text>dairy concentration, evaporation or drying <class-ref scheme="cpc">A23C1/00</class-ref>; preservation of milk or milk preparations <class-ref scheme="cpc">A23C3/00</class-ref></text></reference></title-part></class-title>
<classification-item breakdown-code="false" not-allocatable="false" level="8" additional-only="false" sort-key="A01J11/02" definition-exists="true" ipc-concordant="A01J11/02" c-set-base-allowed="false" c-set-subsequent-allowed="true" date-revised="2020-01-01" status="published"><classification-symbol>A01J11/02</classification-symbol><class-title date-revised="2020-01-01"><title-part><text>Appliances for preventing or destroying foam </text><reference><text>preventing boiling-over of milk in kitchen cooking vessels <class-ref scheme="cpc">A47J27/56</class-ref></text></reference></title-part></class-title></classification-item>
<classification-item breakdown-code="false" not-allocatable="false" level="8" additional-only="false" sort-key="A01J11/04" definition-exists="true" ipc-concordant="A01J11/04" c-set-base-allowed="false" c-set-subsequent-allowed="true" date-revised="2020-01-01" status="published"><classification-symbol>A01J11/04</classification-symbol><class-title date-revised="2020-01-01"><title-part><text>Appliances for aerating or de-aerating milk</text></title-part></class-title></classification-item>
<classification-item breakdown-code="false" not-allocatable="false" level="8" additional-only="false" sort-key="A01J11/06" definition-exists="true" ipc-concordant="A01J11/06" c-set-base-allowed="false" c-set-subsequent-allowed="true" date-revised="2020-01-01" status="published"><classification-symbol>A01J11/06</classification-symbol><class-title date-revised="2020-01-01"><title-part><text>Strainers or filters for milk</text></title-part></class-title>
<classification-item breakdown-code="false" not-allocatable="false" level="9" additional-only="false" sort-key="A01J11/08" definition-exists="false" ipc-concordant="A01J11/08" c-set-base-allowed="false" c-set-subsequent-allowed="true" date-revised="2013-01-01" status="published"><classification-symbol>A01J11/08</classification-symbol><class-title date-revised="2013-01-01"><title-part><text>Holders for strainers or cloth filters</text></title-part></class-title></classification-item></classification-item>
<classification-item breakdown-code="false" not-allocatable="false" level="8" additional-only="false" sort-key="A01J11/10" definition-exists="true" ipc-concordant="A01J11/10" c-set-base-allowed="false" c-set-subsequent-allowed="true" date-revised="2020-01-01" status="published"><classification-symbol>A01J11/10</classification-symbol><class-title date-revised="2020-01-01"><title-part><text>Separating milk from cream</text></title-part></class-title>
<classification-item breakdown-code="false" not-allocatable="false" level="9" additional-only="false" sort-key="A01J11/12" definition-exists="false" ipc-concordant="A01J11/12" c-set-base-allowed="false" c-set-subsequent-allowed="true" date-revised="2013-01-01" status="published"><classification-symbol>A01J11/12</classification-symbol><class-title date-revised="2013-01-01"><title-part><text>Appliances for removing cream</text></title-part></class-title>
<classification-item breakdown-code="false" not-allocatable="false" level="10" additional-only="false" sort-key="A01J11/14" definition-exists="false" ipc-concordant="A01J11/14" c-set-base-allowed="false" c-set-subsequent-allowed="true" date-revised="2013-01-01" status="published"><classification-symbol>A01J11/14</classification-symbol><class-title date-revised="2013-01-01"><title-part><text>by raising the level of the milk</text></title-part></class-title></classification-item></classification-item></classification-item>
<classification-item breakdown-code="false" not-allocatable="false" level="8" additional-only="false" sort-key="A01J11/16" definition-exists="true" ipc-concordant="A01J11/16" c-set-base-allowed="false" c-set-subsequent-allowed="true" date-revised="2020-01-01" status="published"><classification-symbol>A01J11/16</classification-symbol><class-title date-revised="2020-01-01"><title-part><text>Homogenising milk</text></title-part></class-title></classification-item></classification-item>
<classification-item breakdown-code="false" not-allocatable="false" level="7" additional-only="false" sort-key="A01J13/00" definition-exists="true" ipc-concordant="A01J13/00" c-set-base-allowed="false" c-set-subsequent-allowed="true" date-revised="2013-01-01" status="published"><classification-symbol>A01J13/00</classification-symbol><class-title date-revised="2013-01-01"><title-part><text>Tanks for treating cream</text></title-part></class-title></classification-item>
<classification-item breakdown-code="false" not-allocatable="false" level="7" additional-only="false" sort-key="A01J15/00" definition-exists="true" ipc-concordant="A01J15/00" c-set-base-allowed="false" c-set-subsequent-allowed="true" date-revised="2013-01-01" status="published"><classification-symbol>A01J15/00</classification-symbol><class-title date-revised="2013-01-01"><title-part><text>Manufacturing butter</text></title-part></class-title>
<classification-item breakdown-code="false" not-allocatable="false" level="8" additional-only="false" sort-key="A01J15/02" definition-exists="false" ipc-concordant="A01J15/02" c-set-base-allowed="false" c-set-subsequent-allowed="true" date-revised="2013-01-01" status="published"><classification-symbol>A01J15/02</classification-symbol><class-title date-revised="2013-01-01"><title-part><text>Stationary churns with beating equipment</text></title-part></class-title></classification-item>
<classification-item breakdown-code="false" not-allocatable="false" level="8" additional-only="false" sort-key="A01J15/04" definition-exists="false" ipc-concordant="A01J15/04" c-set-base-allowed="false" c-set-subsequent-allowed="true" date-revised="2013-01-01" status="published"><classification-symbol>A01J15/04</classification-symbol><class-title date-revised="2013-01-01"><title-part><text>Rotating or oscillating churns</text></title-part></class-title>
<classification-item breakdown-code="false" not-allocatable="false" level="9" additional-only="false" sort-key="A01J15/06" definition-exists="false" ipc-concordant="A01J15/06" c-set-base-allowed="false" c-set-subsequent-allowed="true" date-revised="2013-01-01" status="published"><classification-symbol>A01J15/06</classification-symbol><class-title date-revised="2013-01-01"><title-part><text>with beating equipment which is movable in respect of the churn wall</text></title-part></class-title></classification-item>
<classification-item breakdown-code="false" not-allocatable="false" level="9" additional-only="false" sort-key="A01J15/08" definition-exists="false" ipc-concordant="A01J15/08" c-set-base-allowed="false" c-set-subsequent-allowed="true" date-revised="2013-01-01" status="published"><classification-symbol>A01J15/08</classification-symbol><class-title date-revised="2013-01-01"><title-part><text>without beating equipment which is movable in respect of the churn wall</text></title-part></class-title></classification-item></classification-item>
<classification-item breakdown-code="false" not-allocatable="false" level="8" additional-only="false" sort-key="A01J15/10" definition-exists="false" ipc-concordant="A01J15/10" c-set-base-allowed="false" c-set-subsequent-allowed="true" date-revised="2013-01-01" status="published"><classification-symbol>A01J15/10</classification-symbol><class-title date-revised="2013-01-01"><title-part><text>Devices for manufacturing butter other than by churns</text></title-part></class-title>
<classification-item breakdown-code="false" not-allocatable="false" level="9" additional-only="false" sort-key="A01J15/12" definition-exists="false" ipc-concordant="A01J15/12" c-set-base-allowed="false" c-set-subsequent-allowed="true" date-revised="2013-01-01" status="published"><classification-symbol>A01J15/12</classification-symbol><class-title date-revised="2013-01-01"><title-part><text>with arrangements for making butter in a continuous process</text></title-part></class-title></classification-item></classification-item>
<classification-item breakdown-code="false" not-allocatable="false" level="8" additional-only="false" sort-key="A01J15/14" definition-exists="false" ipc-concordant="A01J15/14" c-set-base-allowed="false" c-set-subsequent-allowed="true" date-revised="2013-01-01" status="published"><classification-symbol>A01J15/14</classification-symbol><class-title date-revised="2013-01-01"><title-part><text>Churns with arrangements for making butter by blowing-in air</text></title-part></class-title></classification-item>
<classification-item breakdown-code="false" not-allocatable="false" level="8" additional-only="false" sort-key="A01J15/16" definition-exists="false" ipc-concordant="A01J15/16" c-set-base-allowed="false" c-set-subsequent-allowed="true" date-revised="2013-01-01" status="published"><classification-symbol>A01J15/16</classification-symbol><class-title date-revised="2013-01-01"><title-part><text>Details</text></title-part><title-part><text>Accessories</text></title-part></class-title>
<classification-item breakdown-code="false" not-allocatable="false" level="9" additional-only="false" sort-key="A01J15/18" definition-exists="false" ipc-concordant="A01J15/18" c-set-base-allowed="false" c-set-subsequent-allowed="true" date-revised="2013-01-01" status="published"><classification-symbol>A01J15/18</classification-symbol><class-title date-revised="2013-01-01"><title-part><text>Devices for de-aerating</text></title-part></class-title></classification-item>
<classification-item breakdown-code="false" not-allocatable="false" level="9" additional-only="false" sort-key="A01J15/20" definition-exists="false" ipc-concordant="A01J15/20" c-set-base-allowed="false" c-set-subsequent-allowed="true" date-revised="2013-01-01" status="published"><classification-symbol>A01J15/20</classification-symbol><class-title date-revised="2013-01-01"><title-part><text>Incorporation of revolution counters</text></title-part><title-part><text>Incorporation of alarm devices</text></title-part></class-title></classification-item>
<classification-item breakdown-code="false" not-allocatable="false" level="9" additional-only="false" sort-key="A01J15/22" definition-exists="false" ipc-concordant="A01J15/22" c-set-base-allowed="false" c-set-subsequent-allowed="true" date-revised="2013-01-01" status="published"><classification-symbol>A01J15/22</classification-symbol><class-title date-revised="2013-01-01"><title-part><text>Lids or covers for butter churns</text></title-part></class-title></classification-item>
<classification-item breakdown-code="false" not-allocatable="false" level="9" additional-only="false" sort-key="A01J15/24" definition-exists="false" ipc-concordant="A01J15/24" c-set-base-allowed="false" c-set-subsequent-allowed="true" date-revised="2013-01-01" status="published"><classification-symbol>A01J15/24</classification-symbol><class-title date-revised="2013-01-01"><title-part><text>Beaters for butter churns</text></title-part></class-title></classification-item>
<classification-item breakdown-code="false" not-allocatable="false" level="9" additional-only="false" sort-key="A01J15/25" definition-exists="true" ipc-concordant="A01J15/25" c-set-base-allowed="false" c-set-subsequent-allowed="true" date-revised="2020-01-01" status="published"><classification-symbol>A01J15/25</classification-symbol><class-title date-revised="2020-01-01"><title-part><text>Means for removing butter from churns or the like</text></title-part></class-title></classification-item></classification-item>
<classification-item breakdown-code="false" not-allocatable="false" level="8" additional-only="false" sort-key="A01J15/26" definition-exists="false" ipc-concordant="A01J15/26" c-set-base-allowed="false" c-set-subsequent-allowed="true" date-revised="2013-01-01" status="published"><classification-symbol>A01J15/26</classification-symbol><class-title date-revised="2013-01-01"><title-part><text>Combined appliances for separating, churning and kneading</text></title-part></class-title></classification-item>
<classification-item breakdown-code="false" not-allocatable="false" level="8" additional-only="false" sort-key="A01J15/28" definition-exists="false" ipc-concordant="A01J15/28" c-set-base-allowed="false" c-set-subsequent-allowed="true" date-revised="2013-01-01" status="published"><classification-symbol>A01J15/28</classification-symbol><class-title date-revised="2013-01-01"><title-part><text>Driving mechanisms</text></title-part></class-title></classification-item></classification-item></classification-item>
<classification-item breakdown-code="false" not-allocatable="true" level="6" additional-only="false" sort-key="A01J17/00" date-revised="2013-01-01" status="published"><classification-symbol>A01J17/00</classification-symbol><class-title date-revised="2013-01-01"><title-part><text>Kneading or forming butter</text></title-part><title-part><text>Kneading or forming margarine or butter substitutes</text></title-part></class-title>
<classification-item breakdown-code="false" not-allocatable="false" level="7" additional-only="false" sort-key="A01J17/00" definition-exists="true" ipc-concordant="A01J17/00" c-set-base-allowed="false" c-set-subsequent-allowed="true" date-revised="2020-01-01" status="published"><classification-symbol>A01J17/00</classification-symbol><class-title date-revised="2020-01-01"><title-part><text>Kneading machines for butter, or the like</text></title-part></class-title></classification-item>
<classification-item breakdown-code="false" not-allocatable="false" level="7" additional-only="false" sort-key="A01J19/00" definition-exists="true" ipc-concordant="A01J19/00" c-set-base-allowed="false" c-set-subsequent-allowed="true" date-revised="2013-01-01" status="published"><classification-symbol>A01J19/00</classification-symbol><class-title date-revised="2013-01-01"><title-part><text>Hand devices for forming slabs of butter, or the like</text></title-part></class-title></classification-item>
<classification-item breakdown-code="false" not-allocatable="false" level="7" additional-only="false" sort-key="A01J21/00" definition-exists="true" ipc-concordant="A01J21/00" c-set-base-allowed="false" c-set-subsequent-allowed="true" date-revised="2013-01-01" status="published"><classification-symbol>A01J21/00</classification-symbol><class-title date-revised="2013-01-01"><title-part><text>Machines for forming slabs of butter, or the like</text></title-part></class-title>
<classification-item breakdown-code="false" not-allocatable="false" level="8" additional-only="false" sort-key="A01J21/02" definition-exists="false" ipc-concordant="A01J21/02" c-set-base-allowed="false" c-set-subsequent-allowed="true" date-revised="2013-01-01" status="published"><classification-symbol>A01J21/02</classification-symbol><class-title date-revised="2013-01-01"><title-part><text>with extruding arrangements and cutting devices, with or without packing devices</text></title-part></class-title></classification-item></classification-item>
<classification-item breakdown-code="false" not-allocatable="false" level="7" additional-only="false" sort-key="A01J23/00" definition-exists="true" ipc-concordant="A01J23/00" c-set-base-allowed="false" c-set-subsequent-allowed="true" date-revised="2013-01-01" status="published"><classification-symbol>A01J23/00</classification-symbol><class-title date-revised="2013-01-01"><title-part><text>Devices for dividing bulk butter, or the like</text></title-part></class-title></classification-item></classification-item>
<classification-item breakdown-code="false" not-allocatable="true" level="6" additional-only="false" sort-key="A01J25/00" date-revised="2013-01-01" status="published"><classification-symbol>A01J25/00</classification-symbol><class-title date-revised="2013-01-01"><title-part><text>Cheese-making</text></title-part></class-title>
<classification-item breakdown-code="false" not-allocatable="false" level="7" additional-only="false" sort-key="A01J25/00" definition-exists="true" ipc-concordant="A01J25/00" c-set-base-allowed="false" c-set-subsequent-allowed="true" date-revised="2013-01-01" status="published"><classification-symbol>A01J25/00</classification-symbol><class-title date-revised="2013-01-01"><title-part><text>Cheese-making </text><reference><text>coating the cheese <class-ref scheme="cpc">A01J27/02</class-ref></text></reference></title-part></class-title>
<classification-item breakdown-code="false" not-allocatable="false" level="8" additional-only="false" sort-key="A01J25/001" definition-exists="false" ipc-concordant="A01J25/00" c-set-base-allowed="false" c-set-subsequent-allowed="true" date-revised="2013-01-01" status="published"><classification-symbol>A01J25/001</classification-symbol><class-title date-revised="2013-01-01"><title-part><CPC-specific-text><text>in basins</text></CPC-specific-text></title-part></class-title></classification-item>
<classification-item breakdown-code="false" not-allocatable="false" level="8" additional-only="false" sort-key="A01J25/002" definition-exists="false" ipc-concordant="A01J25/00" c-set-base-allowed="false" c-set-subsequent-allowed="true" date-revised="2013-01-01" status="published"><classification-symbol>A01J25/002</classification-symbol><class-title date-revised="2013-01-01"><title-part><CPC-specific-text><text>continuously</text></CPC-specific-text></title-part></class-title></classification-item>
<classification-item breakdown-code="false" not-allocatable="false" level="8" additional-only="false" sort-key="A01J25/004" definition-exists="false" ipc-concordant="A01J25/00" c-set-base-allowed="false" c-set-subsequent-allowed="true" date-revised="2013-01-01" status="published"><classification-symbol>A01J25/004</classification-symbol><class-title date-revised="2013-01-01"><title-part><CPC-specific-text><text>by filling curd into permanent containers, i.e. for sale of the final product</text></CPC-specific-text></title-part></class-title></classification-item>
<classification-item breakdown-code="false" not-allocatable="false" level="8" additional-only="false" sort-key="A01J25/005" definition-exists="false" ipc-concordant="A01J25/00" c-set-base-allowed="false" c-set-subsequent-allowed="true" date-revised="2013-01-01" status="published"><classification-symbol>A01J25/005</classification-symbol><class-title date-revised="2013-01-01"><title-part><CPC-specific-text><text>with salting the curd</text></CPC-specific-text></title-part></class-title></classification-item>
<classification-item breakdown-code="false" not-allocatable="false" level="8" additional-only="false" sort-key="A01J25/007" definition-exists="false" ipc-concordant="A01J25/00" c-set-base-allowed="false" c-set-subsequent-allowed="true" date-revised="2013-01-01" status="published"><classification-symbol>A01J25/007</classification-symbol><class-title date-revised="2013-01-01"><title-part><CPC-specific-text><text>Apparatus for making soft unripened cheese, e.g. cottage or cream cheese</text></CPC-specific-text></title-part></class-title></classification-item>
<classification-item breakdown-code="false" not-allocatable="false" level="8" additional-only="false" sort-key="A01J25/008" definition-exists="false" ipc-concordant="A01J25/00" c-set-base-allowed="false" c-set-subsequent-allowed="true" date-revised="2018-01-01" status="published"><classification-symbol>A01J25/008</classification-symbol><class-title date-revised="2018-01-01"><title-part><CPC-specific-text><text>Apparatus for making soft uncured Italian cheese, e.g. Mozzarella, Ricotta, Pasta Filata cheese</text></CPC-specific-text></title-part></class-title></classification-item>
<classification-item breakdown-code="false" not-allocatable="false" level="8" additional-only="false" sort-key="A01J25/02" definition-exists="false" ipc-concordant="A01J25/02" c-set-base-allowed="false" c-set-subsequent-allowed="true" date-revised="2013-01-01" status="published"><classification-symbol>A01J25/02</classification-symbol><class-title date-revised="2013-01-01"><title-part><text>Cheese basins</text></title-part></class-title>
<classification-item breakdown-code="false" not-allocatable="false" level="9" additional-only="false" sort-key="A01J25/04" definition-exists="false" ipc-concordant="A01J25/04" c-set-base-allowed="false" c-set-subsequent-allowed="true" date-revised="2013-01-01" status="published"><classification-symbol>A01J25/04</classification-symbol><class-title date-revised="2013-01-01"><title-part><text>Devices for cleaning cheese basins</text></title-part></class-title></classification-item></classification-item>
<classification-item breakdown-code="false" not-allocatable="false" level="8" additional-only="false" sort-key="A01J25/06" definition-exists="false" ipc-concordant="A01J25/06" c-set-base-allowed="false" c-set-subsequent-allowed="true" date-revised="2013-01-01" status="published"><classification-symbol>A01J25/06</classification-symbol><class-title date-revised="2013-01-01"><title-part><text>Devices for dividing curdled milk</text></title-part></class-title></classification-item>
<classification-item breakdown-code="false" not-allocatable="false" level="8" additional-only="false" sort-key="A01J25/08" definition-exists="false" ipc-concordant="A01J25/08" c-set-base-allowed="false" c-set-subsequent-allowed="true" date-revised="2013-01-01" status="published"><classification-symbol>A01J25/08</classification-symbol><class-title date-revised="2013-01-01"><title-part><text>Devices for removing cheese from basins</text></title-part></class-title></classification-item>
<classification-item breakdown-code="false" not-allocatable="false" level="8" additional-only="false" sort-key="A01J25/10" definition-exists="false" ipc-concordant="A01J25/10" c-set-base-allowed="false" c-set-subsequent-allowed="true" date-revised="2013-01-01" status="published"><classification-symbol>A01J25/10</classification-symbol><class-title date-revised="2013-01-01"><title-part><text>Devices for removing whey from basins</text></title-part></class-title></classification-item>
<classification-item breakdown-code="false" not-allocatable="false" level="8" additional-only="false" sort-key="A01J25/11" definition-exists="false" ipc-concordant="A01J25/11" c-set-base-allowed="false" c-set-subsequent-allowed="true" date-revised="2013-01-01" status="published"><classification-symbol>A01J25/11</classification-symbol><class-title date-revised="2013-01-01"><title-part><text>Separating whey from curds</text></title-part><title-part><text>Washing the curds</text></title-part></class-title>
<classification-item breakdown-code="false" not-allocatable="false" level="9" additional-only="false" sort-key="A01J25/111" definition-exists="false" ipc-concordant="A01J25/11" c-set-base-allowed="false" c-set-subsequent-allowed="true" date-revised="2013-01-01" status="published"><classification-symbol>A01J25/111</classification-symbol><class-title date-revised="2013-01-01"><title-part><CPC-specific-text><text>by continuous separation</text></CPC-specific-text></title-part></class-title>
<classification-item breakdown-code="false" not-allocatable="false" level="10" additional-only="false" sort-key="A01J25/112" definition-exists="false" ipc-concordant="A01J25/11" c-set-base-allowed="false" c-set-subsequent-allowed="true" date-revised="2013-01-01" status="published"><classification-symbol>A01J25/112</classification-symbol><class-title date-revised="2013-01-01"><title-part><CPC-specific-text><text>in cylinders</text></CPC-specific-text></title-part></class-title></classification-item>
<classification-item breakdown-code="false" not-allocatable="false" level="10" additional-only="false" sort-key="A01J25/114" definition-exists="false" ipc-concordant="A01J25/11" c-set-base-allowed="false" c-set-subsequent-allowed="true" date-revised="2013-01-01" status="published"><classification-symbol>A01J25/114</classification-symbol><class-title date-revised="2013-01-01"><title-part><CPC-specific-text><text>on endless belts</text></CPC-specific-text></title-part></class-title></classification-item></classification-item>
<classification-item breakdown-code="false" not-allocatable="false" level="9" additional-only="false" sort-key="A01J25/115" definition-exists="false" ipc-concordant="A01J25/11" c-set-base-allowed="false" c-set-subsequent-allowed="true" date-revised="2013-01-01" status="published"><classification-symbol>A01J25/115</classification-symbol><class-title date-revised="2013-01-01"><title-part><CPC-specific-text><text>by discontinuous separation</text></CPC-specific-text></title-part></class-title></classification-item>
<classification-item breakdown-code="false" not-allocatable="false" level="9" additional-only="false" sort-key="A01J25/117" definition-exists="false" ipc-concordant="A01J25/11" c-set-base-allowed="false" c-set-subsequent-allowed="true" date-revised="2013-01-01" status="published"><classification-symbol>A01J25/117</classification-symbol><class-title date-revised="2013-01-01"><title-part><CPC-specific-text><text>Filter design</text></CPC-specific-text></title-part></class-title></classification-item>
<classification-item breakdown-code="false" not-allocatable="false" level="9" additional-only="false" sort-key="A01J25/118" definition-exists="false" ipc-concordant="A01J25/11" c-set-base-allowed="false" c-set-subsequent-allowed="true" date-revised="2013-01-01" status="published"><classification-symbol>A01J25/118</classification-symbol><class-title date-revised="2013-01-01"><title-part><CPC-specific-text><text>Washing the curds</text></CPC-specific-text></title-part></class-title></classification-item></classification-item>
<classification-item breakdown-code="false" not-allocatable="false" level="8" additional-only="false" sort-key="A01J25/12" definition-exists="false" ipc-concordant="A01J25/12" c-set-base-allowed="false" c-set-subsequent-allowed="true" date-revised="2013-01-01" status="published"><classification-symbol>A01J25/12</classification-symbol><class-title date-revised="2013-01-01"><title-part><text>Forming the cheese</text></title-part></class-title>
<classification-item breakdown-code="false" not-allocatable="false" level="9" additional-only="false" sort-key="A01J25/123" definition-exists="false" ipc-concordant="A01J25/12" c-set-base-allowed="false" c-set-subsequent-allowed="true" date-revised="2013-01-01" status="published"><classification-symbol>A01J25/123</classification-symbol><class-title date-revised="2013-01-01"><title-part><CPC-specific-text><text>Removing cheese from moulds</text></CPC-specific-text></title-part></class-title></classification-item>
<classification-item breakdown-code="false" not-allocatable="false" level="9" additional-only="false" sort-key="A01J25/126" definition-exists="false" ipc-concordant="A01J25/12" c-set-base-allowed="false" c-set-subsequent-allowed="true" date-revised="2013-01-01" status="published"><classification-symbol>A01J25/126</classification-symbol><class-title date-revised="2013-01-01"><title-part><CPC-specific-text><text>Cleaning cheese making equipment </text><reference><text>cleaning milking machines <class-ref scheme="cpc">A01J7/02</class-ref></text></reference></CPC-specific-text></title-part></class-title></classification-item>
<classification-item breakdown-code="false" not-allocatable="false" level="9" additional-only="false" sort-key="A01J25/13" definition-exists="false" ipc-concordant="A01J25/13" c-set-base-allowed="false" c-set-subsequent-allowed="true" date-revised="2013-01-01" status="published"><classification-symbol>A01J25/13</classification-symbol><class-title date-revised="2013-01-01"><title-part><text>Moulds therefor</text></title-part></class-title></classification-item>
<classification-item breakdown-code="false" not-allocatable="false" level="9" additional-only="false" sort-key="A01J25/15" definition-exists="false" ipc-concordant="A01J25/15" c-set-base-allowed="false" c-set-subsequent-allowed="true" date-revised="2013-01-01" status="published"><classification-symbol>A01J25/15</classification-symbol><class-title date-revised="2013-01-01"><title-part><text>Presses therefor</text></title-part></class-title></classification-item></classification-item>
<classification-item breakdown-code="false" not-allocatable="false" level="8" additional-only="false" sort-key="A01J25/16" definition-exists="false" ipc-concordant="A01J25/16" c-set-base-allowed="false" c-set-subsequent-allowed="true" date-revised="2013-01-01" status="published"><classification-symbol>A01J25/16</classification-symbol><class-title date-revised="2013-01-01"><title-part><text>Devices for treating cheese during ripening</text></title-part></class-title>
<classification-item breakdown-code="false" not-allocatable="false" level="9" additional-only="false" sort-key="A01J25/162" definition-exists="false" ipc-concordant="A01J25/16" c-set-base-allowed="false" c-set-subsequent-allowed="true" date-revised="2013-01-01" status="published"><classification-symbol>A01J25/162</classification-symbol><class-title date-revised="2013-01-01"><title-part><CPC-specific-text><text>for storing or turning of cheese</text></CPC-specific-text></title-part></class-title></classification-item>
<classification-item breakdown-code="false" not-allocatable="false" level="9" additional-only="false" sort-key="A01J25/165" definition-exists="false" ipc-concordant="A01J25/16" c-set-base-allowed="false" c-set-subsequent-allowed="true" date-revised="2013-01-01" status="published"><classification-symbol>A01J25/165</classification-symbol><class-title date-revised="2013-01-01"><title-part><CPC-specific-text><text>Cold-storage rooms or ventilation systems for stocked cheese</text></CPC-specific-text></title-part></class-title></classification-item>
<classification-item breakdown-code="false" not-allocatable="false" level="9" additional-only="false" sort-key="A01J25/167" definition-exists="false" ipc-concordant="A01J25/16" c-set-base-allowed="false" c-set-subsequent-allowed="true" date-revised="2013-01-01" status="published"><classification-symbol>A01J25/167</classification-symbol><class-title date-revised="2013-01-01"><title-part><CPC-specific-text><text>for salting cheese</text></CPC-specific-text></title-part></class-title></classification-item></classification-item></classification-item>
<classification-item breakdown-code="false" not-allocatable="false" level="7" additional-only="false" sort-key="A01J27/00" definition-exists="true" ipc-concordant="A01J27/00" c-set-base-allowed="false" c-set-subsequent-allowed="true" date-revised="2013-01-01" status="published"><classification-symbol>A01J27/00</classification-symbol><class-title date-revised="2013-01-01"><title-part><text>After-treatment of cheese</text></title-part><title-part><text>Coating the cheese</text></title-part></class-title>
<classification-item breakdown-code="false" not-allocatable="false" level="8" additional-only="false" sort-key="A01J27/005" definition-exists="false" ipc-concordant="A01J27/00" c-set-base-allowed="false" c-set-subsequent-allowed="true" date-revised="2013-01-01" status="published"><classification-symbol>A01J27/005</classification-symbol><class-title date-revised="2013-01-01"><title-part><CPC-specific-text><text>Marking cheese</text></CPC-specific-text></title-part></class-title></classification-item>
<classification-item breakdown-code="false" not-allocatable="false" level="8" additional-only="false" sort-key="A01J27/02" definition-exists="true" ipc-concordant="A01J27/02" c-set-base-allowed="false" c-set-subsequent-allowed="true" date-revised="2020-01-01" status="published"><classification-symbol>A01J27/02</classification-symbol><class-title date-revised="2020-01-01"><title-part><text>Coating the cheese, e.g. with paraffin wax</text></title-part></class-title></classification-item>
<classification-item breakdown-code="false" not-allocatable="false" level="8" additional-only="false" sort-key="A01J27/04" definition-exists="false" ipc-concordant="A01J27/04" c-set-base-allowed="false" c-set-subsequent-allowed="true" date-revised="2013-01-01" status="published"><classification-symbol>A01J27/04</classification-symbol><class-title date-revised="2013-01-01"><title-part><text>Milling or recasting cheese</text></title-part></class-title>
<classification-item breakdown-code="false" not-allocatable="false" level="9" additional-only="false" sort-key="A01J27/045" definition-exists="false" ipc-concordant="A01J27/04" c-set-base-allowed="false" c-set-subsequent-allowed="true" date-revised="2013-01-01" status="published"><classification-symbol>A01J27/045</classification-symbol><class-title date-revised="2013-01-01"><title-part><CPC-specific-text><text>Multilayer cheese</text></CPC-specific-text></title-part></class-title></classification-item></classification-item></classification-item>
<classification-item breakdown-code="false" not-allocatable="false" level="7" additional-only="false" sort-key="A01J99/00" definition-exists="false" ipc-concordant="A01J99/00" c-set-base-allowed="false" c-set-subsequent-allowed="true" date-revised="2013-01-01" status="published"><classification-symbol>A01J99/00</classification-symbol><class-title date-revised="2013-01-01"><title-part><text>Subject matter not provided for in other groups of this subclass</text></title-part></class-title></classification-item></classification-item></classification-item></class-scheme>