<?xml version="1.0" encoding="UTF-8"?>
<class-scheme publication-date="2023-08-01" scheme-type="cpc" publication-type="official">
<classification-item breakdown-code="false" not-allocatable="true" level="5" additional-only="false" sort-key="A44C" definition-exists="true" date-revised="2021-01-01" status="published"><classification-symbol>A44C</classification-symbol><class-title date-revised="2021-01-01"><title-part><text>PERSONAL ADORNMENTS, e.g. JEWELLERY</text></title-part><title-part><text>COINS</text></title-part></class-title><notes-and-warnings date-revised="2013-01-01"><note type="warning"><note-paragraph warning-type="ipc-not-used">The following IPC groups are not in the CPC scheme. The subject matter for these IPC groups is classified in the following CPC groups: <table><row><entry><class-ref scheme="ipc">A44C11/02</class-ref></entry><entry> covered by </entry><entry><class-ref scheme="cpc">A44C5/18</class-ref></entry></row></table></note-paragraph><note-paragraph>In this subclass non-limiting references (in the sense of paragraph 39 of the Guide to the IPC) may still be displayed in the scheme.</note-paragraph></note></notes-and-warnings>
<classification-item breakdown-code="false" not-allocatable="true" level="6" additional-only="false" sort-key="A44C1/00" date-revised="2013-01-01" status="published"><classification-symbol>A44C1/00</classification-symbol>
<classification-item breakdown-code="false" not-allocatable="false" level="7" additional-only="false" sort-key="A44C1/00" definition-exists="true" ipc-concordant="A44C1/00" c-set-base-allowed="false" c-set-subsequent-allowed="true" date-revised="2013-01-01" status="published"><classification-symbol>A44C1/00</classification-symbol><class-title date-revised="2013-01-01"><title-part><text>Brooches or clips in their decorative or ornamental aspect</text></title-part></class-title></classification-item>
<classification-item breakdown-code="false" not-allocatable="false" level="7" additional-only="false" sort-key="A44C3/00" definition-exists="false" ipc-concordant="A44C3/00" c-set-base-allowed="false" c-set-subsequent-allowed="true" date-revised="2018-08-01" status="published"><classification-symbol>A44C3/00</classification-symbol><class-title date-revised="2018-08-01"><title-part><text>Medals</text></title-part><title-part><text>Badges</text></title-part></class-title>
<classification-item breakdown-code="false" not-allocatable="false" level="8" additional-only="false" sort-key="A44C3/001" definition-exists="true" ipc-concordant="A44C3/00" c-set-base-allowed="false" c-set-subsequent-allowed="true" date-revised="2013-01-01" status="published"><classification-symbol>A44C3/001</classification-symbol><class-title date-revised="2013-01-01"><title-part><CPC-specific-text><text>Badges</text></CPC-specific-text></title-part></class-title>
<classification-item breakdown-code="false" not-allocatable="false" level="9" additional-only="false" sort-key="A44C3/002" definition-exists="true" ipc-concordant="A44C3/00" c-set-base-allowed="false" c-set-subsequent-allowed="true" date-revised="2013-01-01" status="published"><classification-symbol>A44C3/002</classification-symbol><class-title date-revised="2013-01-01"><title-part><CPC-specific-text><text>Honorific badges, e.g. ribbon holders for decoration</text></CPC-specific-text></title-part></class-title></classification-item></classification-item>
<classification-item breakdown-code="false" not-allocatable="false" level="8" additional-only="false" sort-key="A44C3/004" definition-exists="true" ipc-concordant="A44C3/00" c-set-base-allowed="false" c-set-subsequent-allowed="true" date-revised="2013-01-01" status="published"><classification-symbol>A44C3/004</classification-symbol><class-title date-revised="2013-01-01"><title-part><CPC-specific-text><text>Medals</text></CPC-specific-text></title-part></class-title>
<classification-item breakdown-code="false" not-allocatable="false" level="9" additional-only="false" sort-key="A44C3/005" definition-exists="false" ipc-concordant="A44C3/00" c-set-base-allowed="false" c-set-subsequent-allowed="true" date-revised="2013-01-01" status="published"><classification-symbol>A44C3/005</classification-symbol><class-title date-revised="2013-01-01"><title-part><CPC-specific-text><text>made of one piece</text></CPC-specific-text></title-part></class-title></classification-item>
<classification-item breakdown-code="false" not-allocatable="false" level="9" additional-only="false" sort-key="A44C3/007" definition-exists="true" ipc-concordant="A44C3/00" c-set-base-allowed="false" c-set-subsequent-allowed="true" date-revised="2013-01-01" status="published"><classification-symbol>A44C3/007</classification-symbol><class-title date-revised="2013-01-01"><title-part><CPC-specific-text><text>which can be separated into parts, e.g. to be worn by two persons</text></CPC-specific-text></title-part></class-title></classification-item>
<classification-item breakdown-code="false" not-allocatable="false" level="9" additional-only="false" sort-key="A44C3/008" definition-exists="true" ipc-concordant="A44C3/00" c-set-base-allowed="false" c-set-subsequent-allowed="true" date-revised="2013-01-01" status="published"><classification-symbol>A44C3/008</classification-symbol><class-title date-revised="2013-01-01"><title-part><CPC-specific-text><text>Suspension loops or rings</text></CPC-specific-text></title-part></class-title></classification-item></classification-item></classification-item>
<classification-item breakdown-code="false" not-allocatable="false" level="7" additional-only="false" sort-key="A44C5/00" definition-exists="true" ipc-concordant="A44C5/00" c-set-base-allowed="false" c-set-subsequent-allowed="true" date-revised="2013-01-01" status="published"><classification-symbol>A44C5/00</classification-symbol><class-title date-revised="2013-01-01"><title-part><text>Bracelets</text></title-part><title-part><text>Wrist-watch straps</text></title-part><title-part><text>Fastenings for bracelets or wrist-watch straps </text><CPC-specific-text><reference><text>settings for holding gems or the like <class-ref scheme="cpc">A44C17/02</class-ref>; devices for putting-on or pulling-off bracelets <class-ref scheme="cpc">A47G25/901</class-ref></text></reference></CPC-specific-text></title-part></class-title>
<classification-item breakdown-code="false" not-allocatable="false" level="8" additional-only="false" sort-key="A44C5/0007" definition-exists="true" ipc-concordant="A44C5/00" c-set-base-allowed="false" c-set-subsequent-allowed="true" date-revised="2013-01-01" status="published"><classification-symbol>A44C5/0007</classification-symbol><class-title date-revised="2013-01-01"><title-part><CPC-specific-text><text>Bracelets specially adapted for other functions or with means for attaching other articles</text></CPC-specific-text></title-part></class-title>
<classification-item breakdown-code="false" not-allocatable="false" level="9" additional-only="false" sort-key="A44C5/0015" definition-exists="true" ipc-concordant="A44C5/00" c-set-base-allowed="false" c-set-subsequent-allowed="true" date-revised="2013-01-01" status="published"><classification-symbol>A44C5/0015</classification-symbol><class-title date-revised="2013-01-01"><title-part><CPC-specific-text><text>providing information, e.g. bracelets with calendars </text><reference><text>identification bracelets <class-ref scheme="cpc">G09F3/005</class-ref></text></reference></CPC-specific-text></title-part></class-title></classification-item>
<classification-item breakdown-code="false" not-allocatable="false" level="9" additional-only="false" sort-key="A44C5/0023" definition-exists="true" ipc-concordant="A44C5/00" c-set-base-allowed="false" c-set-subsequent-allowed="true" date-revised="2013-01-01" status="published"><classification-symbol>A44C5/0023</classification-symbol><class-title date-revised="2013-01-01"><title-part><CPC-specific-text><text>for therapeutic purposes</text></CPC-specific-text></title-part></class-title></classification-item>
<classification-item breakdown-code="false" not-allocatable="false" level="9" additional-only="false" sort-key="A44C5/003" definition-exists="false" ipc-concordant="A44C5/00" c-set-base-allowed="false" c-set-subsequent-allowed="true" date-revised="2013-01-01" status="published"><classification-symbol>A44C5/003</classification-symbol><class-title date-revised="2013-01-01"><title-part><CPC-specific-text><text>with a storage compartment</text></CPC-specific-text></title-part></class-title></classification-item>
<classification-item breakdown-code="false" not-allocatable="false" level="9" additional-only="false" sort-key="A44C5/0038" definition-exists="false" ipc-concordant="A44C5/00" c-set-base-allowed="false" c-set-subsequent-allowed="true" date-revised="2013-01-01" status="published"><classification-symbol>A44C5/0038</classification-symbol><class-title date-revised="2013-01-01"><title-part><CPC-specific-text><text>with means for attaching keys </text><reference><text><class-ref scheme="cpc">A44C5/003</class-ref> takes precedence</text></reference></CPC-specific-text></title-part></class-title></classification-item>
<classification-item breakdown-code="false" not-allocatable="false" level="9" additional-only="false" sort-key="A44C5/0046" definition-exists="false" ipc-concordant="A44C5/00" c-set-base-allowed="false" c-set-subsequent-allowed="true" date-revised="2013-01-01" status="published"><classification-symbol>A44C5/0046</classification-symbol><class-title date-revised="2013-01-01"><title-part><CPC-specific-text><text>with means for attaching a writing instrument or a memo pad </text><reference><text><class-ref scheme="cpc">A44C5/0015</class-ref> and <class-ref scheme="cpc">A44C5/003</class-ref> take precedence</text></reference></CPC-specific-text></title-part></class-title></classification-item></classification-item>
<classification-item breakdown-code="false" not-allocatable="false" level="8" additional-only="false" sort-key="A44C5/0053" definition-exists="true" ipc-concordant="A44C5/00" c-set-base-allowed="false" c-set-subsequent-allowed="true" date-revised="2013-01-01" status="published"><classification-symbol>A44C5/0053</classification-symbol><class-title date-revised="2013-01-01"><title-part><CPC-specific-text><text>Flexible straps</text></CPC-specific-text></title-part></class-title>
<classification-item breakdown-code="false" not-allocatable="false" level="9" additional-only="false" sort-key="A44C5/0061" definition-exists="false" ipc-concordant="A44C5/00" c-set-base-allowed="false" c-set-subsequent-allowed="true" date-revised="2013-01-01" status="published"><classification-symbol>A44C5/0061</classification-symbol><class-title date-revised="2013-01-01"><title-part><CPC-specific-text><text>essentially made from metal </text><reference><text><class-ref scheme="cpc">A44C5/0076</class-ref> takes precedence</text></reference></CPC-specific-text></title-part></class-title></classification-item>
<classification-item breakdown-code="false" not-allocatable="false" level="9" additional-only="false" sort-key="A44C5/0069" definition-exists="false" ipc-concordant="A44C5/00" c-set-base-allowed="false" c-set-subsequent-allowed="true" date-revised="2013-01-01" status="published"><classification-symbol>A44C5/0069</classification-symbol><class-title date-revised="2013-01-01"><title-part><CPC-specific-text><text>extensible</text></CPC-specific-text></title-part></class-title>
<classification-item breakdown-code="false" not-allocatable="false" level="10" additional-only="false" sort-key="A44C5/0076" definition-exists="false" ipc-concordant="A44C5/00" c-set-base-allowed="false" c-set-subsequent-allowed="true" date-revised="2013-01-01" status="published"><classification-symbol>A44C5/0076</classification-symbol><class-title date-revised="2013-01-01"><title-part><CPC-specific-text><text>essentially made from metal</text></CPC-specific-text></title-part></class-title></classification-item></classification-item></classification-item>
<classification-item breakdown-code="false" not-allocatable="false" level="8" additional-only="false" sort-key="A44C5/0084" definition-exists="false" ipc-concordant="A44C5/00" c-set-base-allowed="false" c-set-subsequent-allowed="true" date-revised="2013-01-01" status="published"><classification-symbol>A44C5/0084</classification-symbol><class-title date-revised="2013-01-01"><title-part><CPC-specific-text><text>Bracelets in the form of a ring, band or tube of rigid material </text><reference><text>C-spring-type bracelets <class-ref scheme="cpc">A44C5/12</class-ref></text></reference></CPC-specific-text></title-part></class-title>
<classification-item breakdown-code="false" not-allocatable="false" level="9" additional-only="false" sort-key="A44C5/0092" definition-exists="false" ipc-concordant="A44C5/00" c-set-base-allowed="false" c-set-subsequent-allowed="true" date-revised="2013-01-01" status="published"><classification-symbol>A44C5/0092</classification-symbol><class-title date-revised="2013-01-01"><title-part><CPC-specific-text><text>essentially made from metal</text></CPC-specific-text></title-part></class-title></classification-item></classification-item>
<classification-item breakdown-code="false" not-allocatable="false" level="8" additional-only="false" sort-key="A44C5/02" definition-exists="true" ipc-concordant="A44C5/02" c-set-base-allowed="false" c-set-subsequent-allowed="true" date-revised="2013-01-01" status="published"><classification-symbol>A44C5/02</classification-symbol><class-title date-revised="2013-01-01"><title-part><text>Link constructions</text></title-part></class-title>
<classification-item breakdown-code="false" not-allocatable="false" level="9" additional-only="false" sort-key="A44C5/022" definition-exists="true" ipc-concordant="A44C5/02" c-set-base-allowed="false" c-set-subsequent-allowed="true" date-revised="2013-01-01" status="published"><classification-symbol>A44C5/022</classification-symbol><class-title date-revised="2013-01-01"><title-part><CPC-specific-text><text>with links threaded on at least one filamentary core </text><reference><text>ornamental chains made of pearls <class-ref scheme="cpc">A44C11/002</class-ref></text></reference></CPC-specific-text></title-part></class-title></classification-item>
<classification-item breakdown-code="false" not-allocatable="false" level="9" additional-only="false" sort-key="A44C5/025" definition-exists="true" ipc-concordant="A44C5/02" c-set-base-allowed="false" c-set-subsequent-allowed="true" date-revised="2013-01-01" status="published"><classification-symbol>A44C5/025</classification-symbol><class-title date-revised="2013-01-01"><title-part><CPC-specific-text><text>with links threaded on a band</text></CPC-specific-text></title-part></class-title>
<classification-item breakdown-code="false" not-allocatable="false" level="10" additional-only="false" sort-key="A44C5/027" definition-exists="true" ipc-concordant="A44C5/02" c-set-base-allowed="false" c-set-subsequent-allowed="true" date-revised="2013-01-01" status="published"><classification-symbol>A44C5/027</classification-symbol><class-title date-revised="2013-01-01"><title-part><CPC-specific-text><text>the band also made of links</text></CPC-specific-text></title-part></class-title></classification-item></classification-item>
<classification-item breakdown-code="false" not-allocatable="false" level="9" additional-only="false" sort-key="A44C5/04" definition-exists="false" ipc-concordant="A44C5/04" c-set-base-allowed="false" c-set-subsequent-allowed="true" date-revised="2013-01-01" status="published"><classification-symbol>A44C5/04</classification-symbol><class-title date-revised="2013-01-01"><title-part><text>extensible </text><CPC-specific-text><reference><text><class-ref scheme="cpc">A44C5/022</class-ref> and <class-ref scheme="cpc">A44C5/025</class-ref> take precedence</text></reference></CPC-specific-text></title-part></class-title>
<classification-item breakdown-code="false" not-allocatable="false" level="10" additional-only="false" sort-key="A44C5/06" definition-exists="true" ipc-concordant="A44C5/06" c-set-base-allowed="false" c-set-subsequent-allowed="true" date-revised="2013-01-01" status="published"><classification-symbol>A44C5/06</classification-symbol><class-title date-revised="2013-01-01"><title-part><text>having lazy-tongs</text></title-part></class-title></classification-item>
<classification-item breakdown-code="false" not-allocatable="false" level="10" additional-only="false" sort-key="A44C5/08" definition-exists="true" ipc-concordant="A44C5/08" c-set-base-allowed="false" c-set-subsequent-allowed="true" date-revised="2013-01-01" status="published"><classification-symbol>A44C5/08</classification-symbol><class-title date-revised="2013-01-01"><title-part><text>having separate links</text></title-part></class-title></classification-item></classification-item>
<classification-item breakdown-code="false" not-allocatable="false" level="9" additional-only="false" sort-key="A44C5/10" definition-exists="false" ipc-concordant="A44C5/10" c-set-base-allowed="false" c-set-subsequent-allowed="true" date-revised="2013-01-01" status="published"><classification-symbol>A44C5/10</classification-symbol><class-title date-revised="2013-01-01"><title-part><text>not extensible </text><CPC-specific-text><reference><text><class-ref scheme="cpc">A44C5/022</class-ref> and <class-ref scheme="cpc">A44C5/025</class-ref> take precedence</text></reference></CPC-specific-text></title-part></class-title>
<classification-item breakdown-code="false" not-allocatable="false" level="10" additional-only="false" sort-key="A44C5/102" definition-exists="true" ipc-concordant="A44C5/10" c-set-base-allowed="false" c-set-subsequent-allowed="true" date-revised="2013-01-01" status="published"><classification-symbol>A44C5/102</classification-symbol><class-title date-revised="2013-01-01"><title-part><CPC-specific-text><text>with links made of one piece with integral connecting means</text></CPC-specific-text></title-part></class-title></classification-item>
<classification-item breakdown-code="false" not-allocatable="false" level="10" additional-only="false" sort-key="A44C5/105" definition-exists="true" ipc-concordant="A44C5/10" c-set-base-allowed="false" c-set-subsequent-allowed="true" date-revised="2013-01-01" status="published"><classification-symbol>A44C5/105</classification-symbol><class-title date-revised="2013-01-01"><title-part><CPC-specific-text><text>with links made of one piece and linked together by one connecting element</text></CPC-specific-text></title-part></class-title></classification-item>
<classification-item breakdown-code="false" not-allocatable="false" level="10" additional-only="false" sort-key="A44C5/107" definition-exists="true" ipc-concordant="A44C5/10" c-set-base-allowed="false" c-set-subsequent-allowed="true" date-revised="2013-01-01" status="published"><classification-symbol>A44C5/107</classification-symbol><class-title date-revised="2013-01-01"><title-part><CPC-specific-text><text>with links made of more than two elements including connecting elements</text></CPC-specific-text></title-part></class-title></classification-item></classification-item></classification-item>
<classification-item breakdown-code="false" not-allocatable="false" level="8" additional-only="false" sort-key="A44C5/12" definition-exists="true" ipc-concordant="A44C5/12" c-set-base-allowed="false" c-set-subsequent-allowed="true" date-revised="2013-01-01" status="published"><classification-symbol>A44C5/12</classification-symbol><class-title date-revised="2013-01-01"><title-part><text>C-spring-type bracelets or wrist-watch holders</text></title-part></class-title></classification-item>
<classification-item breakdown-code="false" not-allocatable="false" level="8" additional-only="false" sort-key="A44C5/14" definition-exists="true" ipc-concordant="A44C5/14" c-set-base-allowed="false" c-set-subsequent-allowed="true" date-revised="2013-01-01" status="published"><classification-symbol>A44C5/14</classification-symbol><class-title date-revised="2013-01-01"><title-part><text>characterised by the way of fastening to a wrist-watch or the like</text></title-part></class-title>
<classification-item breakdown-code="false" not-allocatable="false" level="9" additional-only="false" sort-key="A44C5/142" definition-exists="false" ipc-concordant="A44C5/14" c-set-base-allowed="false" c-set-subsequent-allowed="true" date-revised="2013-01-01" status="published"><classification-symbol>A44C5/142</classification-symbol><class-title date-revised="2013-01-01"><title-part><CPC-specific-text><text>Cord type straps</text></CPC-specific-text></title-part></class-title></classification-item>
<classification-item breakdown-code="false" not-allocatable="false" level="9" additional-only="false" sort-key="A44C5/145" definition-exists="false" ipc-concordant="A44C5/14" c-set-base-allowed="false" c-set-subsequent-allowed="true" date-revised="2013-01-01" status="published"><classification-symbol>A44C5/145</classification-symbol><class-title date-revised="2013-01-01"><title-part><CPC-specific-text><text>Hooks</text></CPC-specific-text></title-part></class-title></classification-item>
<classification-item breakdown-code="false" not-allocatable="false" level="9" additional-only="false" sort-key="A44C5/147" definition-exists="false" ipc-concordant="A44C5/14" c-set-base-allowed="false" c-set-subsequent-allowed="true" date-revised="2013-01-01" status="published"><classification-symbol>A44C5/147</classification-symbol><class-title date-revised="2013-01-01"><title-part><CPC-specific-text><text>Watchcase itself used as fastener</text></CPC-specific-text></title-part></class-title></classification-item>
<classification-item breakdown-code="false" not-allocatable="false" level="9" additional-only="false" sort-key="A44C5/16" definition-exists="false" ipc-concordant="A44C5/16" c-set-base-allowed="false" c-set-subsequent-allowed="true" date-revised="2013-01-01" status="published"><classification-symbol>A44C5/16</classification-symbol><class-title date-revised="2013-01-01"><title-part><text>by folding the strap</text></title-part></class-title></classification-item></classification-item>
<classification-item breakdown-code="false" not-allocatable="false" level="8" additional-only="false" sort-key="A44C5/18" definition-exists="false" ipc-concordant="A44C5/18" c-set-base-allowed="false" c-set-subsequent-allowed="true" date-revised="2013-01-01" status="published"><classification-symbol>A44C5/18</classification-symbol><class-title date-revised="2013-01-01"><title-part><text>Fasteners for straps, </text><CPC-specific-text><text>chains or the like</text></CPC-specific-text><reference><text>buckles <class-ref scheme="cpc">A44B11/00</class-ref></text></reference></title-part></class-title>
<classification-item breakdown-code="false" not-allocatable="false" level="9" additional-only="false" sort-key="A44C5/185" definition-exists="false" ipc-concordant="A44C5/18" c-set-base-allowed="false" c-set-subsequent-allowed="true" date-revised="2013-01-01" status="published"><classification-symbol>A44C5/185</classification-symbol><class-title date-revised="2013-01-01"><title-part><CPC-specific-text><text>Attachment of fasteners to straps or chains</text></CPC-specific-text></title-part></class-title></classification-item>
<classification-item breakdown-code="false" not-allocatable="false" level="9" additional-only="false" sort-key="A44C5/20" definition-exists="false" ipc-concordant="A44C5/20" c-set-base-allowed="false" c-set-subsequent-allowed="true" date-revised="2017-08-01" status="published"><classification-symbol>A44C5/20</classification-symbol><class-title date-revised="2017-08-01"><title-part><text>for open straps </text><CPC-specific-text><text>, chains or the like</text></CPC-specific-text></title-part></class-title>
<classification-item breakdown-code="false" not-allocatable="false" level="10" additional-only="false" sort-key="A44C5/2004" definition-exists="true" ipc-concordant="A44C5/20" c-set-base-allowed="false" c-set-subsequent-allowed="true" date-revised="2013-01-01" status="published"><classification-symbol>A44C5/2004</classification-symbol><class-title date-revised="2013-01-01"><title-part><CPC-specific-text><text>Padlocks</text></CPC-specific-text></title-part></class-title></classification-item>
<classification-item breakdown-code="false" not-allocatable="false" level="10" additional-only="false" sort-key="A44C5/2009" definition-exists="true" ipc-concordant="A44C5/20" c-set-base-allowed="false" c-set-subsequent-allowed="true" date-revised="2013-01-01" status="published"><classification-symbol>A44C5/2009</classification-symbol><class-title date-revised="2013-01-01"><title-part><CPC-specific-text><text>of the ring type</text></CPC-specific-text></title-part></class-title>
<classification-item breakdown-code="false" not-allocatable="false" level="11" additional-only="false" sort-key="A44C5/2014" definition-exists="true" ipc-concordant="A44C5/20" c-set-base-allowed="false" c-set-subsequent-allowed="true" date-revised="2013-01-01" status="published"><classification-symbol>A44C5/2014</classification-symbol><class-title date-revised="2013-01-01"><title-part><CPC-specific-text><text>of the spring ring type</text></CPC-specific-text></title-part></class-title></classification-item></classification-item>
<classification-item breakdown-code="false" not-allocatable="false" level="10" additional-only="false" sort-key="A44C5/2019" definition-exists="true" ipc-concordant="A44C5/20" c-set-base-allowed="false" c-set-subsequent-allowed="true" date-revised="2013-01-01" status="published"><classification-symbol>A44C5/2019</classification-symbol><class-title date-revised="2013-01-01"><title-part><CPC-specific-text><text>Hooks</text></CPC-specific-text></title-part></class-title>
<classification-item breakdown-code="false" not-allocatable="false" level="11" additional-only="false" sort-key="A44C5/2023" definition-exists="true" ipc-concordant="A44C5/20" c-set-base-allowed="false" c-set-subsequent-allowed="true" date-revised="2013-01-01" status="published"><classification-symbol>A44C5/2023</classification-symbol><class-title date-revised="2013-01-01"><title-part><CPC-specific-text><text>Sliding hooks</text></CPC-specific-text></title-part></class-title>
<classification-item breakdown-code="false" not-allocatable="false" level="12" additional-only="false" sort-key="A44C5/2028" definition-exists="true" ipc-concordant="A44C5/20" c-set-base-allowed="false" c-set-subsequent-allowed="true" date-revised="2013-01-01" status="published"><classification-symbol>A44C5/2028</classification-symbol><class-title date-revised="2013-01-01"><title-part><CPC-specific-text><text>with spring closure means</text></CPC-specific-text></title-part></class-title></classification-item></classification-item>
<classification-item breakdown-code="false" not-allocatable="false" level="11" additional-only="false" sort-key="A44C5/2033" definition-exists="true" ipc-concordant="A44C5/20" c-set-base-allowed="false" c-set-subsequent-allowed="true" date-revised="2013-01-01" status="published"><classification-symbol>A44C5/2033</classification-symbol><class-title date-revised="2013-01-01"><title-part><CPC-specific-text><text>Hooks provided with pivoting closure means</text></CPC-specific-text></title-part></class-title>
<classification-item breakdown-code="false" not-allocatable="false" level="12" additional-only="false" sort-key="A44C5/2038" definition-exists="true" ipc-concordant="A44C5/20" c-set-base-allowed="false" c-set-subsequent-allowed="true" date-revised="2013-01-01" status="published"><classification-symbol>A44C5/2038</classification-symbol><class-title date-revised="2013-01-01"><title-part><CPC-specific-text><text>Swivels</text></CPC-specific-text></title-part></class-title></classification-item></classification-item></classification-item>
<classification-item breakdown-code="false" not-allocatable="false" level="10" additional-only="false" sort-key="A44C5/2042" definition-exists="true" ipc-concordant="A44C5/20" c-set-base-allowed="false" c-set-subsequent-allowed="true" date-revised="2013-01-01" status="published"><classification-symbol>A44C5/2042</classification-symbol><class-title date-revised="2013-01-01"><title-part><CPC-specific-text><text>Fasteners provided with a turnable clamping lever</text></CPC-specific-text></title-part></class-title></classification-item>
<classification-item breakdown-code="false" not-allocatable="false" level="10" additional-only="false" sort-key="A44C5/2047" definition-exists="true" ipc-concordant="A44C5/20" c-set-base-allowed="false" c-set-subsequent-allowed="true" date-revised="2013-01-01" status="published"><classification-symbol>A44C5/2047</classification-symbol><class-title date-revised="2013-01-01"><title-part><CPC-specific-text><text>Fasteners provided with a V-shaped spring-tongue male member</text></CPC-specific-text></title-part></class-title></classification-item>
<classification-item breakdown-code="false" not-allocatable="false" level="10" additional-only="false" sort-key="A44C5/2052" definition-exists="true" ipc-concordant="A44C5/20" c-set-base-allowed="false" c-set-subsequent-allowed="true" date-revised="2013-01-01" status="published"><classification-symbol>A44C5/2052</classification-symbol><class-title date-revised="2013-01-01"><title-part><CPC-specific-text><text>Fasteners provided with at least one push-button acting parallel to the main plane of the fastener and perpendicularly to the direction of the fastening </text><reference><text><class-ref scheme="cpc">A44C5/2047</class-ref> takes precedence</text></reference></CPC-specific-text></title-part></class-title></classification-item>
<classification-item breakdown-code="false" not-allocatable="false" level="10" additional-only="false" sort-key="A44C5/2057" definition-exists="true" ipc-concordant="A44C5/20" c-set-base-allowed="false" c-set-subsequent-allowed="true" date-revised="2013-01-01" status="published"><classification-symbol>A44C5/2057</classification-symbol><class-title date-revised="2013-01-01"><title-part><CPC-specific-text><text>Fasteners locked by sliding or rotating of the male element of the fastener; Turn-button fasteners</text></CPC-specific-text></title-part></class-title>
<classification-item breakdown-code="false" not-allocatable="false" level="11" additional-only="false" sort-key="A44C5/2061" definition-exists="true" ipc-concordant="A44C5/20" c-set-base-allowed="false" c-set-subsequent-allowed="true" date-revised="2013-01-01" status="published"><classification-symbol>A44C5/2061</classification-symbol><class-title date-revised="2013-01-01"><title-part><CPC-specific-text><text>combined with spring means</text></CPC-specific-text></title-part></class-title></classification-item></classification-item>
<classification-item breakdown-code="false" not-allocatable="false" level="10" additional-only="false" sort-key="A44C5/2066" definition-exists="true" ipc-concordant="A44C5/20" c-set-base-allowed="false" c-set-subsequent-allowed="true" date-revised="2013-01-01" status="published"><classification-symbol>A44C5/2066</classification-symbol><class-title date-revised="2013-01-01"><title-part><CPC-specific-text><text>Fasteners with locking means acting parallel to the main plane of the fastener and perpendicularly to the direction of the fastening</text></CPC-specific-text></title-part></class-title></classification-item>
<classification-item breakdown-code="false" not-allocatable="false" level="10" additional-only="false" sort-key="A44C5/2071" definition-exists="true" ipc-concordant="A44C5/20" c-set-base-allowed="false" c-set-subsequent-allowed="true" date-revised="2016-05-01" status="published"><classification-symbol>A44C5/2071</classification-symbol><class-title date-revised="2016-05-01"><title-part><CPC-specific-text><text>with the two ends of the strap or chain overlapping each other and fastened by an action perpendicularly to the main plane of these two ends </text><reference><text><class-ref scheme="cpc">A44C5/2009</class-ref>&#160;-&#160;<class-ref scheme="cpc">A44C5/2057</class-ref> take precedence</text></reference></CPC-specific-text></title-part></class-title></classification-item>
<classification-item breakdown-code="false" not-allocatable="false" level="10" additional-only="false" sort-key="A44C5/2076" definition-exists="true" ipc-concordant="A44C5/20" c-set-base-allowed="false" c-set-subsequent-allowed="true" date-revised="2016-05-01" status="published"><classification-symbol>A44C5/2076</classification-symbol><class-title date-revised="2016-05-01"><title-part><CPC-specific-text><text>with the two ends of the strap or chain abutting each other or sliding in the main plane or a plane parallel to the main plane of these two ends </text><reference><text><class-ref scheme="cpc">A44C5/2009</class-ref>&#160;-&#160;<class-ref scheme="cpc">A44C5/2061</class-ref> take precedence</text></reference></CPC-specific-text></title-part></class-title>
<classification-item breakdown-code="false" not-allocatable="false" level="11" additional-only="false" sort-key="A44C5/208" definition-exists="true" ipc-concordant="A44C5/20" c-set-base-allowed="false" c-set-subsequent-allowed="true" date-revised="2013-01-01" status="published"><classification-symbol>A44C5/208</classification-symbol><class-title date-revised="2013-01-01"><title-part><CPC-specific-text><text>being screwed to each other</text></CPC-specific-text></title-part></class-title></classification-item></classification-item>
<classification-item breakdown-code="false" not-allocatable="false" level="10" additional-only="false" sort-key="A44C5/2085" definition-exists="true" ipc-concordant="A44C5/20" c-set-base-allowed="false" c-set-subsequent-allowed="true" date-revised="2013-01-01" status="published"><classification-symbol>A44C5/2085</classification-symbol><class-title date-revised="2013-01-01"><title-part><CPC-specific-text><text>with the two ends sliding transversally to the main plane of the strap or chain</text></CPC-specific-text></title-part></class-title></classification-item>
<classification-item breakdown-code="false" not-allocatable="false" level="10" additional-only="false" sort-key="A44C5/209" definition-exists="true" ipc-concordant="A44C5/20" c-set-base-allowed="false" c-set-subsequent-allowed="true" date-revised="2013-01-01" status="published"><classification-symbol>A44C5/209</classification-symbol><class-title date-revised="2013-01-01"><title-part><CPC-specific-text><text>Fasteners specially adapted for necklaces or bracelets made of pearls</text></CPC-specific-text></title-part></class-title>
<classification-item breakdown-code="false" not-allocatable="false" level="11" additional-only="false" sort-key="A44C5/2095" definition-exists="true" ipc-concordant="A44C5/20" c-set-base-allowed="false" c-set-subsequent-allowed="true" date-revised="2013-01-01" status="published"><classification-symbol>A44C5/2095</classification-symbol><class-title date-revised="2013-01-01"><title-part><CPC-specific-text><text>provided with retaining means for several strings of pearls</text></CPC-specific-text></title-part></class-title></classification-item></classification-item></classification-item>
<classification-item breakdown-code="false" not-allocatable="false" level="9" additional-only="false" sort-key="A44C5/22" definition-exists="true" ipc-concordant="A44C5/22" c-set-base-allowed="false" c-set-subsequent-allowed="true" date-revised="2013-01-01" status="published"><classification-symbol>A44C5/22</classification-symbol><class-title date-revised="2013-01-01"><title-part><text>for closed straps</text></title-part></class-title>
<classification-item breakdown-code="false" not-allocatable="false" level="10" additional-only="false" sort-key="A44C5/24" definition-exists="true" ipc-concordant="A44C5/24" c-set-base-allowed="false" c-set-subsequent-allowed="true" date-revised="2013-01-01" status="published"><classification-symbol>A44C5/24</classification-symbol><class-title date-revised="2013-01-01"><title-part><text>with folding devices</text></title-part></class-title>
<classification-item breakdown-code="false" not-allocatable="false" level="11" additional-only="false" sort-key="A44C5/243" definition-exists="false" ipc-concordant="A44C5/24" c-set-base-allowed="false" c-set-subsequent-allowed="true" date-revised="2013-01-01" status="published"><classification-symbol>A44C5/243</classification-symbol><class-title date-revised="2013-01-01"><title-part><CPC-specific-text><text>Automatic folding spring closure</text></CPC-specific-text></title-part></class-title></classification-item>
<classification-item breakdown-code="false" not-allocatable="false" level="11" additional-only="false" sort-key="A44C5/246" definition-exists="false" ipc-concordant="A44C5/24" c-set-base-allowed="false" c-set-subsequent-allowed="true" date-revised="2013-01-01" status="published"><classification-symbol>A44C5/246</classification-symbol><class-title date-revised="2013-01-01"><title-part><CPC-specific-text><text>having size adjusting means</text></CPC-specific-text></title-part></class-title></classification-item></classification-item></classification-item></classification-item></classification-item>
<classification-item breakdown-code="false" not-allocatable="false" level="7" additional-only="false" sort-key="A44C7/00" definition-exists="false" ipc-concordant="A44C7/00" c-set-base-allowed="false" c-set-subsequent-allowed="true" date-revised="2013-01-01" status="published"><classification-symbol>A44C7/00</classification-symbol><class-title date-revised="2013-01-01"><title-part><text>Ear-rings</text></title-part><title-part><text>Devices for piercing the ear-lobes</text></title-part></class-title>
<classification-item breakdown-code="false" not-allocatable="false" level="8" additional-only="false" sort-key="A44C7/001" definition-exists="true" ipc-concordant="A44C7/00" c-set-base-allowed="false" c-set-subsequent-allowed="true" date-revised="2013-01-01" status="published"><classification-symbol>A44C7/001</classification-symbol><class-title date-revised="2013-01-01"><title-part><CPC-specific-text><text>Devices for piercing the ear-lobes</text></CPC-specific-text></title-part></class-title></classification-item>
<classification-item breakdown-code="false" not-allocatable="false" level="8" additional-only="false" sort-key="A44C7/002" definition-exists="false" ipc-concordant="A44C7/00" c-set-base-allowed="false" c-set-subsequent-allowed="true" date-revised="2013-01-01" status="published"><classification-symbol>A44C7/002</classification-symbol><class-title date-revised="2013-01-01"><title-part><CPC-specific-text><text>Ear-rings with interchangeable ornaments</text></CPC-specific-text></title-part></class-title></classification-item>
<classification-item breakdown-code="false" not-allocatable="false" level="8" additional-only="false" sort-key="A44C7/003" definition-exists="true" ipc-concordant="A44C7/00" c-set-base-allowed="false" c-set-subsequent-allowed="true" date-revised="2013-01-01" status="published"><classification-symbol>A44C7/003</classification-symbol><class-title date-revised="2013-01-01"><title-part><CPC-specific-text><text>Ear-studs or their catch devices</text></CPC-specific-text></title-part></class-title></classification-item>
<classification-item breakdown-code="false" not-allocatable="false" level="8" additional-only="false" sort-key="A44C7/004" definition-exists="true" ipc-concordant="A44C7/00" c-set-base-allowed="false" c-set-subsequent-allowed="true" date-revised="2013-01-01" status="published"><classification-symbol>A44C7/004</classification-symbol><class-title date-revised="2013-01-01"><title-part><CPC-specific-text><text>Ear-clips</text></CPC-specific-text></title-part></class-title>
<classification-item breakdown-code="false" not-allocatable="false" level="9" additional-only="false" sort-key="A44C7/005" definition-exists="true" ipc-concordant="A44C7/00" c-set-base-allowed="false" c-set-subsequent-allowed="true" date-revised="2013-01-01" status="published"><classification-symbol>A44C7/005</classification-symbol><class-title date-revised="2013-01-01"><title-part><CPC-specific-text><text>made of one piece</text></CPC-specific-text></title-part></class-title></classification-item>
<classification-item breakdown-code="false" not-allocatable="false" level="9" additional-only="false" sort-key="A44C7/006" definition-exists="true" ipc-concordant="A44C7/00" c-set-base-allowed="false" c-set-subsequent-allowed="true" date-revised="2013-01-01" status="published"><classification-symbol>A44C7/006</classification-symbol><class-title date-revised="2013-01-01"><title-part><CPC-specific-text><text>with a pivotable back clamping arm</text></CPC-specific-text></title-part></class-title></classification-item>
<classification-item breakdown-code="false" not-allocatable="false" level="9" additional-only="false" sort-key="A44C7/007" definition-exists="true" ipc-concordant="A44C7/00" c-set-base-allowed="false" c-set-subsequent-allowed="true" date-revised="2013-01-01" status="published"><classification-symbol>A44C7/007</classification-symbol><class-title date-revised="2013-01-01"><title-part><CPC-specific-text><text>with an ear gripping member mounted, e.g. pivotably, at the upper end of a back arm</text></CPC-specific-text></title-part></class-title>
<classification-item breakdown-code="false" not-allocatable="false" level="10" additional-only="false" sort-key="A44C7/008" definition-exists="true" ipc-concordant="A44C7/00" c-set-base-allowed="false" c-set-subsequent-allowed="true" date-revised="2013-01-01" status="published"><classification-symbol>A44C7/008</classification-symbol><class-title date-revised="2013-01-01"><title-part><CPC-specific-text><text>movable axially</text></CPC-specific-text></title-part></class-title></classification-item></classification-item></classification-item>
<classification-item breakdown-code="false" not-allocatable="false" level="8" additional-only="false" sort-key="A44C7/009" definition-exists="true" ipc-concordant="A44C7/00" c-set-base-allowed="false" c-set-subsequent-allowed="true" date-revised="2013-01-01" status="published"><classification-symbol>A44C7/009</classification-symbol><class-title date-revised="2013-01-01"><title-part><CPC-specific-text><text>Earrings covering the upper portion of the ear</text></CPC-specific-text></title-part></class-title></classification-item></classification-item>
<classification-item breakdown-code="false" not-allocatable="false" level="7" additional-only="false" sort-key="A44C9/00" definition-exists="false" ipc-concordant="A44C9/00" c-set-base-allowed="false" c-set-subsequent-allowed="true" date-revised="2013-01-01" status="published"><classification-symbol>A44C9/00</classification-symbol><class-title date-revised="2013-01-01"><title-part><text>Finger-rings </text><CPC-specific-text><reference><text>settings for holding gems or the like <class-ref scheme="cpc">A44C17/02</class-ref></text></reference></CPC-specific-text></title-part></class-title>
<classification-item breakdown-code="false" not-allocatable="false" level="8" additional-only="false" sort-key="A44C9/0007" definition-exists="true" ipc-concordant="A44C9/00" c-set-base-allowed="false" c-set-subsequent-allowed="true" date-revised="2013-01-01" status="published"><classification-symbol>A44C9/0007</classification-symbol><class-title date-revised="2013-01-01"><title-part><CPC-specific-text><text>made of several rings</text></CPC-specific-text></title-part></class-title>
<classification-item breakdown-code="false" not-allocatable="false" level="9" additional-only="false" sort-key="A44C9/0015" definition-exists="true" ipc-concordant="A44C9/00" c-set-base-allowed="false" c-set-subsequent-allowed="true" date-revised="2013-01-01" status="published"><classification-symbol>A44C9/0015</classification-symbol><class-title date-revised="2013-01-01"><title-part><CPC-specific-text><text>connected or interlinked to each other</text></CPC-specific-text></title-part></class-title>
<classification-item breakdown-code="false" not-allocatable="false" level="10" additional-only="false" sort-key="A44C9/0023" definition-exists="true" ipc-concordant="A44C9/00" c-set-base-allowed="false" c-set-subsequent-allowed="true" date-revised="2013-01-01" status="published"><classification-symbol>A44C9/0023</classification-symbol><class-title date-revised="2013-01-01"><title-part><CPC-specific-text><text>in a separable way</text></CPC-specific-text></title-part></class-title></classification-item>
<classification-item breakdown-code="false" not-allocatable="false" level="10" additional-only="false" sort-key="A44C9/003" definition-exists="true" ipc-concordant="A44C9/00" c-set-base-allowed="false" c-set-subsequent-allowed="true" date-revised="2013-01-01" status="published"><classification-symbol>A44C9/003</classification-symbol><class-title date-revised="2013-01-01"><title-part><CPC-specific-text><text>in a rotatable way</text></CPC-specific-text></title-part></class-title></classification-item></classification-item></classification-item>
<classification-item breakdown-code="false" not-allocatable="false" level="8" additional-only="false" sort-key="A44C9/0038" definition-exists="true" ipc-concordant="A44C9/00" c-set-base-allowed="false" c-set-subsequent-allowed="true" date-revised="2013-01-01" status="published"><classification-symbol>A44C9/0038</classification-symbol><class-title date-revised="2013-01-01"><title-part><CPC-specific-text><text>openable or able to be broken for safety reasons</text></CPC-specific-text></title-part></class-title>
<classification-item breakdown-code="false" not-allocatable="false" level="9" additional-only="false" sort-key="A44C9/0046" definition-exists="true" ipc-concordant="A44C9/00" c-set-base-allowed="false" c-set-subsequent-allowed="true" date-revised="2013-01-01" status="published"><classification-symbol>A44C9/0046</classification-symbol><class-title date-revised="2013-01-01"><title-part><CPC-specific-text><text>comprising a hinge</text></CPC-specific-text></title-part></class-title></classification-item></classification-item>
<classification-item breakdown-code="false" not-allocatable="false" level="8" additional-only="false" sort-key="A44C9/0053" definition-exists="false" ipc-concordant="A44C9/00" c-set-base-allowed="false" c-set-subsequent-allowed="true" date-revised="2013-01-01" status="published"><classification-symbol>A44C9/0053</classification-symbol><class-title date-revised="2013-01-01"><title-part><CPC-specific-text><text>having special functions</text></CPC-specific-text></title-part></class-title>
<classification-item breakdown-code="false" not-allocatable="false" level="9" additional-only="false" sort-key="A44C9/0061" definition-exists="true" ipc-concordant="A44C9/00" c-set-base-allowed="false" c-set-subsequent-allowed="true" date-revised="2013-01-01" status="published"><classification-symbol>A44C9/0061</classification-symbol><class-title date-revised="2013-01-01"><title-part><CPC-specific-text><text>Holding articles</text></CPC-specific-text></title-part></class-title></classification-item>
<classification-item breakdown-code="false" not-allocatable="false" level="9" additional-only="false" sort-key="A44C9/0069" definition-exists="true" ipc-concordant="A44C9/00" c-set-base-allowed="false" c-set-subsequent-allowed="true" date-revised="2013-01-01" status="published"><classification-symbol>A44C9/0069</classification-symbol><class-title date-revised="2013-01-01"><title-part><CPC-specific-text><text>Storing articles, e.g. pills</text></CPC-specific-text></title-part></class-title></classification-item></classification-item>
<classification-item breakdown-code="false" not-allocatable="false" level="8" additional-only="false" sort-key="A44C9/0076" definition-exists="true" ipc-concordant="A44C9/00" c-set-base-allowed="false" c-set-subsequent-allowed="true" date-revised="2013-01-01" status="published"><classification-symbol>A44C9/0076</classification-symbol><class-title date-revised="2013-01-01"><title-part><CPC-specific-text><text>worn on several fingers or between fingers</text></CPC-specific-text></title-part></class-title></classification-item>
<classification-item breakdown-code="false" not-allocatable="false" level="8" additional-only="false" sort-key="A44C9/0084" definition-exists="false" ipc-concordant="A44C9/00" c-set-base-allowed="false" c-set-subsequent-allowed="true" date-revised="2013-01-01" status="published"><classification-symbol>A44C9/0084</classification-symbol><class-title date-revised="2013-01-01"><title-part><CPC-specific-text><text>Accessories</text></CPC-specific-text></title-part></class-title>
<classification-item breakdown-code="false" not-allocatable="false" level="9" additional-only="false" sort-key="A44C9/0092" definition-exists="true" ipc-concordant="A44C9/00" c-set-base-allowed="false" c-set-subsequent-allowed="true" date-revised="2013-01-01" status="published"><classification-symbol>A44C9/0092</classification-symbol><class-title date-revised="2013-01-01"><title-part><CPC-specific-text><text>Ring protectors</text></CPC-specific-text></title-part></class-title></classification-item></classification-item>
<classification-item breakdown-code="false" not-allocatable="false" level="8" additional-only="false" sort-key="A44C9/02" definition-exists="true" ipc-concordant="A44C9/02" c-set-base-allowed="false" c-set-subsequent-allowed="true" date-revised="2013-01-01" status="published"><classification-symbol>A44C9/02</classification-symbol><class-title date-revised="2013-01-01"><title-part><text>adjustable</text></title-part></class-title></classification-item></classification-item>
<classification-item breakdown-code="false" not-allocatable="false" level="7" additional-only="false" sort-key="A44C11/00" definition-exists="true" ipc-concordant="A44C11/00" c-set-base-allowed="false" c-set-subsequent-allowed="true" date-revised="2013-01-01" status="published"><classification-symbol>A44C11/00</classification-symbol><class-title date-revised="2013-01-01"><title-part><text>Watch chains</text></title-part><title-part><text>Ornamental chains </text><CPC-specific-text><reference><text>fastening devices for watch or ornamental chains <class-ref scheme="cpc">A44C5/18</class-ref></text></reference></CPC-specific-text></title-part></class-title>
<classification-item breakdown-code="false" not-allocatable="false" level="8" additional-only="false" sort-key="A44C11/002" definition-exists="true" ipc-concordant="A44C11/00" c-set-base-allowed="false" c-set-subsequent-allowed="true" date-revised="2013-01-01" status="published"><classification-symbol>A44C11/002</classification-symbol><class-title date-revised="2013-01-01"><title-part><CPC-specific-text><text>Ornamental chains composed of pearls </text><reference><text>rosaries <class-ref scheme="cpc">A44C23/00</class-ref>; making such chains <class-ref scheme="cpc">D04D9/00</class-ref></text></reference></CPC-specific-text></title-part></class-title></classification-item>
<classification-item breakdown-code="false" not-allocatable="false" level="8" additional-only="false" sort-key="A44C11/005" definition-exists="false" ipc-concordant="A44C11/00" c-set-base-allowed="false" c-set-subsequent-allowed="true" date-revised="2013-01-01" status="published"><classification-symbol>A44C11/005</classification-symbol><class-title date-revised="2013-01-01"><title-part><CPC-specific-text><text>with friction boxes adjustments</text></CPC-specific-text></title-part></class-title></classification-item>
<classification-item breakdown-code="false" not-allocatable="false" level="8" additional-only="false" sort-key="A44C11/007" definition-exists="false" ipc-concordant="A44C11/00" c-set-base-allowed="false" c-set-subsequent-allowed="true" date-revised="2013-01-01" status="published"><classification-symbol>A44C11/007</classification-symbol><class-title date-revised="2013-01-01"><title-part><CPC-specific-text><text>Tennis type</text></CPC-specific-text></title-part></class-title></classification-item></classification-item>
<classification-item breakdown-code="false" not-allocatable="false" level="7" additional-only="false" sort-key="A44C13/00" definition-exists="true" ipc-concordant="A44C13/00" c-set-base-allowed="false" c-set-subsequent-allowed="true" date-revised="2013-01-01" status="published"><classification-symbol>A44C13/00</classification-symbol><class-title date-revised="2013-01-01"><title-part><text>Connectible jewellery</text></title-part></class-title></classification-item>
<classification-item breakdown-code="false" not-allocatable="false" level="7" additional-only="false" sort-key="A44C15/00" definition-exists="true" ipc-concordant="A44C15/00" c-set-base-allowed="false" c-set-subsequent-allowed="true" date-revised="2013-01-01" status="published"><classification-symbol>A44C15/00</classification-symbol><class-title date-revised="2013-01-01"><title-part><text>Other forms of jewellery</text></title-part></class-title>
<classification-item breakdown-code="false" not-allocatable="false" level="8" additional-only="false" sort-key="A44C15/0005" definition-exists="false" ipc-concordant="A44C15/00" c-set-base-allowed="false" c-set-subsequent-allowed="true" date-revised="2013-01-01" status="published"><classification-symbol>A44C15/0005</classification-symbol><class-title date-revised="2013-01-01"><title-part><CPC-specific-text><text>Jewelry adherable on the human body</text></CPC-specific-text></title-part></class-title></classification-item>
<classification-item breakdown-code="false" not-allocatable="false" level="8" additional-only="false" sort-key="A44C15/001" definition-exists="true" ipc-concordant="A44C15/00" c-set-base-allowed="false" c-set-subsequent-allowed="true" date-revised="2013-01-01" status="published"><classification-symbol>A44C15/001</classification-symbol><class-title date-revised="2013-01-01"><title-part><CPC-specific-text><text>Jewels transformable into other jewels, e.g. finger rings transformable into ear-rings</text></CPC-specific-text></title-part></class-title></classification-item>
<classification-item breakdown-code="false" not-allocatable="false" level="8" additional-only="false" sort-key="A44C15/0015" definition-exists="true" ipc-concordant="A44C15/00" c-set-base-allowed="false" c-set-subsequent-allowed="true" date-revised="2013-01-01" status="published"><classification-symbol>A44C15/0015</classification-symbol><class-title date-revised="2013-01-01"><title-part><CPC-specific-text><text>Illuminated or sound-producing jewellery</text></CPC-specific-text></title-part></class-title></classification-item>
<classification-item breakdown-code="false" not-allocatable="false" level="8" additional-only="false" sort-key="A44C15/002" definition-exists="true" ipc-concordant="A44C15/00" c-set-base-allowed="false" c-set-subsequent-allowed="true" date-revised="2013-01-01" status="published"><classification-symbol>A44C15/002</classification-symbol><class-title date-revised="2013-01-01"><title-part><CPC-specific-text><text>Jewellery dispersing perfume or the like</text></CPC-specific-text></title-part></class-title></classification-item>
<classification-item breakdown-code="false" not-allocatable="false" level="8" additional-only="false" sort-key="A44C15/0025" definition-exists="true" ipc-concordant="A44C15/00" c-set-base-allowed="false" c-set-subsequent-allowed="true" date-revised="2013-01-01" status="published"><classification-symbol>A44C15/0025</classification-symbol><class-title date-revised="2013-01-01"><title-part><CPC-specific-text><text>Reversible or double face jewellery</text></CPC-specific-text></title-part></class-title></classification-item>
<classification-item breakdown-code="false" not-allocatable="false" level="8" additional-only="false" sort-key="A44C15/003" definition-exists="true" ipc-concordant="A44C15/00" c-set-base-allowed="false" c-set-subsequent-allowed="true" date-revised="2013-01-01" status="published"><classification-symbol>A44C15/003</classification-symbol><class-title date-revised="2013-01-01"><title-part><CPC-specific-text><text>Jewellery holding or retaining articles, e.g. eyeglasses</text></CPC-specific-text></title-part></class-title></classification-item>
<classification-item breakdown-code="false" not-allocatable="false" level="8" additional-only="false" sort-key="A44C15/0035" definition-exists="true" ipc-concordant="A44C15/00" c-set-base-allowed="false" c-set-subsequent-allowed="true" date-revised="2013-01-01" status="published"><classification-symbol>A44C15/0035</classification-symbol><class-title date-revised="2013-01-01"><title-part><CPC-specific-text><text>Piercing type jewellery </text><reference><text>earrings <class-ref scheme="cpc">A44C7/00</class-ref></text></reference></CPC-specific-text></title-part></class-title></classification-item>
<classification-item breakdown-code="false" not-allocatable="false" level="8" additional-only="false" sort-key="A44C15/004" definition-exists="true" ipc-concordant="A44C15/00" c-set-base-allowed="false" c-set-subsequent-allowed="true" date-revised="2013-01-01" status="published"><classification-symbol>A44C15/004</classification-symbol><class-title date-revised="2013-01-01"><title-part><CPC-specific-text><text>Jewellery with monograms or other inscription</text></CPC-specific-text></title-part></class-title></classification-item>
<classification-item breakdown-code="false" not-allocatable="false" level="8" additional-only="false" sort-key="A44C15/0045" definition-exists="false" ipc-concordant="A44C15/00" c-set-base-allowed="false" c-set-subsequent-allowed="true" date-revised="2016-05-01" status="published"><classification-symbol>A44C15/0045</classification-symbol><class-title date-revised="2016-05-01"><title-part><CPC-specific-text><text>Jewellery specially adapted to be worn on a specific part of the body not fully provided for in groups <class-ref scheme="cpc">A44C1/00</class-ref>&#160;-&#160;<class-ref scheme="cpc">A44C9/00</class-ref> </text><reference><text><class-ref scheme="cpc">A44C15/0035</class-ref> takes precedence</text></reference></CPC-specific-text></title-part></class-title>
<classification-item breakdown-code="false" not-allocatable="false" level="9" additional-only="false" sort-key="A44C15/005" definition-exists="false" ipc-concordant="A44C15/00" c-set-base-allowed="false" c-set-subsequent-allowed="true" date-revised="2013-01-01" status="published"><classification-symbol>A44C15/005</classification-symbol><class-title date-revised="2013-01-01"><title-part><CPC-specific-text><text>Necklaces </text><reference><text>ornamental chains <class-ref scheme="cpc">A44C11/00</class-ref></text></reference></CPC-specific-text></title-part></class-title>
<classification-item breakdown-code="false" not-allocatable="false" level="10" additional-only="false" sort-key="A44C15/0055" definition-exists="true" ipc-concordant="A44C15/00" c-set-base-allowed="false" c-set-subsequent-allowed="true" date-revised="2013-01-01" status="published"><classification-symbol>A44C15/0055</classification-symbol><class-title date-revised="2013-01-01"><title-part><CPC-specific-text><text>combined with other jewels, e.g. earrings</text></CPC-specific-text></title-part></class-title></classification-item></classification-item>
<classification-item breakdown-code="false" not-allocatable="false" level="9" additional-only="false" sort-key="A44C15/006" definition-exists="false" ipc-concordant="A44C15/00" c-set-base-allowed="false" c-set-subsequent-allowed="true" date-revised="2013-01-01" status="published"><classification-symbol>A44C15/006</classification-symbol><class-title date-revised="2013-01-01"><title-part><CPC-specific-text><text>on the head, e.g. diadem </text><reference><text>hair holding devices <class-ref scheme="cpc">A45D8/00</class-ref></text></reference></CPC-specific-text></title-part></class-title></classification-item>
<classification-item breakdown-code="false" not-allocatable="false" level="9" additional-only="false" sort-key="A44C15/0065" definition-exists="false" ipc-concordant="A44C15/00" c-set-base-allowed="false" c-set-subsequent-allowed="true" date-revised="2013-01-01" status="published"><classification-symbol>A44C15/0065</classification-symbol><class-title date-revised="2013-01-01"><title-part><CPC-specific-text><text>on the nose or nostrils</text></CPC-specific-text></title-part></class-title></classification-item>
<classification-item breakdown-code="false" not-allocatable="false" level="9" additional-only="false" sort-key="A44C15/007" definition-exists="true" ipc-concordant="A44C15/00" c-set-base-allowed="false" c-set-subsequent-allowed="true" date-revised="2013-01-01" status="published"><classification-symbol>A44C15/007</classification-symbol><class-title date-revised="2013-01-01"><title-part><CPC-specific-text><text>on the teeth, e.g. settings or decorations</text></CPC-specific-text></title-part></class-title></classification-item>
<classification-item breakdown-code="false" not-allocatable="false" level="9" additional-only="false" sort-key="A44C15/0075" definition-exists="false" ipc-concordant="A44C15/00" c-set-base-allowed="false" c-set-subsequent-allowed="true" date-revised="2013-01-01" status="published"><classification-symbol>A44C15/0075</classification-symbol><class-title date-revised="2013-01-01"><title-part><CPC-specific-text><text>on the hand or nails</text></CPC-specific-text></title-part></class-title>
<classification-item breakdown-code="false" not-allocatable="false" level="10" additional-only="false" sort-key="A44C15/008" definition-exists="false" ipc-concordant="A44C15/00" c-set-base-allowed="false" c-set-subsequent-allowed="true" date-revised="2013-01-01" status="published"><classification-symbol>A44C15/008</classification-symbol><class-title date-revised="2013-01-01"><title-part><CPC-specific-text><text>on the nails</text></CPC-specific-text></title-part></class-title></classification-item></classification-item>
<classification-item breakdown-code="false" not-allocatable="false" level="9" additional-only="false" sort-key="A44C15/0085" definition-exists="false" ipc-concordant="A44C15/00" c-set-base-allowed="false" c-set-subsequent-allowed="true" date-revised="2013-01-01" status="published"><classification-symbol>A44C15/0085</classification-symbol><class-title date-revised="2013-01-01"><title-part><CPC-specific-text><text>on the leg, foot or toes</text></CPC-specific-text></title-part></class-title>
<classification-item breakdown-code="false" not-allocatable="false" level="10" additional-only="false" sort-key="A44C15/009" definition-exists="false" ipc-concordant="A44C15/00" c-set-base-allowed="false" c-set-subsequent-allowed="true" date-revised="2013-01-01" status="published"><classification-symbol>A44C15/009</classification-symbol><class-title date-revised="2013-01-01"><title-part><CPC-specific-text><text>on the foot or toes</text></CPC-specific-text></title-part></class-title></classification-item></classification-item>
<classification-item breakdown-code="false" not-allocatable="false" level="9" additional-only="false" sort-key="A44C15/0095" definition-exists="false" ipc-concordant="A44C15/00" c-set-base-allowed="false" c-set-subsequent-allowed="true" date-revised="2013-01-01" status="published"><classification-symbol>A44C15/0095</classification-symbol><class-title date-revised="2013-01-01"><title-part><CPC-specific-text><text>on the nipples</text></CPC-specific-text></title-part></class-title></classification-item></classification-item></classification-item>
<classification-item breakdown-code="false" not-allocatable="false" level="7" additional-only="false" sort-key="A44C17/00" definition-exists="true" ipc-concordant="A44C17/00" c-set-base-allowed="false" c-set-subsequent-allowed="true" date-revised="2013-01-01" status="published"><classification-symbol>A44C17/00</classification-symbol><class-title date-revised="2013-01-01"><title-part><text>Gems or the like</text></title-part></class-title>
<classification-item breakdown-code="false" not-allocatable="false" level="8" additional-only="false" sort-key="A44C17/001" definition-exists="true" ipc-concordant="A44C17/00" c-set-base-allowed="false" c-set-subsequent-allowed="true" date-revised="2013-01-01" status="published"><classification-symbol>A44C17/001</classification-symbol><class-title date-revised="2013-01-01"><title-part><CPC-specific-text><text>Faceting gems</text></CPC-specific-text></title-part></class-title></classification-item>
<classification-item breakdown-code="false" not-allocatable="false" level="8" additional-only="false" sort-key="A44C17/002" definition-exists="true" ipc-concordant="A44C17/00" c-set-base-allowed="false" c-set-subsequent-allowed="true" date-revised="2013-01-01" status="published"><classification-symbol>A44C17/002</classification-symbol><class-title date-revised="2013-01-01"><title-part><CPC-specific-text><text>Gems made of several cut pieces</text></CPC-specific-text></title-part></class-title>
<classification-item breakdown-code="false" not-allocatable="false" level="9" additional-only="false" sort-key="A44C17/003" definition-exists="true" ipc-concordant="A44C17/00" c-set-base-allowed="false" c-set-subsequent-allowed="true" date-revised="2013-01-01" status="published"><classification-symbol>A44C17/003</classification-symbol><class-title date-revised="2013-01-01"><title-part><CPC-specific-text><text>Doublet stones</text></CPC-specific-text></title-part></class-title></classification-item></classification-item>
<classification-item breakdown-code="false" not-allocatable="false" level="8" additional-only="false" sort-key="A44C17/005" definition-exists="false" ipc-concordant="A44C17/00" c-set-base-allowed="false" c-set-subsequent-allowed="true" date-revised="2013-01-01" status="published"><classification-symbol>A44C17/005</classification-symbol><class-title date-revised="2013-01-01"><title-part><CPC-specific-text><text>Gems provided with grooves or notches, e.g. for setting</text></CPC-specific-text></title-part></class-title></classification-item>
<classification-item breakdown-code="false" not-allocatable="false" level="8" additional-only="false" sort-key="A44C17/006" definition-exists="true" ipc-concordant="A44C17/00" c-set-base-allowed="false" c-set-subsequent-allowed="true" date-revised="2013-01-01" status="published"><classification-symbol>A44C17/006</classification-symbol><class-title date-revised="2013-01-01"><title-part><CPC-specific-text><text>Gems provided with a cavity, e.g. for containing another gem</text></CPC-specific-text></title-part></class-title></classification-item>
<classification-item breakdown-code="false" not-allocatable="false" level="8" additional-only="false" sort-key="A44C17/007" definition-exists="false" ipc-concordant="A44C17/00" c-set-base-allowed="false" c-set-subsequent-allowed="true" date-revised="2013-01-01" status="published"><classification-symbol>A44C17/007</classification-symbol><class-title date-revised="2013-01-01"><title-part><CPC-specific-text><text>Special types of gems</text></CPC-specific-text></title-part></class-title>
<classification-item breakdown-code="false" not-allocatable="false" level="9" additional-only="false" sort-key="A44C17/008" definition-exists="false" ipc-concordant="A44C17/00" c-set-base-allowed="false" c-set-subsequent-allowed="true" date-revised="2013-01-01" status="published"><classification-symbol>A44C17/008</classification-symbol><class-title date-revised="2013-01-01"><title-part><CPC-specific-text><text>Glass stones</text></CPC-specific-text></title-part></class-title></classification-item></classification-item>
<classification-item breakdown-code="false" not-allocatable="false" level="8" additional-only="false" sort-key="A44C17/02" definition-exists="true" ipc-concordant="A44C17/02" c-set-base-allowed="false" c-set-subsequent-allowed="true" date-revised="2013-01-01" status="published"><classification-symbol>A44C17/02</classification-symbol><class-title date-revised="2013-01-01"><title-part><text>Settings for holding gems </text><CPC-specific-text><text>or the like, e.g. for ornaments or decorations</text></CPC-specific-text></title-part></class-title>
<classification-item breakdown-code="false" not-allocatable="false" level="9" additional-only="false" sort-key="A44C17/0208" definition-exists="true" ipc-concordant="A44C17/02" c-set-base-allowed="false" c-set-subsequent-allowed="true" date-revised="2013-01-01" status="published"><classification-symbol>A44C17/0208</classification-symbol><class-title date-revised="2013-01-01"><title-part><CPC-specific-text><text>removable</text></CPC-specific-text></title-part></class-title>
<classification-item breakdown-code="false" not-allocatable="false" level="10" additional-only="false" sort-key="A44C17/0216" definition-exists="true" ipc-concordant="A44C17/02" c-set-base-allowed="false" c-set-subsequent-allowed="true" date-revised="2013-01-01" status="published"><classification-symbol>A44C17/0216</classification-symbol><class-title date-revised="2013-01-01"><title-part><CPC-specific-text><text>with automatic locking action, e.g. by using a spring</text></CPC-specific-text></title-part></class-title>
<classification-item breakdown-code="false" not-allocatable="false" level="11" additional-only="false" sort-key="A44C17/0225" definition-exists="false" ipc-concordant="A44C17/02" c-set-base-allowed="false" c-set-subsequent-allowed="true" date-revised="2013-01-01" status="published"><classification-symbol>A44C17/0225</classification-symbol><class-title date-revised="2013-01-01"><title-part><CPC-specific-text><text>having clamping action</text></CPC-specific-text></title-part></class-title></classification-item></classification-item>
<classification-item breakdown-code="false" not-allocatable="false" level="10" additional-only="false" sort-key="A44C17/0233" definition-exists="true" ipc-concordant="A44C17/02" c-set-base-allowed="false" c-set-subsequent-allowed="true" date-revised="2013-01-01" status="published"><classification-symbol>A44C17/0233</classification-symbol><class-title date-revised="2013-01-01"><title-part><CPC-specific-text><text>using screws or screwed elements</text></CPC-specific-text></title-part></class-title></classification-item></classification-item>
<classification-item breakdown-code="false" not-allocatable="false" level="9" additional-only="false" sort-key="A44C17/0241" definition-exists="true" ipc-concordant="A44C17/02" c-set-base-allowed="false" c-set-subsequent-allowed="true" date-revised="2013-01-01" status="published"><classification-symbol>A44C17/0241</classification-symbol><class-title date-revised="2013-01-01"><title-part><CPC-specific-text><text>slidably arranged</text></CPC-specific-text></title-part></class-title>
<classification-item breakdown-code="false" not-allocatable="false" level="10" additional-only="false" sort-key="A44C17/025" definition-exists="true" ipc-concordant="A44C17/02" c-set-base-allowed="false" c-set-subsequent-allowed="true" date-revised="2013-01-01" status="published"><classification-symbol>A44C17/025</classification-symbol><class-title date-revised="2013-01-01"><title-part><CPC-specific-text><text>with the gem sliding along guiding rails</text></CPC-specific-text></title-part></class-title></classification-item></classification-item>
<classification-item breakdown-code="false" not-allocatable="false" level="9" additional-only="false" sort-key="A44C17/0258" definition-exists="true" ipc-concordant="A44C17/02" c-set-base-allowed="false" c-set-subsequent-allowed="true" date-revised="2013-01-01" status="published"><classification-symbol>A44C17/0258</classification-symbol><class-title date-revised="2013-01-01"><title-part><CPC-specific-text><text>rotatably or pivotably arranged</text></CPC-specific-text></title-part></class-title>
<classification-item breakdown-code="false" not-allocatable="false" level="10" additional-only="false" sort-key="A44C17/0266" definition-exists="true" ipc-concordant="A44C17/02" c-set-base-allowed="false" c-set-subsequent-allowed="true" date-revised="2013-01-01" status="published"><classification-symbol>A44C17/0266</classification-symbol><class-title date-revised="2013-01-01"><title-part><CPC-specific-text><text>with means for maintaining a pivoted position</text></CPC-specific-text></title-part></class-title></classification-item></classification-item>
<classification-item breakdown-code="false" not-allocatable="false" level="9" additional-only="false" sort-key="A44C17/0275" definition-exists="true" ipc-concordant="A44C17/02" c-set-base-allowed="false" c-set-subsequent-allowed="true" date-revised="2013-01-01" status="published"><classification-symbol>A44C17/0275</classification-symbol><class-title date-revised="2013-01-01"><title-part><CPC-specific-text><text>in an oscillating way</text></CPC-specific-text></title-part></class-title></classification-item>
<classification-item breakdown-code="false" not-allocatable="false" level="9" additional-only="false" sort-key="A44C17/0283" definition-exists="true" ipc-concordant="A44C17/02" c-set-base-allowed="false" c-set-subsequent-allowed="true" date-revised="2013-01-01" status="published"><classification-symbol>A44C17/0283</classification-symbol><class-title date-revised="2013-01-01"><title-part><CPC-specific-text><text>moving freely inside a setting</text></CPC-specific-text></title-part></class-title>
<classification-item breakdown-code="false" not-allocatable="false" level="10" additional-only="false" sort-key="A44C17/0291" definition-exists="true" ipc-concordant="A44C17/02" c-set-base-allowed="false" c-set-subsequent-allowed="true" date-revised="2013-01-01" status="published"><classification-symbol>A44C17/0291</classification-symbol><class-title date-revised="2013-01-01"><title-part><CPC-specific-text><text>in the same plane</text></CPC-specific-text></title-part></class-title></classification-item></classification-item></classification-item>
<classification-item breakdown-code="false" not-allocatable="false" level="8" additional-only="false" sort-key="A44C17/04" definition-exists="true" ipc-concordant="A44C17/04" c-set-base-allowed="false" c-set-subsequent-allowed="true" date-revised="2013-01-01" status="published"><classification-symbol>A44C17/04</classification-symbol><class-title date-revised="2013-01-01"><title-part><text>Setting gems in jewellery</text></title-part><title-part><text>Setting-tools</text></title-part></class-title>
<classification-item breakdown-code="false" not-allocatable="false" level="9" additional-only="false" sort-key="A44C17/043" definition-exists="true" ipc-concordant="A44C17/04" c-set-base-allowed="false" c-set-subsequent-allowed="true" date-revised="2013-01-01" status="published"><classification-symbol>A44C17/043</classification-symbol><class-title date-revised="2013-01-01"><title-part><CPC-specific-text><text>Setting-tools</text></CPC-specific-text></title-part></class-title></classification-item>
<classification-item breakdown-code="false" not-allocatable="false" level="9" additional-only="false" sort-key="A44C17/046" definition-exists="false" ipc-concordant="A44C17/04" c-set-base-allowed="false" c-set-subsequent-allowed="true" date-revised="2013-01-01" status="published"><classification-symbol>A44C17/046</classification-symbol><class-title date-revised="2013-01-01"><title-part><CPC-specific-text><text>Setting gems in a plurality of non coplanar table top planes</text></CPC-specific-text></title-part></class-title></classification-item></classification-item></classification-item>
<classification-item breakdown-code="false" not-allocatable="false" level="7" additional-only="false" sort-key="A44C19/00" definition-exists="true" ipc-concordant="A44C19/00" c-set-base-allowed="false" c-set-subsequent-allowed="true" date-revised="2013-01-01" status="published"><classification-symbol>A44C19/00</classification-symbol><class-title date-revised="2013-01-01"><title-part><text>Devices for preventing pilfering of watches or jewellery</text></title-part></class-title></classification-item>
<classification-item breakdown-code="false" not-allocatable="false" level="7" additional-only="false" sort-key="A44C21/00" definition-exists="true" ipc-concordant="A44C21/00" c-set-base-allowed="false" c-set-subsequent-allowed="true" date-revised="2013-01-01" status="published"><classification-symbol>A44C21/00</classification-symbol><class-title date-revised="2013-01-01"><title-part><text>Coins </text><reference><text>coins specially adapted to operate coin-freed mechanisms <class-ref scheme="cpc">G07F1/06</class-ref></text></reference></title-part><title-part><text>Emergency money</text></title-part><title-part><text>Beer or gambling coins or tokens, or the like</text></title-part></class-title></classification-item>
<classification-item breakdown-code="false" not-allocatable="false" level="7" additional-only="false" sort-key="A44C23/00" definition-exists="true" ipc-concordant="A44C23/00" c-set-base-allowed="false" c-set-subsequent-allowed="true" date-revised="2013-01-01" status="published"><classification-symbol>A44C23/00</classification-symbol><class-title date-revised="2013-01-01"><title-part><text>Rosaries</text></title-part></class-title></classification-item>
<classification-item breakdown-code="false" not-allocatable="false" level="7" additional-only="false" sort-key="A44C25/00" definition-exists="false" ipc-concordant="A44C25/00" c-set-base-allowed="false" c-set-subsequent-allowed="true" date-revised="2013-01-01" status="published"><classification-symbol>A44C25/00</classification-symbol><class-title date-revised="2013-01-01"><title-part><text>Miscellaneous fancy ware for personal wear, e.g. </text><CPC-specific-text><text>pendants,</text></CPC-specific-text><text> crosses, crucifixes, charms </text><CPC-specific-text><reference><text>suspension loops or rings <class-ref scheme="cpc">A44C3/008</class-ref>; settings for holding gems or the like <class-ref scheme="cpc">A44C17/02</class-ref></text></reference></CPC-specific-text></title-part></class-title>
<classification-item breakdown-code="false" not-allocatable="false" level="8" additional-only="false" sort-key="A44C25/001" definition-exists="true" ipc-concordant="A44C25/00" c-set-base-allowed="false" c-set-subsequent-allowed="true" date-revised="2013-01-01" status="published"><classification-symbol>A44C25/001</classification-symbol><class-title date-revised="2013-01-01"><title-part><CPC-specific-text><text>Pendants</text></CPC-specific-text></title-part></class-title>
<classification-item breakdown-code="false" not-allocatable="false" level="9" additional-only="false" sort-key="A44C25/002" definition-exists="true" ipc-concordant="A44C25/00" c-set-base-allowed="false" c-set-subsequent-allowed="true" date-revised="2013-01-01" status="published"><classification-symbol>A44C25/002</classification-symbol><class-title date-revised="2013-01-01"><title-part><CPC-specific-text><text>forming a container, e.g. for pictures</text></CPC-specific-text></title-part></class-title>
<classification-item breakdown-code="false" not-allocatable="false" level="10" additional-only="false" sort-key="A44C25/004" definition-exists="true" ipc-concordant="A44C25/00" c-set-base-allowed="false" c-set-subsequent-allowed="true" date-revised="2013-01-01" status="published"><classification-symbol>A44C25/004</classification-symbol><class-title date-revised="2013-01-01"><title-part><CPC-specific-text><text>with articulated faces</text></CPC-specific-text></title-part></class-title></classification-item></classification-item></classification-item>
<classification-item breakdown-code="false" not-allocatable="false" level="8" additional-only="false" sort-key="A44C25/005" definition-exists="false" ipc-concordant="A44C25/00" c-set-base-allowed="false" c-set-subsequent-allowed="true" date-revised="2013-01-01" status="published"><classification-symbol>A44C25/005</classification-symbol><class-title date-revised="2013-01-01"><title-part><CPC-specific-text><text>Crosses or crucifixes</text></CPC-specific-text></title-part></class-title></classification-item>
<classification-item breakdown-code="false" not-allocatable="false" level="8" additional-only="false" sort-key="A44C25/007" definition-exists="true" ipc-concordant="A44C25/00" c-set-base-allowed="false" c-set-subsequent-allowed="true" date-revised="2013-01-01" status="published"><classification-symbol>A44C25/007</classification-symbol><class-title date-revised="2013-01-01"><title-part><CPC-specific-text><text>Charms or amulets</text></CPC-specific-text></title-part></class-title></classification-item>
<classification-item breakdown-code="false" not-allocatable="false" level="8" additional-only="false" sort-key="A44C25/008" definition-exists="false" ipc-concordant="A44C25/00" c-set-base-allowed="false" c-set-subsequent-allowed="true" date-revised="2013-01-01" status="published"><classification-symbol>A44C25/008</classification-symbol><class-title date-revised="2013-01-01"><title-part><CPC-specific-text><text>Jewellery worn on collars, e.g. on shirts </text><reference><text>brooches <class-ref scheme="cpc">A44C1/00</class-ref></text></reference></CPC-specific-text></title-part></class-title></classification-item></classification-item>
<classification-item breakdown-code="false" not-allocatable="false" level="7" additional-only="false" sort-key="A44C27/00" definition-exists="true" ipc-concordant="A44C27/00" c-set-base-allowed="false" c-set-subsequent-allowed="true" date-revised="2018-08-01" status="published"><classification-symbol>A44C27/00</classification-symbol><class-title date-revised="2018-08-01"><title-part><text>Making jewellery or other personal adornments</text></title-part></class-title>
<classification-item breakdown-code="false" not-allocatable="false" level="8" additional-only="false" sort-key="A44C27/001" definition-exists="true" ipc-concordant="A44C27/00" c-set-base-allowed="false" c-set-subsequent-allowed="true" date-revised="2013-01-01" status="published"><classification-symbol>A44C27/001</classification-symbol><class-title date-revised="2013-01-01"><title-part><CPC-specific-text><text>Materials for manufacturing jewellery</text></CPC-specific-text></title-part></class-title>
<classification-item breakdown-code="false" not-allocatable="false" level="9" additional-only="false" sort-key="A44C27/002" definition-exists="false" ipc-concordant="A44C27/00" c-set-base-allowed="false" c-set-subsequent-allowed="true" date-revised="2013-01-01" status="published"><classification-symbol>A44C27/002</classification-symbol><class-title date-revised="2013-01-01"><title-part><CPC-specific-text><text>Metallic materials </text><reference><text><class-ref scheme="cpc">A44C27/006</class-ref> takes precedence</text></reference></CPC-specific-text></title-part></class-title>
<classification-item breakdown-code="false" not-allocatable="false" level="10" additional-only="false" sort-key="A44C27/003" definition-exists="true" ipc-concordant="A44C27/00" c-set-base-allowed="false" c-set-subsequent-allowed="true" date-revised="2013-01-01" status="published"><classification-symbol>A44C27/003</classification-symbol><class-title date-revised="2013-01-01"><title-part><CPC-specific-text><text>Metallic alloys </text><reference><text>alloys in general <class-ref scheme="cpc">C22C</class-ref></text></reference></CPC-specific-text></title-part></class-title></classification-item></classification-item>
<classification-item breakdown-code="false" not-allocatable="false" level="9" additional-only="false" sort-key="A44C27/005" definition-exists="true" ipc-concordant="A44C27/00" c-set-base-allowed="false" c-set-subsequent-allowed="true" date-revised="2013-01-01" status="published"><classification-symbol>A44C27/005</classification-symbol><class-title date-revised="2013-01-01"><title-part><CPC-specific-text><text>Coating layers for jewellery</text></CPC-specific-text></title-part></class-title>
<classification-item breakdown-code="false" not-allocatable="false" level="10" additional-only="false" sort-key="A44C27/006" definition-exists="true" ipc-concordant="A44C27/00" c-set-base-allowed="false" c-set-subsequent-allowed="true" date-revised="2013-01-01" status="published"><classification-symbol>A44C27/006</classification-symbol><class-title date-revised="2013-01-01"><title-part><CPC-specific-text><text>Metallic coatings</text></CPC-specific-text></title-part></class-title></classification-item>
<classification-item breakdown-code="false" not-allocatable="false" level="10" additional-only="false" sort-key="A44C27/007" definition-exists="false" ipc-concordant="A44C27/00" c-set-base-allowed="false" c-set-subsequent-allowed="true" date-revised="2013-01-01" status="published"><classification-symbol>A44C27/007</classification-symbol><class-title date-revised="2013-01-01"><title-part><CPC-specific-text><text>Non-metallic coatings</text></CPC-specific-text></title-part></class-title></classification-item></classification-item>
<classification-item breakdown-code="false" not-allocatable="false" level="9" additional-only="false" sort-key="A44C27/008" definition-exists="false" ipc-concordant="A44C27/00" c-set-base-allowed="false" c-set-subsequent-allowed="true" date-revised="2013-01-01" status="published"><classification-symbol>A44C27/008</classification-symbol><class-title date-revised="2013-01-01"><title-part><CPC-specific-text><text>having shape memory behavior</text></CPC-specific-text></title-part></class-title></classification-item></classification-item></classification-item></classification-item></classification-item></class-scheme>