<?xml version="1.0" encoding="UTF-8"?>
<class-scheme publication-date="2023-08-01" scheme-type="cpc" publication-type="official">
<classification-item breakdown-code="false" not-allocatable="true" level="5" additional-only="false" sort-key="B41D" definition-exists="true" date-revised="2018-08-01" status="published"><classification-symbol>B41D</classification-symbol><class-title date-revised="2013-01-01"><title-part><text>APPARATUS FOR THE MECHANICAL REPRODUCTION OF PRINTING SURFACES FOR STEREOTYPE PRINTING</text></title-part><title-part><text>SHAPING ELASTIC OR DEFORMABLE MATERIAL TO FORM PRINTING SURFACES </text><reference><CPC-specific-text><text>engraving by spark erosion <class-ref scheme="cpc">B23H</class-ref>;</text></CPC-specific-text><text> marking or engraving metal by the action of a high concentration of electric current <class-ref scheme="cpc">B23H9/06</class-ref>; type, machines or accessories for making, setting, or distributing type <class-ref scheme="cpc">B41B</class-ref>; processes for the manufacture or reproduction of printing surfaces <class-ref scheme="cpc">B41C</class-ref>; machines or apparatus for engraving in general, or for embossing <class-ref scheme="cpc">B44B3/00</class-ref>, <class-ref scheme="cpc">B44B5/00</class-ref>; chemical etching of metal <class-ref scheme="cpc">C23F1/00</class-ref>; electrolytic etching <class-ref scheme="cpc">C25F3/00</class-ref>; photomechanical reprodcution <class-ref scheme="cpc">G03F</class-ref></text></reference></title-part></class-title><notes-and-warnings><note type="warning"><note-paragraph>In this subclass non-limiting references (in the sense of paragraph 39 of the Guide to the IPC) may still be displayed in the scheme.</note-paragraph></note></notes-and-warnings>
<classification-item breakdown-code="false" not-allocatable="true" level="6" additional-only="false" sort-key="B41D1/00" date-revised="2013-01-01" status="published"><classification-symbol>B41D1/00</classification-symbol>
<classification-item breakdown-code="false" not-allocatable="false" level="7" additional-only="false" sort-key="B41D1/00" definition-exists="true" ipc-concordant="B41D1/00" c-set-base-allowed="false" c-set-subsequent-allowed="true" date-revised="2017-08-01" status="published"><classification-symbol>B41D1/00</classification-symbol><class-title date-revised="2017-08-01"><title-part><text>Preparing or treating stereotype matrices</text></title-part></class-title>
<classification-item breakdown-code="false" not-allocatable="false" level="8" additional-only="false" sort-key="B41D1/02" definition-exists="false" ipc-concordant="B41D1/02" c-set-base-allowed="false" c-set-subsequent-allowed="true" date-revised="2013-01-01" status="published"><classification-symbol>B41D1/02</classification-symbol><class-title date-revised="2013-01-01"><title-part><text>using brushes</text></title-part></class-title></classification-item>
<classification-item breakdown-code="false" not-allocatable="false" level="8" additional-only="false" sort-key="B41D1/04" definition-exists="false" ipc-concordant="B41D1/04" c-set-base-allowed="false" c-set-subsequent-allowed="true" date-revised="2013-01-01" status="published"><classification-symbol>B41D1/04</classification-symbol><class-title date-revised="2013-01-01"><title-part><text>using cylinders or rollers</text></title-part></class-title></classification-item>
<classification-item breakdown-code="false" not-allocatable="false" level="8" additional-only="false" sort-key="B41D1/06" definition-exists="false" ipc-concordant="B41D1/06" c-set-base-allowed="false" c-set-subsequent-allowed="true" date-revised="2013-01-01" status="published"><classification-symbol>B41D1/06</classification-symbol><class-title date-revised="2013-01-01"><title-part><text>using presses, e.g. toggle or like lever-and-link type presses</text></title-part></class-title>
<classification-item breakdown-code="false" not-allocatable="false" level="9" additional-only="false" sort-key="B41D1/08" definition-exists="false" ipc-concordant="B41D1/08" c-set-base-allowed="false" c-set-subsequent-allowed="true" date-revised="2013-01-01" status="published"><classification-symbol>B41D1/08</classification-symbol><class-title date-revised="2013-01-01"><title-part><text>using hydraulic presses</text></title-part></class-title></classification-item></classification-item>
<classification-item breakdown-code="false" not-allocatable="false" level="8" additional-only="false" sort-key="B41D1/10" definition-exists="false" ipc-concordant="B41D1/10" c-set-base-allowed="false" c-set-subsequent-allowed="true" date-revised="2017-08-01" status="published"><classification-symbol>B41D1/10</classification-symbol><class-title date-revised="2017-08-01"><title-part><text>Performing secondary operations on matrices</text></title-part></class-title>
<classification-item breakdown-code="false" not-allocatable="false" level="9" additional-only="false" sort-key="B41D1/12" definition-exists="false" ipc-concordant="B41D1/12" c-set-base-allowed="false" c-set-subsequent-allowed="true" date-revised="2013-01-01" status="published"><classification-symbol>B41D1/12</classification-symbol><class-title date-revised="2013-01-01"><title-part><text>Humidifying or moistening</text></title-part></class-title></classification-item>
<classification-item breakdown-code="false" not-allocatable="false" level="9" additional-only="false" sort-key="B41D1/14" definition-exists="false" ipc-concordant="B41D1/14" c-set-base-allowed="false" c-set-subsequent-allowed="true" date-revised="2013-01-01" status="published"><classification-symbol>B41D1/14</classification-symbol><class-title date-revised="2013-01-01"><title-part><text>Drying</text></title-part></class-title></classification-item></classification-item></classification-item></classification-item>
<classification-item breakdown-code="false" not-allocatable="true" level="6" additional-only="false" sort-key="B41D3/00" date-revised="2013-01-01" status="published"><classification-symbol>B41D3/00</classification-symbol><class-title date-revised="2013-01-01"><title-part><text>Producing printing surfaces</text></title-part></class-title>
<classification-item breakdown-code="false" not-allocatable="false" level="7" additional-only="false" sort-key="B41D3/00" definition-exists="true" ipc-concordant="B41D3/00" c-set-base-allowed="false" c-set-subsequent-allowed="true" date-revised="2017-08-01" status="published"><classification-symbol>B41D3/00</classification-symbol><class-title date-revised="2017-08-01"><title-part><text>Casting stereotype plates</text></title-part><title-part><text>Machines, moulds, or devices therefor</text></title-part></class-title>
<classification-item breakdown-code="false" not-allocatable="false" level="8" additional-only="false" sort-key="B41D3/02" definition-exists="false" ipc-concordant="B41D3/02" c-set-base-allowed="false" c-set-subsequent-allowed="true" date-revised="2013-01-01" status="published"><classification-symbol>B41D3/02</classification-symbol><class-title date-revised="2013-01-01"><title-part><text>Horizontal moulds for casting flat plates</text></title-part></class-title></classification-item>
<classification-item breakdown-code="false" not-allocatable="false" level="8" additional-only="false" sort-key="B41D3/04" definition-exists="false" ipc-concordant="B41D3/04" c-set-base-allowed="false" c-set-subsequent-allowed="true" date-revised="2013-01-01" status="published"><classification-symbol>B41D3/04</classification-symbol><class-title date-revised="2013-01-01"><title-part><text>Moulds, e.g. horizontal, for casting curved, e.g. semi-cylindrical, plates</text></title-part></class-title>
<classification-item breakdown-code="false" not-allocatable="false" level="9" additional-only="false" sort-key="B41D3/06" definition-exists="false" ipc-concordant="B41D3/06" c-set-base-allowed="false" c-set-subsequent-allowed="true" date-revised="2013-01-01" status="published"><classification-symbol>B41D3/06</classification-symbol><class-title date-revised="2013-01-01"><title-part><text>Vertical moulds</text></title-part></class-title></classification-item></classification-item>
<classification-item breakdown-code="false" not-allocatable="false" level="8" additional-only="false" sort-key="B41D3/08" definition-exists="false" ipc-concordant="B41D3/08" c-set-base-allowed="false" c-set-subsequent-allowed="true" date-revised="2013-01-01" status="published"><classification-symbol>B41D3/08</classification-symbol><class-title date-revised="2013-01-01"><title-part><text>Moulds, e.g. horizontal, for casting tubular, i.e. cylindrical, plates</text></title-part></class-title>
<classification-item breakdown-code="false" not-allocatable="false" level="9" additional-only="false" sort-key="B41D3/10" definition-exists="false" ipc-concordant="B41D3/10" c-set-base-allowed="false" c-set-subsequent-allowed="true" date-revised="2017-08-01" status="published"><classification-symbol>B41D3/10</classification-symbol><class-title date-revised="2017-08-01"><title-part><text>Vertical moulds</text></title-part></class-title></classification-item></classification-item>
<classification-item breakdown-code="false" not-allocatable="false" level="8" additional-only="false" sort-key="B41D3/12" definition-exists="false" ipc-concordant="B41D3/12" c-set-base-allowed="false" c-set-subsequent-allowed="true" date-revised="2013-01-01" status="published"><classification-symbol>B41D3/12</classification-symbol><class-title date-revised="2013-01-01"><title-part><text>Multiple mould stereotype casting machines</text></title-part></class-title></classification-item>
<classification-item breakdown-code="false" not-allocatable="false" level="8" additional-only="false" sort-key="B41D3/14" definition-exists="false" ipc-concordant="B41D3/14" c-set-base-allowed="false" c-set-subsequent-allowed="true" date-revised="2013-01-01" status="published"><classification-symbol>B41D3/14</classification-symbol><class-title date-revised="2013-01-01"><title-part><text>Details</text></title-part></class-title>
<classification-item breakdown-code="false" not-allocatable="false" level="9" additional-only="false" sort-key="B41D3/16" definition-exists="false" ipc-concordant="B41D3/16" c-set-base-allowed="false" c-set-subsequent-allowed="true" date-revised="2013-01-01" status="published"><classification-symbol>B41D3/16</classification-symbol><class-title date-revised="2013-01-01"><title-part><text>Matrix clamps</text></title-part></class-title></classification-item>
<classification-item breakdown-code="false" not-allocatable="false" level="9" additional-only="false" sort-key="B41D3/18" definition-exists="false" ipc-concordant="B41D3/18" c-set-base-allowed="false" c-set-subsequent-allowed="true" date-revised="2013-01-01" status="published"><classification-symbol>B41D3/18</classification-symbol><class-title date-revised="2013-01-01"><title-part><text>Devices for closing or opening moulds</text></title-part></class-title></classification-item>
<classification-item breakdown-code="false" not-allocatable="false" level="9" additional-only="false" sort-key="B41D3/20" definition-exists="false" ipc-concordant="B41D3/20" c-set-base-allowed="false" c-set-subsequent-allowed="true" date-revised="2013-01-01" status="published"><classification-symbol>B41D3/20</classification-symbol><class-title date-revised="2013-01-01"><title-part><text>Melting pots</text></title-part></class-title>
<classification-item breakdown-code="false" not-allocatable="false" level="10" additional-only="false" sort-key="B41D3/22" definition-exists="false" ipc-concordant="B41D3/22" c-set-base-allowed="false" c-set-subsequent-allowed="true" date-revised="2013-01-01" status="published"><classification-symbol>B41D3/22</classification-symbol><class-title date-revised="2013-01-01"><title-part><text>with pumps for conveying the molten metal into the casting chambers or boxes</text></title-part></class-title></classification-item>
<classification-item breakdown-code="false" not-allocatable="false" level="10" additional-only="false" sort-key="B41D3/24" definition-exists="false" ipc-concordant="B41D3/24" c-set-base-allowed="false" c-set-subsequent-allowed="true" date-revised="2013-01-01" status="published"><classification-symbol>B41D3/24</classification-symbol><class-title date-revised="2013-01-01"><title-part><text>with control valves</text></title-part></class-title></classification-item>
<classification-item breakdown-code="false" not-allocatable="false" level="10" additional-only="false" sort-key="B41D3/26" definition-exists="false" ipc-concordant="B41D3/26" c-set-base-allowed="false" c-set-subsequent-allowed="true" date-revised="2013-01-01" status="published"><classification-symbol>B41D3/26</classification-symbol><class-title date-revised="2013-01-01"><title-part><text>with devices for stirring the molten metal</text></title-part></class-title></classification-item></classification-item>
<classification-item breakdown-code="false" not-allocatable="false" level="9" additional-only="false" sort-key="B41D3/28" definition-exists="false" ipc-concordant="B41D3/28" c-set-base-allowed="false" c-set-subsequent-allowed="true" date-revised="2013-01-01" status="published"><classification-symbol>B41D3/28</classification-symbol><class-title date-revised="2013-01-01"><title-part><text>Devices for cooling the moulds</text></title-part></class-title></classification-item></classification-item></classification-item>
<classification-item breakdown-code="false" not-allocatable="false" level="7" additional-only="false" sort-key="B41D5/00" definition-exists="true" ipc-concordant="B41D5/00" c-set-base-allowed="false" c-set-subsequent-allowed="true" date-revised="2013-01-01" status="published"><classification-symbol>B41D5/00</classification-symbol><class-title date-revised="2013-01-01"><title-part><text>Working, treating, or handling stereotype plates</text></title-part></class-title>
<classification-item breakdown-code="false" not-allocatable="false" level="8" additional-only="false" sort-key="B41D5/02" definition-exists="false" ipc-concordant="B41D5/02" c-set-base-allowed="false" c-set-subsequent-allowed="true" date-revised="2013-01-01" status="published"><classification-symbol>B41D5/02</classification-symbol><class-title date-revised="2013-01-01"><title-part><text>by bending</text></title-part></class-title></classification-item>
<classification-item breakdown-code="false" not-allocatable="false" level="8" additional-only="false" sort-key="B41D5/04" definition-exists="false" ipc-concordant="B41D5/04" c-set-base-allowed="false" c-set-subsequent-allowed="true" date-revised="2013-01-01" status="published"><classification-symbol>B41D5/04</classification-symbol><class-title date-revised="2013-01-01"><title-part><text>of flat plates</text></title-part></class-title></classification-item>
<classification-item breakdown-code="false" not-allocatable="false" level="8" additional-only="false" sort-key="B41D5/06" definition-exists="false" ipc-concordant="B41D5/06" c-set-base-allowed="false" c-set-subsequent-allowed="true" date-revised="2013-01-01" status="published"><classification-symbol>B41D5/06</classification-symbol><class-title date-revised="2013-01-01"><title-part><text>of curved plates</text></title-part></class-title></classification-item></classification-item>
<classification-item breakdown-code="false" not-allocatable="false" level="7" additional-only="false" sort-key="B41D7/00" definition-exists="true" ipc-concordant="B41D7/00" c-set-base-allowed="false" c-set-subsequent-allowed="true" date-revised="2013-01-01" status="published"><classification-symbol>B41D7/00</classification-symbol><class-title date-revised="2013-01-01"><title-part><text>Shaping elastic or deformable material, e.g. rubber, plastics material, to form printing surfaces </text><reference><text>making rubber printing blocks <class-ref scheme="cpc">B41C3/04</class-ref></text></reference></title-part></class-title>
<classification-item breakdown-code="false" not-allocatable="false" level="8" additional-only="false" sort-key="B41D7/02" definition-exists="false" ipc-concordant="B41D7/02" c-set-base-allowed="false" c-set-subsequent-allowed="true" date-revised="2013-01-01" status="published"><classification-symbol>B41D7/02</classification-symbol><class-title date-revised="2013-01-01"><title-part><text>by impression</text></title-part></class-title></classification-item>
<classification-item breakdown-code="false" not-allocatable="false" level="8" additional-only="false" sort-key="B41D7/04" definition-exists="false" ipc-concordant="B41D7/04" c-set-base-allowed="false" c-set-subsequent-allowed="true" date-revised="2013-01-01" status="published"><classification-symbol>B41D7/04</classification-symbol><class-title date-revised="2013-01-01"><title-part><text>Forming printing surfaces by covering printing forms with a thin elastic skin, e.g. rubber foil, and retaining the latter thereon</text></title-part><title-part><text>Obtaining reduced or enlarged printing surfaces by using thin elastic transfer foils </text><reference><text>pantographic instruments for copying, reducing, or enlarging <class-ref scheme="cpc">B43L13/10</class-ref></text></reference></title-part></class-title></classification-item></classification-item>
<classification-item breakdown-code="false" not-allocatable="false" level="7" additional-only="false" sort-key="B41D99/00" definition-exists="true" ipc-concordant="B41D99/00" c-set-base-allowed="false" c-set-subsequent-allowed="true" date-revised="2013-01-01" status="published"><classification-symbol>B41D99/00</classification-symbol><class-title date-revised="2013-01-01"><title-part><text>Subject matter not provided for in other groups of this subclass</text></title-part></class-title></classification-item></classification-item></classification-item></class-scheme>